Keyword,Search Volume,Ranking Difficulty,Total Monthly Clicks,Mobile Search Percent,Desktop Search Percent,Searches Not Clicked Percent,Paid Clicks Percent,Organic Clicks Percent,Broad Cost Per Click,Phrase Cost Per Click,Exact Cost Per Click,Broad Monthly Clicks,Phrase Monthly Clicks,Exact Monthly Clicks,Broad Monthly Cost,Phrase Monthly Cost,Exact Monthly Cost,Ads,Number of Ranking Homepages,SERP Features CSV,SERP First Result,Is Question?,Is Not Safe For Work?,Current SERP (1),Previous SERP (2),Past SERP (3),Past SERP (4),Past SERP (5),Past SERP (6)
water filter,5400,55,2400,0.52966017021717,0.47033982978283,0.554294478527607,0.337921541521706,0.662078458134178,1.34,,1.34,14,,14,4022.14,,4022.14,44,28,,waterfilter.au,False,False,"filtersystemsaustralia.com.au, wateranalytics.com.au, google.com, inflowfilter.com, waterscoaustralia.com.au, purewatersystems.com.au, ecobud.com.au, zipwater.com, waterdropfilter.com.au, philips.com.au, carawater.com.au, culligan.com.au, kynandfolk.com, filteredwatersolutions.com.au, filpure.com.au, cleanandclearwater.com.au, aquaserve.com.au, waterfilter.net.au, tappwater.com.au, networkplumbing.com.au, lordsplumbing.com.au","filpure.com.au, filteredwatersolutions.com.au, cleanandclearwater.com.au, culligan.com.au, filtersystemsaustralia.com.au, wateranalytics.com.au, philips.com.au, kynandfolk.com, waterscoaustralia.com.au, waterdropfilter.com.au, wellverti.com.au, alkaviva.com.au, novoh2o.com.au, roseplumbing.com.au, lordsplumbing.com.au, greatwaterfilters.com.au, zazenalkalinewater.com.au, google.com","leafhomewatersolutions.com, springwellwater.com, hydroviv.com, waterfilter.net.au, filtersystemsaustralia.com.au, titanwatersolutions.com, waterscoaustralia.com.au, kynandfolk.com, novoh2o.com.au, lordsplumbing.com.au, wellverti.com.au, cleanandclearwater.com.au, purezafilters.com, 43water.com, kindwater.com, tampaculligan.com, goodlifec.netlify.app","completehomefiltration.com.au, culligan.com.au, filtersystemsaustralia.com.au, purezafilters.com, springwellwater.com, kindwater.com, aquacoolerdirect.com.au, leafhomewatersolutions.com, wateranalytics.com.au, novoh2o.com.au, alkaviva.com.au","leafhomewatersolutions.com, waterfilter.com.au, flowpure.com, carawater.com.au, novoh2o.com.au, wateranalytics.com.au, waterfilter.net.au, filpure.com.au, waterscoaustralia.com.au, kindwater.com, filtersystemsaustralia.com.au, ecobud.com.au, springwellwater.com, drinkflowater.com","cleannectarine.com.au, filtersystemsaustralia.com.au, home-water-filtration.com, leafhomewatersolutions.com, kindwater.com"
hot water system,2600,65,1100,0.30808,0.69192,0.56,,,6.07,,6.07,8,,8,4635.35,,4635.35,127,24,,yourhome.gov.au,False,False,"fallonsolutions.com.au, precisionpipes.com.au, brisbanehotwaterservices.com.au, mrflowemergencyplumber.com.au, cleanandclearplumbing.com.au, fasthotwater.com.au, fixnflowhotwater.com.au, penrithhotwatersystems.au, servicetoday.com.au, hotwaterplumber.au, google.com, 247northmelbourneplumber.com.au, phwservices.com.au, yourfamilyplumbers.com.au, penrithhotwatersystem.com.au, dobbiesplumbing.com.au, abaplumbing.com.au, sosplumbingandgas.com.au, adelaidewesthotwater.com.au, nardiplumbingsydney.com.au, rheem.com.au, majesticplumbingservices.com.au, sydneyplumbinghotwater.com.au, irwinsplumbing.com.au, baysidelocalplumber.com.au, 1stchoicehotwater.com.au, installedtoday.com.au, qplumbinglocal.com.au, hitechhotwater.com.au, localplumbingheroes.com.au, mintplumbingandrelining.com.au, wilcoplumbing.com.au, theplumbinggang.com, salmonplumbing.com.au, ufoplumbing.com.au, adelaidehotwater.net.au, jaycoplumbing.com.au, todayplumbing.au, trubluplumbinggroup.com.au","evoheat.com.au, fasthotwater.com.au, brisbanehotwaterservices.com.au, agl.com.au, bunnings.com.au, penrithhotwatersystem.com.au, rheem.com.au, servicetoday.com.au, fixnflowhotwater.com.au, penrithhotwatersystems.au, majesticplumbingservices.com.au, wilcoplumbing.com.au, hotwatertek.com.au, plumbinganddrainstoday.com.au, flussoplumbing.com.au, taiirwin.com.au, cleanandclearplumbing.com.au, localplumbingheroes.com.au, malvernplumber.com.au, irwinsplumbing.com.au, myxpertplumber.com.au, ontimeplumbingmelb.com.au, 247northmelbourneplumber.com.au, kingandsonsplumbing.com.au, fallonsolutions.com.au, carbonsavers.com.au, australiangreensolution.com.au, solarrun.com.au, hiltonplumbing.com.au, solahartgoldcoast.com.au, theplumbinggang.com, brisbaneflowplumbing.com.au, speedyhotwater.com.au, salmonplumbing.com.au, hotwaterplumber.au, mrflowplumbing.com.au, ampleair.com.au, frankstonlocalplumbing.com.au, 1stchoicehotwater.com.au, qplumbinglocal.com.au, jrgasandwater.com.au, google.com, phwservices.com.au, adelaidehotwater.net.au","solahart.com.au, sanden-hot-water.com.au, samedayhotwaterservice.com.au, carbonsavers.com.au, rheem.com.au, baysidelocalplumber.com.au, vichotwater.com.au, fixnflowhotwater.com.au, acplumbing.com.au, 1stchoicehotwater.com.au, speedyhotwater.com.au, allianceplumbing.au, brisbanehotwaterplumbers.com.au, goodhewsolar.com.au, installedtoday.com.au, bunnings.com.au, theplumbinggang.com, evoheat.com.au, brisbaneflowplumbing.com.au, suncityhotwater.com.au, trendhs.com.au, servicetoday.com.au, fasthotwater.com.au, optimisedplumbingservices.com.au, penrithhotwatersystem.com.au, penrithhotwatersystems.au, champion-plumbing.com.au, hotwaterplumber.au, penrithcityplumbingservices.com.au, mrflowplumbing.com.au, e-greenelectrical.com.au, fixnflow.com.au, useprofessionaltrades.com.au, rightnowplumbingadelaide.com.au, levelau.com.au, calladelaideexpertplumbing.com.au, hotwatertek.com.au, irwinsplumbing.com.au, abaplumbing.com.au, majesticplumbingservices.com.au, thehotwatergang.com.au, fallonsolutions.com.au, callreliabletradies.com.au, reece.com.au, hiltonplumbing.com.au, phwservices.com.au, wilcoplumbing.com.au, friendlyplumbing.com.au, 1upplumbing.com.au, yourfamilyplumbers.com.au","bunnings.com.au, wateranalytics.com.au, rinnai.com.au, penrithhotwatersystem.com.au, fixnflow.com.au, fasthotwater.com.au, penrithhotwatersystems.au, useprofessionaltrades.com.au, theplumbinggang.com, solahart.com.au, rheem.com.au, installedtoday.com.au, servicetoday.com.au, fixnflowhotwater.com.au, hitechhotwater.com.au, majesticplumbingservices.com.au, hotwater.com.au, acplumbing.com.au, drleakplumbingqld.com.au, callreliabletradies.com.au, wilcoplumbing.com.au, optimisedplumbingservices.com.au, champion-plumbing.com.au, 1stchoicehotwater.com.au, brisbanehotwaterservices.com.au, irwinsplumbing.com.au, plumbernearyou.com.au, solutionsplumbing.com.au, morrisonsplumbingsolutions.com, powerbay.com.au, newcastlehotwaterrepairs.com.au, fluidplumbingservices.com.au, jetsetplumbingsydney.com.au, carbonsavers.com.au, hotwatersolutionswa.com.au, haierhome.com.au, urbanfuture.com.au, vichotwater.com.au, ontimeplumbingmelb.com.au, plumbchoice.au, energyupgrader.com.au, australiangreensolution.com.au, westcoasttrades.com.au, rightnowplumbingadelaide.com.au, lpage.com.au, coffsharbourplumber.com.au, brisbaneflowplumbing.com.au, spsplumbers.com.au, hatsplumbinggroup.com.au, networkplumbing.com.au, yourfamilyplumbers.com.au","fasthotwater.com.au, fixnflowhotwater.com.au, servicetoday.com.au, rheem.com.au, fixnflow.com.au, penrithhotwatersystems.au, hitechhotwater.com.au, optimisedplumbingservices.com.au, thedrainmate.com.au, appeservices.com.au, theplumbinggang.com, solahartsunshinecoast.com.au, hotwatertek.com.au, fallonsolutions.com.au, penrithhotwatersystem.com.au, westcoasttrades.com.au, wilcoplumbing.com.au, calladelaideexpertplumbing.com.au, vichotwater.com.au, kingandsonsplumbing.com.au, solutionsplumbing.com.au, triplezeroplumbing.com.au, crawfordplumbingvic.com.au, australiangreensolution.com.au, fast-hotwater.com.au, ontimeplumbingmelb.com.au, melbplumbservices.com.au, pagetradie.com.au, territorywater.com.au, rinnai.com.au, majesticplumbingservices.com.au, mrflowplumbing.com.au, irwinsplumbing.com.au, pgmplumbing.com.au, hotwatersolutionswa.com.au","carbonsavers.com.au, triplezeroplumbing.com.au, australiangreensolution.com.au, abaplumbing.com.au, irwinsplumbing.com.au, bunnings.com.au, samedayhotwaterservice.com.au"
water purifier,1800,52,780,0.597506951775566,0.402493048224433,0.566824644549763,0.380743982077961,0.619256016827948,1.48,,1.48,4,,4,999.5,,999.5,40,22,,joycemayne.com.au,False,False,"philips.com.au, waterdropfilter.com.au, smarth2o.com.au, thewaterfiltrationcompany.com.au, waterscoaustralia.com.au, inflowfilter.com, purewaterfiltration.com.au, kynandfolk.com, filtersystemsaustralia.com.au, google.com, purewatersystems.com.au, aquaserve.com.au, completehomefiltration.com.au, aquaguarduae.com, filpure.com.au, amazon.com.au","novoh2o.com.au, waterdropfilter.com.au, purewatersystems.com.au, waterscoaustralia.com.au, smarth2o.com.au, alkaviva.com.au, filtersystemsaustralia.com.au, cleanandclearwater.com.au, filteredwatersolutions.com.au, purewaterfiltration.com.au, wateranalytics.com.au, mrsplashplumbing.com.au, filpure.com.au, kynandfolk.com, google.com, completehomefiltration.com.au","hytekwaterconditioningfl.com, rorra.com, waterscoaustralia.com.au, 43water.com, titanwatersolutions.com, atlanticfilterpolk.com, theh2oheroes.com, leafhomewatersolutions.com, novoh2o.com.au, cleanandclearwater.com.au","hytekwaterconditioningfl.com, purevivausa.com, culligan.com, leafhomewatersolutions.com, acquivaro.com, purewaterfiltration.com.au, clearhavenwaterfiltration.com.au, filtersystemsaustralia.com.au","leafhomewatersolutions.com, home-water-filtration.com, hytekwaterconditioningfl.com, drinkflowater.com, tampaculligan.com, wisewell.com","home-water-filtration.com, kindwater.com"
solar hot water system,1400,22,900,0.478173947487551,0.521826052512449,0.377659574468085,0.222222220322887,0.777777771130104,5.73,,5.73,4,,4,2210.14,,2210.14,72,2,,solahart.com.au,False,False,"fallonsolutions.com.au, nepeansolar.com.au, emergencyhomeservices.com.au, fasthotwater.com.au, penrithhotwatersystems.au, wilcoplumbing.com.au, solahart.com.au, solarwaterwind.com.au, servicetoday.com.au, google.com, penrithhotwatersystem.com.au, prestigeplumbingact.com.au, suncityhotwater.com.au, majesticplumbingservices.com.au, solarwise.com.au, qplumbinglocal.com.au, rheem.com.au, solarhotwaterparts.com.au, abplumbingandsolar.com.au, localplumbingheroes.com.au, solarrun.com.au, mr247localplumbers.com.au, phwservices.com.au, hitechhotwater.com.au, envirosun.au, hotwater2u.com.au, acthotwater.com.au","solahart.com.au, fasthotwater.com.au, rheem.com.au, penrithhotwatersystems.au, emergencyhomeservices.com.au, hitechhotwater.com.au, penrithhotwatersystem.com.au, google.com, solarpluselectrical.com.au, solarwaterwind.com.au, servicetoday.com.au, wilcoplumbing.com.au, mrflowplumbing.com.au, solahartgoldcoast.com.au, solarhotwaterparts.com.au, fallonsolutions.com.au, alldayplumbing.com.au, abplumbingandsolar.com.au, suncityhotwater.com.au, nepeansolar.com.au, rksolar.com.au, mrflowhotwater.com.au, localplumbingheroes.com.au, solarrun.com.au","suncityhotwater.com.au, barplumbing.com.au, rheem.com.au, solargain.com.au, emergencyhomeservices.com.au, penrithhotwatersystem.com.au, penrithhotwatersystems.au, solahart.com.au, hitechhotwater.com.au, hotwater2u.com.au, mrflowplumbing.com.au, fixnflowhotwater.com.au, solargreen.net.au, abplumbingandsolar.com.au, solarwise.com.au, callreliabletradies.com.au, brisbanehotwaterplumbers.com.au, solargalaxy.com.au, fasthotwater.com.au, agl.com.au, sanden-hot-water.com.au, dspg.com.au, jrgasandwater.com.au, solarwaterwind.com.au, fixnflow.com.au, servicetoday.com.au, mrflowhotwater.com.au","solahart.com.au, fasthotwater.com.au, hotwater2u.com.au, hitechhotwater.com.au, wilcoplumbing.com.au, hot-water-melbourne.com.au, wilsonhotwater.com.au, rheem.com.au, envirosun.au, bosspoolheating.com.au, fixnflowhotwater.com.au, mrflowplumbing.com.au, penrithhotwatersystems.au, theplumbinggang.com, brisbanehotwaterservices.com.au, solarscheme.com.au, solarwaterwind.com.au, solargain.com.au, penrithhotwatersystem.com.au, cheapahotwater.com.au, servicetoday.com.au, emergencyhomeservices.com.au, solarhotwaterparts.com.au, fixnflow.com.au, fallonsolutions.com.au","fixnflowhotwater.com.au, solahart.com.au, hitechhotwater.com.au, penrithhotwatersystems.au, solarrun.com.au, fasthotwater.com.au, rheem.com.au, brisbaneplumbinganddrainage.com.au, solarwise.com.au, solargreen.net.au, solahartsunshinecoast.com.au, penrithhotwatersystem.com.au, wilcoplumbing.com.au, acplumbing.com.au, brisbanehotwaterplumbers.com.au, suncityhotwater.com.au, solargain.com.au, solarincentives.com.au, theplumbinggang.com, phwservices.com.au, fallonsolutions.com.au, solarwaterwind.com.au, cheapahotwater.com.au, mrflowplumbing.com.au, hotwater2u.com.au, servicetoday.com.au","solargreen.net.au, brisbaneflowplumbing.com.au, abplumbingandsolar.com.au, suncityhotwater.com.au, solahartsunshinecoast.com.au, hotwaterheroes.com.au, thehotwaterco.com.au"
solar hot water,1100,20,660,0.448175956351913,0.551824043648087,0.37007874015748,0.256249998398438,0.743749995351562,5.71,,5.71,2,,2,1395.07,,1395.07,78,1,,hotwaterprofessionals.com.au,False,False,"germantech.com.au, solarhotwaterparts.com.au, solahart.com.au, emergencyhomeservices.com.au, fasthotwater.com.au, penrithhotwatersystems.au, penrithhotwatersystem.com.au, servicetoday.com.au, hitechhotwater.com.au, rheem.com.au, solarwaterwind.com.au, google.com, abplumbingandsolar.com.au, qplumbinglocal.com.au, solarwise.com.au, salmonplumbing.com.au, fallonsolutions.com.au, solarchoice.net.au, wilcoplumbing.com.au, majesticplumbingservices.com.au, 1stchoicehotwater.com.au, mr247localplumbers.com.au, nepeansolar.com.au, envirosun.au","solarhotwaterparts.com.au, solarwaterwind.com.au, penrithhotwatersystems.au, rheem.com.au, fixnflowhotwater.com.au, solarrun.com.au, fasthotwater.com.au, emergencyhomeservices.com.au, solahart.com.au, hitechhotwater.com.au, hotwaterplumber.au, hiltonplumbing.com.au, solarrepairs.com.au, intelligenelectrical.com.au, jfkelectrical.com.au, penrithhotwatersystem.com.au, thermastore.com.au, solahartgoldcoast.com.au, fallonsolutions.com.au, kelv.com.au, solarwise.com.au, callreliabletradies.com.au, theplumbinggang.com, thehotwatergang.com.au, google.com, nepeansolar.com.au","fixnflowhotwater.com.au, emergencyhomeservices.com.au, penrithhotwatersystems.au, cheapahotwater.com.au, fasthotwater.com.au, solahart.com.au, solarwaterwind.com.au, hitechhotwater.com.au, wearekpe.com.au, solargain.com.au, rheem.com.au, suncityhotwater.com.au, hotwaterheroes.com.au, solahartgoldcoast.com.au, mrflowplumbing.com.au, acplumbing.com.au, 1upplumbing.com.au, reece.com.au, green.com.au, verlek.com.au, solarrepairs.com.au, hiltonplumbing.com.au, urbanfuture.com.au, drleakplumbing.com.au, mrflowhotwater.com.au, hotwaterplumber.au","solahart.com.au, penrithhotwatersystem.com.au, solarhotwaterparts.com.au, solargreen.net.au, solahartsunshinecoast.com.au, suncityhotwater.com.au, solarwise.com.au, solargain.com.au, solarwaterwind.com.au, fasthotwater.com.au, penrithhotwatersystems.au, servicetoday.com.au, mrflowplumbing.com.au, prestigeplumbingact.com.au, thermastore.com.au, rheem.com.au, emergencyhomeservices.com.au, fixnflowhotwater.com.au, hitechhotwater.com.au, solahartgeelong.com.au, abplumbingandsolar.com.au, networkplumbing.com.au, cheapahotwater.com.au","solahart.com.au, fasthotwater.com.au, fixnflowhotwater.com.au, voltxenergy.com.au, penrithhotwatersystems.au, brisbaneplumbinganddrainage.com.au, theplumbinggang.com, germantech.com.au, phwservices.com.au, wilcoplumbing.com.au, penrithhotwatersystem.com.au, brisbanehotwaterplumbers.com.au, suncityhotwater.com.au, springers.com.au, fcsolar.com.au, hotwater2u.com.au, acplumbing.com.au, solargreen.net.au, solarwise.com.au, solarwaterwind.com.au, hitechhotwater.com.au, rheem.com.au, smartenergyanswers.com.au, daikin.com.au","suncityhotwater.com.au, thehotwaterco.com.au"
heat pump hot water,1100,22,870,,,,,,2.6,,2.6,3,,3,1225.36,,1225.36,100,2,,nsw.gov.au,False,False,"precisionpipes.com.au, thermastore.com.au, barwonheatpumps.com.au, geelongheatpumps.com.au, australiangreensolution.com.au, google.com, heatpumpcentral.com.au, fallonsolutions.com.au, solahart.com.au, hitechhotwater.com.au, evoheat.com.au, solarchoice.net.au, servicetoday.com.au, fasthotwater.com.au, firstchoiceplumbingcanberra.com.au, reece.com.au, penrithhotwatersystem.com.au, e-greenelectrical.com.au, penrithhotwatersystems.au, brisbanehotwaterservices.com.au, beelplumbing.com.au, brisbanehotwaterplumbers.com.au, qplumbinglocal.com.au, salmonplumbing.com.au, acplumbing.com.au, hotwater.com.au, nardiplumbingsydney.com.au, agl.com.au, phwservices.com.au, appliancesonline.com.au, andrewevansplumbing.com.au, haierhome.com.au, daikin.com.au, majesticplumbingservices.com.au, optenergy.com.au, adelaidewesthotwater.com.au, mr247localplumbers.com.au, localplumbingheroes.com.au, accreditedpower.com.au","bayplumbingdrainage.com.au, thermastore.com.au, heatpumpcentral.com.au, geelongheatpumps.com.au, penrithhotwatersystem.com.au, hitechhotwater.com.au, daikin.com.au, fasthotwater.com.au, 1upplumbing.com.au, e-greenelectrical.com.au, solahart.com.au, penrithhotwatersystems.au, accreditedpower.com.au, fallonsolutions.com.au, prestigeplumbingact.com.au, evoheat.com.au, acplumbing.com.au, powerbay.com.au, penrithcityplumbingservices.com.au, australiangreensolution.com.au, toohottohandle.com.au, carbonsavers.com.au, baysideachw.com, energyupgrader.com.au, octopus.energy, wilcoplumbing.com.au, agl.com.au, westmelbourneplumbing.com.au, 24hourplumbing.net.au, goldsure.com.au, ampleair.com.au, yourfamilyplumbers.com.au, salmonplumbing.com.au, jrgasandwater.com.au, 1stchoicehotwater.com.au, theplumbinggang.com, geelonghotwatergroup.com.au, appliancesonline.com.au, mhiaa.com.au, phwservices.com.au, madimack.com","hitechhotwater.com.au, fasthotwater.com.au, evoheat.com.au, australiangreensolution.com.au, solarchoice.net.au, geelongheatpumps.com.au, solahart.com.au, penrithcityplumbingservices.com.au, daikin.com.au, hinchplumbing.com, toohottohandle.com.au, mrflowplumbing.com.au, fixnflow.com.au, reece.com.au, networkplumbing.com.au, penrithhotwatersystems.au, heatpumpcentral.com.au, acplumbing.com.au, wilcoplumbing.com.au, carbonsavers.com.au, 1upplumbing.com.au, servicetoday.com.au, thermastore.com.au, energyupgrader.com.au, drleakplumbingqld.com.au, penrithhotwatersystem.com.au, accreditedpower.com.au, yourfamilyplumbers.com.au, hotwater2u.com.au, wateranalytics.com.au, drleakplumbing.com.au, localplumbingheroes.com.au, mrflowhotwater.com.au, majesticplumbingservices.com.au, haierhome.com.au, sydneywidehotwater.com.au, hotwaterplumber.au","useprofessionaltrades.com.au, hotwater.com.au, fixnflow.com.au, wilcoplumbing.com.au, penrithhotwatersystem.com.au, wateranalytics.com.au, agl.com.au, penrithhotwatersystems.au, solahart.com.au, hitechhotwater.com.au, reece.com.au, powerbay.com.au, fasthotwater.com.au, evoheat.com.au, servicetoday.com.au, theplumbinggang.com, salmonplumbing.com.au, speedyhotwater.com.au, gstore.com.au, rheem.com.au, geelongheatpumps.com.au, carbonsavers.com.au, energyupgrader.com.au, solarchoice.net.au, mrflowplumbing.com.au, acplumbing.com.au, australiangreensolution.com.au, obrien.com.au, green.com.au, hiltonplumbing.com.au, haierhome.com.au, daikin.com.au, accreditedpower.com.au, adelaidewesthotwater.com.au, appliancesonline.com.au, plumbchoice.au, toohottohandle.com.au, brisbaneplumbinganddrainage.com.au, 1stchoicehotwater.com.au, thermastore.com.au, e-greenelectrical.com.au, localplumbingheroes.com.au, heatpumpcentral.com.au, penrithcityplumbingservices.com.au","carbonsavers.com.au, hotwater.com.au, choice.com.au, agl.com.au, hitechhotwater.com.au, appliancesonline.com.au, gstore.com.au, wilsonhotwater.com.au, energyupgrader.com.au, menards.com, fixnflow.com.au, servicetoday.com.au, evoheat.com.au, fasthotwater.com.au, actewagl.com.au, energypeople.com.au, econrg.au, penrithhotwatersystems.au, daikin.com.au, crolp.com.au, brisbanehotwaterservices.com.au, germantech.com.au, wilcoplumbing.com.au, penrithhotwatersystem.com.au, reece.com.au, acplumbing.com.au, solahart.com.au, phwservices.com.au, primaplumbing.com.au, rinnai.com.au, sanden-hot-water.com.au, wateranalytics.com.au, fallonsolutions.com.au","hotwater.com.au, wateranalytics.com.au"
electric hot water system,870,30,0,,,,,,3.04,,3.04,3,,3,1534.33,,1534.33,59,3,,yourhome.gov.au,False,False,"fallonsolutions.com.au, thermastore.com.au, geelonghotwatergroup.com.au, reece.com.au, appliancesonline.com.au, google.com, kingandsonsplumbing.com.au, solahartgeelong.com.au, electrifyyourhomevic.com.au, australiangreensolution.com.au, beelplumbing.com.au","plumbinganddrainstoday.com.au, rozelleplumbing.com.au, alldayplumbing.com.au, thermastore.com.au, bayplumbingdrainage.com.au, geelonghotwatergroup.com.au, carbonsavers.com.au, australiangreensolution.com.au, kingandsonsplumbing.com.au, phwservices.com.au, fixnflowhotwater.com.au, mrflowemergencyplumber.com.au, reece.com.au, fallonsolutions.com.au, google.com","irwinsplumbing.com.au, futurenrg.com.au, livingsolar.com.au, evoheat.com.au, brisbanehotwaterservices.com.au, bayplumbingdrainage.com.au, geelongheatpumps.com.au, thermastore.com.au, energyupgrader.com.au, rheem.com.au, australiangreensolution.com.au, reece.com.au, hinchplumbing.com, goodbyegas.com.au, callreliabletradies.com.au, fallonsolutions.com.au, brisbanehotwaterplumbers.com.au, paceplumbingandgas.com.au, suncityhotwater.com.au, solahartgeelong.com.au, pumpswap.com.au","originenergy.com.au, australiangreensolution.com.au, carbonsavers.com.au, solarchoice.net.au, solahart.com.au, installedtoday.com.au, brisbanehotwaterservices.com.au, bunnings.com.au, energyupgrader.com.au, reece.com.au, powerbay.com.au, thermastore.com.au, acplumbing.com.au, bestplumbing.com.au, hotwater.com.au, agl.com.au, geelongheatpumps.com.au, solahartgeelong.com.au, localplumbingsydney.com.au, easyelectricsec.com.au, rheem.com.au","carbonsavers.com.au, rinnai.com.au, suncityhotwater.com.au, evoheat.com.au, brisbanehotwaterplumbers.com.au, acplumbing.com.au, installedtoday.com.au, agl.com.au, brisbanehotwaterservices.com.au, plumbingbros.com.au, thermastore.com.au","dpbplumbing.com.au, australiangreensolution.com.au, triplezeroplumbing.com.au, carbonsavers.com.au, irwinsplumbing.com.au, thehotwaterco.com.au, yourplumbingmates.com.au, hotwaterheroes.com.au"
heat pump hot water system,750,22,750,,,,,,2.96,,2.96,1,,1,274.23,,274.23,118,2,,nsw.gov.au,False,False,"fasthotwater.com.au, evoheat.com.au, solahart.com.au, solarchoice.net.au, thermastore.com.au, heatpumpcentral.com.au, barwonheatpumps.com.au, google.com, atcplumbing.com.au, mhiaa.com.au, fallonsolutions.com.au, acplumbing.com.au, todayplumbing.au, econrg.au, reece.com.au, istore.net.au, hitechhotwater.com.au, accreditedpower.com.au, e-greenelectrical.com.au, salmonplumbing.com.au, solahartgeelong.com.au, intaflo.com, wilcoplumbing.com.au, penrithhotwatersystems.au, servicetoday.com.au, daikin.com.au, localplumbingheroes.com.au, sanden-hot-water.com.au, statechoice.com.au, mr247localplumbers.com.au, firstchoiceplumbingcanberra.com.au, agl.com.au, appliancesonline.com.au, majesticplumbingservices.com.au, penrithhotwatersystem.com.au, powerbay.com.au","bayplumbingdrainage.com.au, thermastore.com.au, geelongheatpumps.com.au, powerbay.com.au, racv.com.au, appliancesonline.com.au, acplumbing.com.au, evoheat.com.au, e-greenelectrical.com.au, hitechhotwater.com.au, penrithhotwatersystem.com.au, rheem.com.au, penrithhotwatersystems.au, solahart.com.au, energyupgrader.com.au, localplumbingheroes.com.au, daikin.com.au, fasthotwater.com.au, australiangreensolution.com.au, heatpumpcentral.com.au, toohottohandle.com.au, carbonsavers.com.au, agl.com.au, fallonsolutions.com.au, econrg.au, accreditedpower.com.au, wateranalytics.com.au, kmsservices.com.au, solahartgoldcoast.com.au, prestigeplumbingact.com.au, reece.com.au, goldsure.com.au, ampleair.com.au, istore.net.au, atcplumbing.com.au, todayplumbing.au, crolp.com.au, barwonheatpumps.com.au, irwinsplumbing.com.au, wilsonhotwater.com.au, phwservices.com.au, wilcoplumbing.com.au","fasthotwater.com.au, penrithhotwatersystem.com.au, penrithhotwatersystems.au, reece.com.au, hitechhotwater.com.au, evoheat.com.au, thermastore.com.au, toohottohandle.com.au, heatpumpcentral.com.au, geelongheatpumps.com.au, energyupgrader.com.au, australiangreensolution.com.au, carbonsavers.com.au, bayplumbingdrainage.com.au, hinchplumbing.com, solahart.com.au, penrithcityplumbingservices.com.au, hotwaterplumber.au, picklesplumbingandelectrical-srp.com.au, hoganhotwaterandair.com.au, heatpumpboys.com.au, jetworksplumbing.com.au, wateranalytics.com.au, fixnflow.com.au, e-greenelectrical.com.au, mrflowplumbing.com.au, wilcoplumbing.com.au, powerbay.com.au, daikin.com.au, appliancesonline.com.au, automaticheating.com.au, baysideachw.com, theplumbinggang.com, brisbanehotwaterservices.com.au, agl.com.au, cheapahotwater.com.au, hotwater2u.com.au, westmelbourneplumbing.com.au, solahartgeelong.com.au, easyelectricsec.com.au, 1upplumbing.com.au, fallonsolutions.com.au, speedyhotwater.com.au, installedtoday.com.au, salmonplumbing.com.au, majesticplumbingservices.com.au, drleakplumbing.com.au, climateplus.com.au","primaplumbing.com.au, penrithhotwatersystem.com.au, fixnflow.com.au, hitechhotwater.com.au, fasthotwater.com.au, suncityhotwater.com.au, solahartsunshinecoast.com.au, solarwise.com.au, powerbay.com.au, wateranalytics.com.au, energyupgrader.com.au, carbonsavers.com.au, toohottohandle.com.au, solahart.com.au, evoheat.com.au, penrithhotwatersystems.au, reece.com.au, servicetoday.com.au, easyelectricsec.com.au, solarchoice.net.au, hotwatersolutionswa.com.au, urbanfuture.com.au, haierhome.com.au, mrflowplumbing.com.au, evosolar.com.au, thermastore.com.au, heatpumpcentral.com.au, appliancesonline.com.au, istore.net.au, daikin.com.au, geelongheatpumps.com.au, australiangreensolution.com.au, accreditedpower.com.au, irwinsplumbing.com.au, advantagesolar.com.au, kingspanwatertanks.com.au, futurenrg.com.au, solargain.com.au, borderheatingandcooling.com.au, agl.com.au, plumbchoice.au, wilcoplumbing.com.au, barplumbing.com.au, networkplumbing.com.au, choice.com.au, e-greenelectrical.com.au","wateranalytics.com.au, choice.com.au, australiangreensolution.com.au, carbonsavers.com.au, haierhome.com.au, conwaysplumbingservices.com, green.com.au, fixnflow.com.au, fasthotwater.com.au, hitechhotwater.com.au, servicetoday.com.au, evoheat.com.au, reece.com.au, penrithhotwatersystems.au, aussie-plumbing.com.au, accreditedpower.com.au, solahart.com.au, suncityhotwater.com.au, theplumbinggang.com, agl.com.au, solahartsunshinecoast.com.au, baysideachw.com, rheem.com.au, gstore.com.au, hot-water-melbourne.com.au, hotwater2u.com.au, daikin.com.au, crolp.com.au, powerbay.com.au, rinnai.com.au, appliancesonline.com.au, penrithhotwatersystem.com.au, wilcoplumbing.com.au, brisbanehotwaterplumbers.com.au, solarwise.com.au, northlakesplumbingqld.com.au, kmsservices.com.au, brisbanehotwaterservices.com.au, acplumbing.com.au, irwinsplumbing.com.au, canberrahotwatersystems.com.au, primaplumbing.com.au, phwservices.com.au, prestigeplumbingact.com.au, pagetradie.com.au, toohottohandle.com.au, solargain.com.au","australiangreensolution.com.au, carbonsavers.com.au, gstore.com.au, bunnings.com.au, reece.com.au, wateranalytics.com.au, conwaysplumbingservices.com, primeplumbingservice.com.au, econrg.au, evoheat.com.au, rheem.com.au, haierhome.com.au, thehotwaterco.com.au, suncityhotwater.com.au, automaticheating.com.au, bensplumbing.com.au, irwinsplumbing.com.au, ferntreegullylocalplumber.com.au, energypeople.com.au, baysideachw.com"
water treatment,690,21,240,,,,,,3.68,,3.68,0,,0,47.77,,47.77,31,15,,seqwater.com.au,False,False,"aquakleartech.com.au, google.com, hydrochem.com.au","centurionaprs.com, hydrochem.com.au, aquakleartech.com.au, oleology.com.au, aquaclearindustries.com.au","lutra.com.au, aquakleartech.com.au, prwater.com.au, hydrochem.com.au, oleology.com.au, centurionaprs.com, yekevalve.com, resourcewestusa.com, pluspumps.au, jufuwater.com, carefree.com.au, southlandfiltration.com.au, kallipr.com, uvguard.com","hydrochem.com.au, terrasol.com.au, organicsoceania.com.au, yekevalve.com, aquaenergygroup.com.au, prwater.com.au, aquakleartech.com.au, obplumbprosolutions.com, centurionaprs.com, bluemont.com.au, filtersystemsaustralia.com.au, watertestsystems.com.au, southlandfiltration.com.au","aquaclearindustries.com.au, hydrochem.com.au, pearlfiltration.com.au, zayedsustainabilityprize.com, slaterpumpsmelbourne.com.au, hydrosmart.com.au, oleology.com.au, aquakleartech.com.au, prwater.com.au, wateranalytics.com.au, lpage.com.au, centurionaprs.com","hydrochem.com.au, pearlfiltration.com.au"
waa,630,26,300,0.658419679367876,0.341580320632124,0.52190847127556,0.0244399184838291,0.975560079479511,,,,0,,0,0.0,,0.0,1,20,,asx.com.au,False,False,,,wateranalytics.com.au,,,
water filtration,570,55,220,0.407841031658217,0.592158968341783,0.6110183639399,0.244635192083111,0.755364803625044,1.7,,1.7,5,,5,1412.14,,1412.14,15,29,,completehomefiltration.com.au,False,False,wateranalytics.com.au,purezafilters.com,"cleanandclearwater.com.au, wateranalytics.com.au, filtersystemsaustralia.com.au, filpure.com.au, reactiveplumbingandelectrical.com.au, hydraflo.com.au, waterfilter.net.au","filtersystemsaustralia.com.au, wateranalytics.com.au, springwellwater.com","completehomefiltration.com.au, filtersystemsaustralia.com.au","waterfilter.com.au, demandfiltration.com.au, filtecwater.com, wateranalytics.com.au, completehomefiltration.com.au, filtersystemsaustralia.com.au"
sparkling water maker,540,38,360,0.571793749870394,0.428206250129606,0.299483648881239,0.49631449509505,0.503685502447947,0.79,,0.79,1,,1,288.64,,288.64,4,4,,thegoodguys.com.au,False,False,,,"sodastream.com.au, sodatap.com.au","sodastream.com.au, wateranalytics.com.au, kitchenwarehouse.com.au",sodastream.com.au,"sodastream.com.au, sodatap.com.au"
water purification,500,55,175,0.500245361677752,0.499754638322248,0.638592750533049,0.200589969909764,0.799410027140384,1.49,,1.49,0,,0,73.68,,73.68,4,31,,purewatersystems.com.au,False,False,waterscoaustralia.com.au,,,,"waterfilter.com.au, completehomefiltration.com.au, wateranalytics.com.au",
hot water service,500,44,0,,,,,,9.58,,9.58,1,,1,434.98,,434.98,127,18,,samedayhotwaterservice.com.au,False,False,"newtonplumbingservices.com.au, adcoplumbinggroup.com.au, jetsetplumbing.com.au, primaplumbing.com.au, 247localplumbers.com.au, wateriteplumbingsealing.com.au, brianbrotherselectrical.com.au, samedayhomeservices.com.au, cheapahotwater.com.au, corbetthotwaterplumbing.com.au, fasthotwater.com.au, servicetoday.com.au, penrithhotwatersystem.com.au, duncansplumbingandgas.com.au, penrithhotwatersystems.au, irwinsplumbing.com.au, frankstonlocalplumbing.com.au, mdtradeworks.com.au, google.com, localchoice.com.au, fallonsolutions.com.au, rheem.com.au, emergencyhomeservices.com.au, majesticplumbingservices.com.au, plumbstargroup.com, solargain.com.au, wilcoplumbing.com.au, sigmaplumbing.com.au, agl.com.au, reece.com.au, kingandsonsplumbing.com.au, mbplumbingservices.com.au, mintplumbingandrelining.com.au, mr247localplumbers.com.au, adelaidehotwater.net.au","newtonplumbingservices.com.au, duncansplumbingandgas.com.au, penrithhotwatersystems.au, wateriteplumbingsealing.com.au, fasthotwater.com.au, primaplumbing.com.au, 247localplumbers.com.au, penrithhotwatersystem.com.au, optimisedplumbingservices.com.au, cheapahotwater.com.au, majesticplumbingservices.com.au, samedayhomeservices.com.au, proximitylocalplumbing.com.au, adcoplumbinggroup.com.au, emergencyhomeservices.com.au, australianhotwater.com.au, brianbrotherselectrical.com.au, rheem.com.au, mrflowemergencyplumber.com.au, gasplumbingservices.com.au, champion-plumbing.com.au, yourfamilyplumbers.com.au, mbplumbingservices.com.au, cmplumbing.au, plumbinginspectors.au, jetsetplumbing.com.au, irwinsplumbing.com.au, theplumbinggang.com, heroplumbing.com.au, corbetthotwaterplumbing.com.au, jetblastplumbing.com.au, fallonsolutions.com.au, prestigeplumbingact.com.au, plumbernearyou.com.au, plumbinganddrainstoday.com.au, wilcoplumbing.com.au, localchoice.com.au, adelaidehotwater.net.au, bunnings.com.au, localplumbsydney.com.au, sydneyplumbinghotwater.com.au, google.com","theplumbinggang.com, bunnings.com.au, networkplumbing.com.au, 247localplumbers.com.au, majesticplumbingservices.com.au, wateriteplumbingsealing.com.au, fasthotwater.com.au, emergencyhomeservices.com.au, corbetthotwaterplumbing.com.au, reece.com.au, samedayhotwaterservice.com.au, samedayhomeservices.com.au, plumbernearyou.com.au, servicetoday.com.au, brianbrotherselectrical.com.au, newtonplumbingservices.com.au, mrflowplumbing.com.au, cheapahotwater.com.au, heroplumbing.com.au, rheem.com.au, morelandheatingandcooling.com.au, sanden-hot-water.com.au, penrithhotwatersystems.au, sarrosplumbing.com.au, westcoasttrades.com.au, tapdoctor.com.au, proximitylocalplumbing.com.au, mintplumbingandrelining.com.au, optimisedplumbingservices.com.au, brisbaneplumbinganddrainage.com.au, irwinsplumbing.com.au, nationalhc.com.au, localplumbsydney.com.au, friendlyplumbing.com.au, primaplumbing.com.au, wilcoplumbing.com.au, penrithhotwatersystem.com.au, fixnflow.com.au, drleakplumbing.com.au, tapsrus.com.au, djrplumbing.com.au, localbigblueplumbing.com.au, mrflowhotwater.com.au, tsaroofingandplumbing.com.au","optimisedplumbingservices.com.au, fasthotwater.com.au, cheapahotwater.com.au, rheem.com.au, bunnings.com.au, iansplumbing.com.au, theplumbinggang.com, jetsetplumbing.com.au, acplumbing.com.au, brisbanehotwaterplumbers.com.au, turboplumbingsolutions.com.au, solutionsplumbing.com.au, irwinsplumbing.com.au, majesticplumbingservices.com.au, morelandheatingandcooling.com.au, newtonplumbingservices.com.au, borderheatingandcooling.com.au, servicetoday.com.au, 247localplumbers.com.au, emergencyhomeservices.com.au, adelaidehotwater.net.au, useprofessionaltrades.com.au, carbonsavers.com.au, priority1plumbing.com.au, samedayhotwaterservice.com.au, plumbchoice.au, penrithhotwatersystems.au, pattersonplumbingservices.com.au, brianbrotherselectrical.com.au, mrflowplumbing.com.au, networkplumbing.com.au, penrithhotwatersystem.com.au","newtonplumbingservices.com.au, adelaideemergencyplumbing.com.au, reece.com.au, bunnings.com.au, fixnflow.com.au, optimisedplumbingservices.com.au, emergencyhomeservices.com.au, agl.com.au, samedayhotwaterservice.com.au, wilcoplumbing.com.au, penrithhotwatersystems.au, fasthotwater.com.au, servicetoday.com.au, carbonsavers.com.au, rheem.com.au, brisbaneplumbinganddrainage.com.au, sunnycoastplumbing.com.au, energy.vic.gov.au, solahart.com.au, penrithhotwatersystem.com.au, turboplumbingsolutions.com.au, jetsetplumbing.com.au, sjplumbingbrisbane.com.au, irwinsplumbing.com.au, emplumbing.com.au, fallonsolutions.com.au, 1stchoicehotwater.com.au, iansplumbing.com.au, 247localplumbers.com.au, cheapahotwater.com.au, localchoice.com.au, yourlocaltradesman.com.au, solahartsunshinecoast.com.au, rcmhotwater.com.au, fletcherplumbingandco.com, adelaidehotwater.net.au, majesticplumbingservices.com.au, thewaterboy.com.au, solutionsplumbing.com.au, hotwaterheroes.com.au, brianbrotherselectrical.com.au","tonkingroup.com.au, google.com, nationalhc.com.au, bjheatingandcooling.com.au, bunnings.com.au, reece.com.au, adelaidehotwater.net.au, solahart.com.au, samedayhotwaterservice.com.au, sunnycoastplumbing.com.au, dyfaplumbing.com.au, yourplumbingmates.com.au, suncityhotwater.com.au, solahartsunshinecoast.com.au, rheem.com.au, outrightplumbing.com.au, caulfieldplumbers.com.au, bonifyplumbing.com.au, irwinsplumbing.com.au, tapdoctor.com.au, westcoasttrades.com.au, newtonplumbingservices.com.au"
hot water systems,380,,200,,,,,,6.74,,6.74,7,,7,3924.06,,3924.06,112,18,,hotwater.com.au,False,False,"fasthotwater.com.au, rheem.com.au, fixnflowhotwater.com.au, penrithhotwatersystems.au, wilcoplumbing.com.au, emergencyhomeservices.com.au, jaycoplumbing.com.au, servicetoday.com.au, yourfamilyplumbers.com.au, majesticplumbingservices.com.au, google.com, plumbernearyou.com.au, penrithhotwatersystem.com.au, fallonsolutions.com.au, acplumbing.com.au, sydneyhotwatersolutions.com.au, phwservices.com.au, prestigeplumbingact.com.au, todayplumbing.au, localplumbingservices.com.au, cleanandclearplumbing.com.au, flussoplumbing.com.au, fixnflowplumbingnorthernbeaches.com.au, homehotwater.com.au, rozelleplumbing.com.au, agl.com.au, northeastplumbing.com.au, 1stchoicehotwater.com.au, turboplumbingsolutions.com.au, qplumbinglocal.com.au, auscoplumbingandgas.com.au, element47.com.au, unrivalledpg.com.au, hitechhotwater.com.au, taiirwin.com.au, trubluplumbinggroup.com.au, proximitylocalplumbing.com.au, localplumbingheroes.com.au, brisbanehotwaterservices.com.au, mr247localplumbers.com.au","yourfamilyplumbers.com.au, penrithhotwatersystems.au, localplumbingheroes.com.au, plumbinganddrainstoday.com.au, penrithhotwatersystem.com.au, fasthotwater.com.au, rheem.com.au, optimisedplumbingservices.com.au, choice.com.au, solahart.com.au, servicetoday.com.au, wilcoplumbing.com.au, fallonsolutions.com.au, fixnflowhotwater.com.au, jetsetplumbing.com.au, agl.com.au, emergencyhomeservices.com.au, hitechhotwater.com.au, majesticplumbingservices.com.au, speedyhotwater.com.au, theplumbinggang.com, qplumbinglocal.com.au, australianhotwater.com.au","carbonsavers.com.au, rheem.com.au, bunnings.com.au, fixnflowhotwater.com.au, penrithhotwatersystem.com.au, penrithhotwatersystems.au, fasthotwater.com.au, optimisedplumbingservices.com.au, majesticplumbingservices.com.au, champion-plumbing.com.au, pgmplumbing.com.au, northeastplumbing.com.au, anytimehotwater.com.au, sanden-hot-water.com.au, hitechhotwater.com.au, jrgasandwater.com.au, servicetoday.com.au, australianhotwater.com.au, e-greenelectrical.com.au, agl.com.au, mrflowplumbing.com.au, solahart.com.au, localplumbingservices.com.au, localplumbingheroes.com.au, fixnflow.com.au, 1upplumbing.com.au, networkplumbing.com.au, penrithcityplumbingservices.com.au, irwinsplumbing.com.au, fallonsolutions.com.au, yourfamilyplumbers.com.au, wilcoplumbing.com.au, friendlyplumbing.com.au, suncityhotwater.com.au, emergencyhomeservices.com.au, hotwaterplumber.au, mrflowhotwater.com.au, thenixonplumber.com.au, hiltonplumbing.com.au, perthfirstplumbing.com.au, mackieplumbingperth.com.au","hitechhotwater.com.au, penrithhotwatersystem.com.au, fixnflow.com.au, fasthotwater.com.au, penrithhotwatersystems.au, servicetoday.com.au, rheem.com.au, carbonsavers.com.au, yourfamilyplumbers.com.au, fixnflowhotwater.com.au, solahart.com.au, australianhotwater.com.au, emergencyhomeservices.com.au, richtek.com.au, hiltonplumbing.com.au, powerbay.com.au, wateranalytics.com.au, reece.com.au, optimisedplumbingservices.com.au, mrflowplumbing.com.au, truebluehotwater.com.au, proximitylocalplumbing.com.au, solarbatterygroup.com.au, plumbingbros.com.au, plumbchoice.au, westcoasttrades.com.au, sarrosplumbing.com.au, wilco-plumbing.com.au, rightnowplumbingadelaide.com.au, saexpressplumbing.com.au, phwservices.com.au, wilcoplumbing.com.au, irwinsplumbing.com.au, northeastplumbing.com.au, majesticplumbingservices.com.au, useprofessionaltrades.com.au, hotwaterplumber.au, champion-plumbing.com.au","fixnflowhotwater.com.au, servicetoday.com.au, emergencyhomeservices.com.au, rheem.com.au, optimisedplumbingservices.com.au, penrithhotwatersystems.au, fixnflow.com.au, fasthotwater.com.au, theplumbinggang.com, wilcoplumbing.com.au, penrithhotwatersystem.com.au, suncityhotwater.com.au, brisbanehotwaterplumbers.com.au, acplumbing.com.au, irwinsplumbing.com.au, wateranalytics.com.au, rinnai.com.au, hitechhotwater.com.au, carbonsavers.com.au, malvernplumber.com.au, iansplumbing.com.au, frankstonlocalplumbing.com.au, solarwise.com.au, prestigeplumbingact.com.au, proflush.com.au, phwservices.com.au, agl.com.au, samedayhotwaterservice.com.au, bunnings.com.au, westcoasttrades.com.au","acthotwater.com.au, fixnflowhotwater.com.au, rheem.com.au, bunnings.com.au, jackslocalplumbing.com.au, thehotwaterco.com.au, suncityhotwater.com.au, yourplumbingmates.com.au, cupexplumbing.com"
bore water testing near me,360,14,360,,,,,,2.53,,2.53,0,,0,0.0,,0.0,4,12,,sahealth.sa.gov.au,False,False,,"westsoilandwater.com.au, sustainablewatersolutions.com.au, wateranalytics.com.au","westsoilandwater.com.au, filtersystemsaustralia.com.au",,,
heat pump water heater,360,23,210,0.546082798306127,0.453917201693873,0.387190082644628,0.314227916173818,0.685772083151873,2.31,,2.31,1,,1,213.54,,213.54,32,4,,agl.com.au,False,False,"fallonsolutions.com.au, powerbay.com.au, google.com, atcplumbing.com.au, brisbanehotwaterservices.com.au, appliancesonline.com.au, haierhome.com.au, hitechhotwater.com.au","appliancesonline.com.au, choice.com.au, acplumbing.com.au, agl.com.au, growenergy.com.au","acplumbing.com.au, hiltonplumbing.com.au, reece.com.au, powerbay.com.au, agl.com.au, daikin.com.au, sanden-hot-water.com.au, theplumbinggang.com, solahart.com.au","wateranalytics.com.au, acplumbing.com.au, fallonsolutions.com.au, agl.com.au, reece.com.au, solahart.com.au, theplumbinggang.com, phwservices.com.au, gstore.com.au, appliancesonline.com.au, oncallhotwater.com.au, rheem.com.au, powerbay.com.au, brisbaneplumbinganddrainage.com.au, thermastore.com.au, haierhome.com.au","wateranalytics.com.au, evoheat.com.au, agl.com.au, brisbanehotwaterservices.com.au, powerbay.com.au","hitechhotwater.com.au, reece.com.au, reclaimenergy.com.au, fixnflow.com.au, appliancesonline.com.au, agl.com.au, brisbanehotwaterservices.com.au, wateranalytics.com.au, rheem.com.au"
water filtration systems,320,63,165,0.434875102310147,0.565124897689853,0.47103274559194,0.266666665396825,0.73333332984127,2.76,,2.76,1,,1,405.67,,405.67,32,32,,freshwatersystems.com.au,False,False,"inflowfilter.com, aquastream.com.au, aquaserve.com.au, wateranalytics.com.au, google.com, filtersystemsaustralia.com.au, cleanandclearwater.com.au, filpure.com.au, waterscoaustralia.com.au, clickcease.com","aquastream.com.au, wateranalytics.com.au, filtersystemsaustralia.com.au, aeropure.com.au","networkplumbing.com.au, filtersystemsaustralia.com.au, bespokewater.com.au, wateranalytics.com.au, filpure.com.au, cleanandclearwater.com.au, purewaterfiltration.com.au, carefree.com.au, aquastream.com.au, minthomefiltration.com, purpleduck.com.au","filtersystemsaustralia.com.au, wateranalytics.com.au, reactiveplumbingandelectrical.com.au, smartenergy.co, filpure.com.au, cleanandclearwater.com.au","reactiveplumbingandelectrical.com.au, waterfilter.com.au, filpure.com.au, filtersystemsaustralia.com.au, daveywater.com, smartenergy.co, filtecwater.com, wateranalytics.com.au, hydraflo.com.au, cleanandclearwater.com.au, bespokewater.com.au, waterfilter.net.au","filtersystemsaustralia.com.au, waterfilter.com.au"
water filter system,280,56,145,0.625937468983465,0.374062531016535,0.486381322957198,0.392676767180964,0.60732323155641,2.42,,2.42,2,,2,638.99,,638.99,24,24,,cassbrothers.com.au,False,False,"filtersystemsaustralia.com.au, waterdropfilter.com.au, google.com, shieldwaterfilter.com.au","filtersystemsaustralia.com.au, wateranalytics.com.au, nsf.org, aquacoolerdirect.com.au","filtersystemsaustralia.com.au, waterfilter.net.au, sunshinecoastwaterfilters.com.au, summitfiltration.com.au, wateranalytics.com.au, filpure.com.au, cleanandclearwater.com.au, tryselene.com.au","reactiveplumbingandelectrical.com.au, wateranalytics.com.au, filpure.com.au, cleanandclearwater.com.au, aquastream.com.au, pure2o.com.au, filtersystemsaustralia.com.au, sunshinecoastwaterfilters.com.au, waterfilter.net.au, daveywater.com","reactiveplumbingandelectrical.com.au, filteredwatersolutions.com.au, smartenergy.co, filtersystemsaustralia.com.au, sunshinecoastwaterfilters.com.au, filtap.com.au, wateranalytics.com.au, greatwaterfilters.com.au","filtersystemsaustralia.com.au, wateranalytics.com.au, alkaviva.com.au"
complete home filtration,250,24,250,,,,,,1.0,,1.0,2,,2,582.49,,582.49,17,13,,completehomefiltration.com.au,False,False,"purestwaterfiltration.com.au, waterfilter.com.au","cleanandclearwater.com.au, homewaterfiltration.com.au","waterfilter.com.au, cleanandclearwater.com.au, purestwaterfiltration.com.au, completehomefiltration.com.au, sunshinecoastwaterfilters.com.au, wateranalytics.com.au, homewaterfiltration.com.au, summitfiltration.com.au","trendhs.com.au, sunshinecoastwaterfilters.com.au, cleanandclearwater.com.au, wateranalytics.com.au, dolphinhomefiltration.com.au, filtersystemsaustralia.com.au, homewaterfiltration.com.au, waterfilter.com.au","trendhs.com.au, sunshinecoastwaterfilters.com.au, wateranalytics.com.au, waterfilter.com.au, homewaterfiltration.com.au, smartenergy.co, slaterpumpsmelbourne.com.au",
gas hot water systems,250,,250,,,,,,4.85,,4.85,2,,2,1002.18,,1002.18,34,8,,gasworks.net.au,False,False,"perthhotwatergroup.com.au, auscoplumbingandgas.com.au, willettonplumbing.com, unrivalledpg.com.au, installedtoday.com.au, 1stchoicehotwater.com.au","fallonsolutions.com.au, theplumbinggang.com, rheem.com.au","hiltonplumbing.com.au, reliableplumberperth.com.au, auscoplumbingandgas.com.au, lpage.com.au, saexpressplumbing.com.au, fallonsolutions.com.au, abaplumbing.com.au, irwinsplumbing.com.au, perthfirstplumbing.com.au, sarrosplumbing.com.au","richtek.com.au, sarrosplumbing.com.au","levelau.com.au, saexpressplumbing.com.au, kenhallplumbers.com.au, hotwater.com.au, lpage.com.au, richtek.com.au, hiltonplumbing.com.au","allplumbingaspects.net, austwestplumbing.com.au, bluewaveplumbing.com.au, fixnflow.com.au, dansplumbing.com.au, wilcoplumbing.com.au, fixnflowhotwater.com.au, rheem.com.au, sarrosplumbing.com.au, ateamplumbingandgas.com.au, richtek.com.au, hiltonplumbing.com.au"
water testing,250,,135,0.541635699081218,0.458364300918782,0.45398773006135,0.254681647463143,0.745318350664198,1.97,,1.97,0,,0,133.48,,133.48,3,14,,manjimup.wa.gov.au,False,False,"wateranalytics.com.au, watertestsystems.com.au, westsoilandwater.com.au",,,,,
hot water heat pump,250,22,105,0.649812695109261,0.350187304890739,0.564516129032258,0.407407392318245,0.59259257064472,2.84,,2.84,1,,1,297.47,,297.47,115,3,,choice.com.au,False,False,"google.com, barwonheatpumps.com.au, heatpumpcentral.com.au, thermastore.com.au, solahart.com.au, salmonplumbing.com.au, qplumbinglocal.com.au, solahartgeelong.com.au, appliancesonline.com.au, pure-electric.com.au, plumbstargroup.com, firstchoiceplumbingcanberra.com.au","andrewevansplumbing.com.au, powerbay.com.au, bayplumbingdrainage.com.au, beelplumbing.com.au, thermastore.com.au, heatpumpcentral.com.au, wateranalytics.com.au, appliancesonline.com.au, prestigeplumbingact.com.au, todayplumbing.au, jrkplumbing.com.au, istore.net.au, fallonsolutions.com.au, solahart.com.au","automaticheating.com.au, reece.com.au, rheem.com.au, toohottohandle.com.au, australiangreensolution.com.au, gjbradding.com.au, carbonsavers.com.au, bayplumbingdrainage.com.au, advantagesolar.com.au, energyupgrader.com.au, goodbyegas.com.au, heatpumpcentral.com.au, thermastore.com.au, solahart.com.au, optenergy.com.au, wateranalytics.com.au, appliancesonline.com.au, geelongheatpumps.com.au, actewagl.com.au, powerbay.com.au, econrg.au, emergencyhomeservices.com.au, fixnflow.com.au, fasthotwater.com.au, green.com.au, southerncrosshotwater.com.au, hotwaterplumber.au, spsplumbers.com.au, phwservices.com.au, fallonsolutions.com.au, climateplus.com.au","advantagesolar.com.au, carbonsavers.com.au, reece.com.au, jayceeplumbing.com.au, gstore.com.au, daikin.com.au, appliancesonline.com.au, easyelectricsec.com.au, toohottohandle.com.au, thermastore.com.au, energyupgrader.com.au, australiangreensolution.com.au, istore.net.au, rheem.com.au, heatpumpservices.au, heatpumpcentral.com.au, futurenrg.com.au, wateranalytics.com.au, solarchoice.net.au, useprofessionaltrades.com.au, localplumbinggroup.com.au, fallonsolutions.com.au, solahart.com.au, theplumbinggang.com, brisbanehotwaterplumbers.com.au, sjkcollective.com.au, speedyhotwater.com.au, agl.com.au, powerbay.com.au, solahartballarat.com.au, solarbatterygroup.com.au, optenergy.com.au, hot-water-melbourne.com.au, titanplumbingandroofing.com.au, osheaplumbing.com.au, evoheat.com.au, middletonsgroup.com.au, geelongheatpumps.com.au, goldsure.com.au, kingdomclimatesolutions.com.au, coopgroup.au, barwonheatpumps.com.au, bepe.com.au, ballarathotwater.com.au, waldronheatingcooling.com.au, australianenergyupgrades.com.au, acplumbing.com.au, hiltonplumbing.com.au, solargain.com.au, suncityhotwater.com.au, wulfe.au, fast-hotwater.com.au, expertlocalplumber.com.au, econrg.au, energypeople.com.au, automaticheating.com.au, solarrun.com.au, choice.com.au, 24hourplumbing.net.au, samedayhotwaterservice.com.au, hitechhotwater.com.au, nsw.gov.au","reece.com.au, futurenrg.com.au, toohottohandle.com.au, solahart.com.au, energyupgrader.com.au, australiangreensolution.com.au, carbonsavers.com.au, heatpumpcentral.com.au, powerbay.com.au, istore.net.au, wateranalytics.com.au, appliancesonline.com.au, actewagl.com.au, haierhome.com.au, happyplumbing.com.au, rheem.com.au, geelongheatpumps.com.au, gstore.com.au, solar.vic.gov.au, energy.vic.gov.au, heatingcoolingsystems.com.au, evoheat.com.au, localplumbinggroup.com.au, ballarathotwater.com.au, baysideachw.com, aquavisionps.com.au, mahoneydasilva.com.au, rinnai.com.au, solahartballarat.com.au, daikin.com.au, hotwater.com.au, localchoice.com.au, originenergy.com.au, plumbingbros.com.au, mjelectricianballarat.com.au, solargain.com.au, middletonsgroup.com.au, advantagesolar.com.au, osheaplumbing.com.au, wilsonhotwater.com.au, australianenergyupgrades.com.au, hitechhotwater.com.au, goldsure.com.au, tcksolar.com.au, optenergy.com.au, titanplumbingandroofing.com.au, automaticheating.com.au, newgensolar.com.au, hotwatertek.com.au, jayceeplumbing.com.au, expertplumbing.com.au","reece.com.au, bensplumbing.com.au, canberrahotwatersystems.com.au, reinsulate.com.au, solahart.com.au, wateranalytics.com.au, reclaimenergy.com.au, carbonsavers.com.au, energy.vic.gov.au, rheem.com.au, powerbay.com.au, awdwplumbing.com.au, toohottohandle.com.au, australiangreensolution.com.au, martinheatingcooling.com.au, middletonsgroup.com.au, heatpumpcentral.com.au, hitechhotwater.com.au, solahartballarat.com.au, australianenergyupgrades.com.au, solar.vic.gov.au, geelongheatpumps.com.au, energyupgrader.com.au, localplumbinggroup.com.au, kingdomclimatesolutions.com.au, titanplumbingandroofing.com.au, evoheat.com.au, heatingcoolingsystems.com.au, gstore.com.au, irwinsplumbing.com.au, samedayhotwaterservice.com.au, ballarathotwater.com.au, futurenrg.com.au"
istore heat pump,210,14,210,,,,,,3.84,,3.84,0,,0,0.0,,0.0,32,2,,istore.net.au,False,False,"istore.net.au, installedtoday.com.au, todayplumbing.au, acplumbing.com.au, kmsservices.com.au","istore.net.au, kmsservices.com.au","istore.net.au, brisbanehotwaterservices.com.au, theplumbinggang.com, hiltonplumbing.com.au, urbanfuture.com.au, acplumbing.com.au, powerbay.com.au, installedtoday.com.au","istore.net.au, solahart.com.au, wateranalytics.com.au, suncityhotwater.com.au, agl.com.au, solahartsunshinecoast.com.au, urbanfuture.com.au, installedtoday.com.au, hitechhotwater.com.au, powerbay.com.au, solarwise.com.au, theplumbinggang.com, brisbanehotwaterservices.com.au, reece.com.au, goldsure.com.au, powrhouse.au, solarchoice.net.au, energyupgrader.com.au, jrgasandwater.com.au","istore.net.au, reece.com.au, plumbersupplies.com.au, hiltonplumbing.com.au, urbanfuture.com.au, element47.com.au, solarwise.com.au, agl.com.au, acplumbing.com.au, kmsservices.com.au, salmonplumbing.com.au, brisbanehotwaterplumbers.com.au, theplumbinggang.com, suncityhotwater.com.au, wateranalytics.com.au, speedyhotwater.com.au, green.com.au","suncityhotwater.com.au, progressive-plumbing.com.au, yourplumbingmates.com.au, istore.net.au"
pure water systems,210,25,115,0.336068672839506,0.663931327160494,0.444444444444444,0.024999999375,0.974999975625001,1.72,,1.72,2,,2,417.91,,417.91,18,25,,purewatersystems.com.au,False,False,waterscoaustralia.com.au,"purewatersystems.com.au, cleanandclearwater.com.au, filteredwatersolutions.com.au, wateranalytics.com.au","purewatersystems.com.au, cleanandclearwater.com.au, wateranalytics.com.au, filtersystemsaustralia.com.au, purewaterfiltration.com.au, westflowfiltration.com.au","purewatersystems.com.au, wateranalytics.com.au, carawater.com.au, hellowaterfiltration.com.au, filtap.com.au, tappwater.com.au, cleanandclearwater.com.au, hydraflo.com.au","waterfilter.com.au, filtersystemsaustralia.com.au, purewatersystems.com.au","purewatersystems.com.au, purezafilters.com"
solar hot water systems,210,,175,0.138241965973535,0.861758034026465,0.173913043478261,,,5.04,,5.04,4,,4,2069.52,,2069.52,39,8,,energy.gov,False,False,"fallonsolutions.com.au, suncityhotwater.com.au, google.com, acplumbing.com.au, abplumbingandsolar.com.au, solahart.com.au, solarwise.com.au, salmonplumbing.com.au, 1stchoicehotwater.com.au","solahart.com.au, fallonsolutions.com.au, solarwise.com.au, suncityhotwater.com.au, solahartgoldcoast.com.au, reasolar.com.au, brisbanehotwaterplumbers.com.au, theplumbinggang.com, crolp.com.au, hepworthelectrical.com.au","solargreen.net.au, rheem.com.au, solarwise.com.au, fallonsolutions.com.au, solahart.com.au, lpage.com.au, hiltonplumbing.com.au, solarrepairs.com.au, hotwatersolutionswa.com.au, suncityhotwater.com.au, irwinsplumbing.com.au, carbonsavers.com.au, abplumbingandsolar.com.au, urbanfuture.com.au","solargreen.net.au, solahart.com.au, carbonsavers.com.au, bendigosolarcompany.com.au, rheem.com.au, hotwater.com.au, kenhallplumbers.com.au, adelaidehillshotwater.com.au, suncityhotwater.com.au, advantagesolar.com.au, energyupgrader.com.au, lilleysplumbingandgasfitting.com.au, solarwise.com.au, solahartgoldcoast.com.au","hotwatertek.com.au, solahart.com.au, kenhallplumbers.com.au, advantagesolar.com.au",
water filtration system,210,,105,0.578210282027676,0.421789717972323,0.507508663842896,0.326035965343209,0.67396403387493,2.76,,2.76,1,,1,404.17,,404.17,10,32,,freshwatersystems.com.au,False,False,google.com,"filtersystemsaustralia.com.au, wateranalytics.com.au","wateranalytics.com.au, filpure.com.au, cleanandclearwater.com.au, filtersystemsaustralia.com.au, homewaterfiltration.com.au","filpure.com.au, filtersystemsaustralia.com.au, wateranalytics.com.au, cleanandclearwater.com.au","reactiveplumbingandelectrical.com.au, filpure.com.au, wateranalytics.com.au, valueh2o.com.au, filtersystemsaustralia.com.au, cleanandclearwater.com.au",filtersystemsaustralia.com.au
best electric hot water system,175,29,175,,,,,,3.29,,3.29,0,,0,3.68,,3.68,2,1,,reddit.com,False,False,,solahart.com.au,wateranalytics.com.au,,,
heat pump hydronic heating,175,13,175,,,,,,2.48,,2.48,0,,0,35.36,,35.36,16,7,,crystalcleareng.com.au,False,False,"fallonsolutions.com.au, intaflo.com, google.com",intaflo.com,"acplumbing.com.au, powerbay.com.au, huntheat.com.au, intaflo.com, hurricaneair.com.au","intaflo.com, huntheat.com.au, hydroheat.com.au, ahhac.com.au",,intaflo.com
water quality testing,175,17,90,0.477881656804734,0.522118343195266,0.476923076923077,0.19607843041138,0.803921564686659,2.81,,2.81,0,,0,90.36,,90.36,5,4,,health.wa.gov.au,False,False,"agilent.com, safewaterlab.com.au, wateranalytics.com.au",safewaterlab.com.au,,wateranalytics.com.au,"altsa.com.au, wateranalytics.com.au, mywaterscore.com.au",
solar hot water systems prices,175,,175,,,,,,5.31,,5.31,0,,0,112.9,,112.9,11,5,,energy.gov,False,False,solargreen.net.au,solarwise.com.au,"fixnflowhotwater.com.au, alldayplumbing.com.au, rheem.com.au, wateranalytics.com.au, bunnings.com.au, hitechhotwater.com.au, hotwater2u.com.au, fixnflow.com.au, solahart.com.au",,,
heat pumps,175,,100,0.511189035243859,0.488810964756141,0.420016406890894,0.281471003845161,0.718528994740412,1.81,,1.81,1,,1,240.01,,240.01,57,10,,energy.gov,False,False,"everllence.com, choice.com.au, sanden-hot-water.com.au, istore.net.au, powerbay.com.au, google.com, allseasonshvac.com.au, air-purification.com.au, wonthaggiheatcool.com.au, gippslandhydronics.com.au, tfobrien.com, unwindai.com.au, thepoolheatingco.com, agl.com.au, plumbingdoctors.com.au, heatpumpboys.com.au, reece.com.au, daikin.com.au, bunnings.com.au, madimack.com, spaandpoolsupplies.com.au","beasleypoolheating-srp.com.au, choice.com.au, crolp.com.au, borderheatingandcooling.com.au, everllence.com, sanden-hot-water.com.au, reece.com.au, powerbay.com.au, allseasonshvac.com.au, kmsservices.com.au, istore.net.au, air-purification.com.au, generalairstage.com.au, baysideachw.com","acgairconditioningcanberra.com.au, daikin.com.au, rheem.com.au, powerbay.com.au, localchoice.com.au, solarchoice.net.au, australiangreensolution.com.au, choice.com.au, reece.com.au, advantagesolar.com.au, beasleypoolheating-srp.com.au, dreamairconditioning.com.au","solahartgeelong.com.au, powerbay.com.au, choice.com.au, wateranalytics.com.au, nibe.co.uk, beasleypoolheating-srp.com.au, reece.com.au, carbonsavers.com.au, australiangreensolution.com.au, energyupgrader.com.au, madimack.com, solarchoice.net.au, avenzapro.com.au","choice.com.au, energytick.com.au, goodbyegas.com.au, heatingcoolingsystems.com.au, wulfe.au, hot-water-melbourne.com.au, coldflow.net.au, beasleypoolheating-srp.com.au","wateranalytics.com.au, reece.com.au, reclaimenergy.com.au, sunloverheating.com.au"
water filtration systems perth,175,,175,,,,,,2.5,,2.5,0,,0,3.68,,3.68,19,29,,brighterwater.com.au,False,False,"puremainswater.com.au, wateranalytics.com.au, filtersystemsaustralia.com.au, google.com","wateranalytics.com.au, purewaterfiltration.com.au, filtersystemsaustralia.com.au","dolphinhomefiltration.com.au, bestcoast.com.au, pure2o.com.au, neighbourhoodwaterfiltration.com.au, wateranalytics.com.au, filtersystemsaustralia.com.au, purewaterfiltration.com.au, urbanfuture.com.au, waterfilterman.com.au","wateranalytics.com.au, dolphinhomefiltration.com.au","completehomefiltration.com.au, cloudtap.com.au, urbanfuture.com.au, wateranalytics.com.au, waterfilter.com.au","urbanfuture.com.au, completehomefiltration.com.au, wateranalytics.com.au, puremainswater.com.au, waterfilter.com.au"
water purification system,140,52,70,0.447448864702571,0.552551135297429,0.493150684931507,,,2.73,,2.73,0,,0,86.59,,86.59,4,26,,purewatersystems.com.au,False,False,,,,,"wateranalytics.com.au, cleanandclearwater.com.au, filtap.com.au, completehomefiltration.com.au",
electric hydronic heating,140,16,100,,,,,,3.66,,3.66,0,,0,95.35,,95.35,18,8,,hydrosol.com.au,False,False,,"thermosoftaustralia.com.au, cambro.com.au, allclimatesolutions.net.au, totalhydronic.com.au",huntheat.com.au,,"martinheatingcooling.com.au, livella.com, goodbyegas.com.au, cambro.com.au, thermosoftaustralia.com.au, oblica.com.au, homefirstservices.com.au, heatingcoolingsystems.com.au","cambro.com.au, hrheatingandcooling.com.au, thermosoftaustralia.com.au, callneighbourhood.com.au, heatingcoolingsystems.com.au, aqueductheating.com.au, automaticheating.com.au, oblica.com.au, masonacer.com.au"
instant gas hot water system,140,22,140,,,,,,3.98,,3.98,0,,0,128.25,,128.25,31,0,,hotwaterprofessionals.com.au,False,False,todayplumbing.au,acthotwater.com.au,"acplumbing.com.au, 1stchoicehotwater.com.au, irwinsplumbing.com.au, fallonsolutions.com.au, yournextbrisbaneplumber.com, reece.com.au, thehotwatergang.com.au, brisbanehotwaterplumbers.com.au, jrgasandwater.com.au, bluewaveplumbing.com.au, reliableplumberperth.com.au","richtek.com.au, sarrosplumbing.com.au, acplumbing.com.au, intecplumbing.net, localplumbingheroes.com.au, fallonsolutions.com.au, irwinsplumbing.com.au","perthfirstplumbing.com.au, reliableplumberperth.com.au, bluewaveplumbing.com.au, brisbaneplumbinganddrainage.com.au, fallonsolutions.com.au, theplumbinggang.com, irwinsplumbing.com.au, 1stchoicehotwater.com.au, acplumbing.com.au, auscoplumbingandgas.com.au, rinnai.com.au, iansplumbing.com.au",
solar heat pump,140,,90,0.446888888888889,0.553111111111111,0.355555555555556,0.206896544589774,0.793103420927468,2.05,,2.05,0,,0,38.27,,38.27,10,10,,1komma5.com,False,False,"powerbay.com.au, solahart.com.au, solargreen.net.au, tapsrus.com.au, barplumbing.com.au, hotwaterheroes.com.au","hitechhotwater.com.au, powerbay.com.au","thermly.co.uk, wateranalytics.com.au, appliancesonline.com.au",,,
hot water system replacement,140,39,140,,,,,,9.62,,9.62,0,,0,272.91,,272.91,127,16,,hiltonplumbing.com.au,False,False,"localchoice.com.au, precisionpipes.com.au, turboplumbingsolutions.com.au, speedyhotwater.com.au, hydrocoveplumbing.com.au, installedtoday.com.au, hhlongandson.com.au, fallonsolutions.com.au, irwinsplumbing.com.au, newcastle247plumbing.com.au, obrienplumbingandroofing.com.au, roweplumbingservices.com, elyonplumbercentralcoast.com.au, newcastleplumbingkings.com.au, todayplumbing.au, google.com, contactpage.com.au, qplumbinglocal.com.au, paceplumbingandgas.com.au, plumbingdoctors.com.au, fixnflowhotwater.com.au, 048plumber.com.au, hawkesburyplumbing.com.au, theplumbinglifesaver.com.au, adelaidehotwater.net.au, vicinityplumbing.com.au, dreamplumbing.com.au, sydneywidehotwater.com.au, adcoplumbinggroup.com.au","waterlooplumbingspecialists.net, kevsplumbing.com.au, irwinsplumbing.com.au, newcastleplumbingkings.com.au, drainkeepers.com.au, nambuccaplumbing.com, rusticplumbing.com.au, obrien.com.au, localchoice.com.au, plumbingdoctors.com.au, jetworksplumbing.com.au, flowsafepl.com.au, samedayhomeservices.com.au, proximitylocalplumbing.com.au, 247localplumbers.com.au, champion-plumbing.com.au, 24hourplumbing.net.au, zebraplumbing.com.au, diamondplumbing.com.au, vichotwater.com.au, bestcoast.com.au, hiltonplumbing.com.au, todayplumbing.au, unrivalledpg.com.au, hoganhotwaterandair.com.au, localplumbingservices.com.au, fixnflowhotwater.com.au, rozelleplumbing.com.au, paceplumbingandgas.com.au, jetsetplumbing.com.au, fallonsolutions.com.au, brisbaneflowplumbing.com.au, plumbinginspectors.au, cylinderplumbing.com.au, obrienplumbingandroofing.com.au, flussoplumbing.com.au, fluidplumbingservices.com.au, localplumbingheroes.com.au, helloplumbing.com.au, mrflowemergencyplumber.com.au, newcastle247plumbing.com.au, beelplumbing.com.au, gclocalplumber.com.au, adcoplumbinggroup.com.au, emergencyhomeservices.com.au, helpplumbingsydney.com, hotwaterplumber.au","bunnings.com.au, brisbaneflowplumbing.com.au, theplumbinggang.com, fixnflowhotwater.com.au, goldcoasthotwaterspecialists.com.au, irwinsplumbing.com.au, shoresideplumbing.com.au, huxelectrical.com, plumbingdoctors.com.au, hotwatersystemsnewcastle.com.au, ontimeplumbingmelb.com.au, localplumbinggroup.com.au, fluidplumbingservices.com.au, newcastle247plumbing.com.au, jetworksplumbing.com.au, newcastleplumbingkings.com.au, proplumbingandexcavation.com, dandenongplumber.com.au, newcastleemergencyplumbing.com.au, partridgeplumbing.com.au, jetsetplumbing.com.au, fallonsolutions.com.au, sydneyhydroplumbing.com.au, eliteplumbandgas.com.au, gclocalplumber.com.au, drleakplumbingqld.com.au, thehotwatergang.com.au, speedyhotwater.com.au, dspg.com.au, brisbanehotwaterplumbers.com.au, paceplumbingandgas.com.au, wateriteplumbingsealing.com.au, heroplumbing.com.au, emergencyhomeservices.com.au, wilcoplumbing.com.au, 24hrplumbingservices.com.au, carbonsavers.com.au, australiangreensolution.com.au, turboplumbingsolutions.com.au, samedayhomeservices.com.au, plumbinganddrainstoday.com.au, craigsplumbing.com.au, plumbstargroup.com, plumbingemergencysydney.com.au, nambuccaplumbing.com, jdaltonplumbingandgas.com.au, hydronix.com.au, drainkeepers.com.au, weir-plumbing.com.au, lordsplumbing.com.au, hotwater.com.au, mrflowemergencyplumber.com.au","adelaideemergencyplumbing.com.au, drainkeepers.com.au, plumbingdoctors.com.au, heatpumpboys.com.au, vichotwater.com.au, irwinsplumbing.com.au, appeservices.com.au, rheem.com.au, jdaltonplumbingandgas.com.au, coffsharbourplumber.com.au, bunnings.com.au, localchoice.com.au, theplumbinggang.com, solahart.com.au, priority1plumbing.com.au, installedtoday.com.au, rinnai.com.au, suncityhotwater.com.au, solahartsunshinecoast.com.au, tidelineplumbingsc.com.au, jetsetplumbing.com.au, paceplumbingandgas.com.au, turboplumbingsolutions.com.au, fixnflowhotwater.com.au, pgmplumbing.com.au, fastflowplumbinggroup.com.au, goldcoastplumbingandhotwater.com.au, hillsplumbingandgas.com.au, zenplumbing.com.au, callmarshall.com.au, hotwatersolutionswa.com.au, lordsplumbing.com.au, plumbonplumbing.com.au, newcastleplumbingkings.com.au, iansplumbing.com.au, malvernplumber.com.au, solahartgeelong.com.au, ontimeplumbingmelb.com.au, frankstonlocalplumbing.com.au, goldcoasthotwaterspecialists.com.au, tailoredwaterproofing.com.au, blackandwhiteplumbing.com.au, acplumbing.com.au, newcastle247plumbing.com.au, fluidplumbingservices.com.au, useprofessionaltrades.com.au, goldcoastplumbingexperts.com.au, ultraplumbingandroofing.au, huxelectrical.com, fallonsolutions.com.au, qplumbinglocal.com.au, pmplumbingandgas.com.au, newcastlehotwatersystem.au, hiltonplumbing.com.au, auscoplumbingandgas.com.au, ateamplumbingandgas.com.au, powerbay.com.au, plumbchoice.au, outrightplumbing.com.au, advantageplumbingsolutions.com.au, hotwatersystemsnewcastle.com.au, osheaplumbing.com.au, carbonsavers.com.au, rusticplumbing.com.au, hitechhotwater.com.au, theplumbingdoctor.com.au, gclocalplumber.com.au, reece.com.au","irwinsplumbing.com.au, bensplumbing.com.au, frankstonlocalplumbing.com.au, brisbaneplumbinganddrainage.com.au, theplumbinggang.com, jetsetplumbing.com.au, bunnings.com.au, plumbingdoctors.com.au, partridgeplumbing.com.au, localchoice.com.au, adelaideemergencyplumbing.com.au, iansplumbing.com.au, rheem.com.au, turboplumbingsolutions.com.au, speedyhotwater.com.au, hardyandsonsplumbing.com.au, progressive-plumbing.com.au, sunnycoastplumbing.com.au, barplumbing.com.au, buildmat.com.au, wateranalytics.com.au, beyondplumbingsupplies.com, priority1plumbing.com.au, bg-plumbing.com.au, green.com.au, pacerplumbing.com.au, sarrosplumbing.com.au, sjplumbingbrisbane.com.au, suncityhotwater.com.au, paceplumbingandgas.com.au, brisbanehotwaterplumbers.com.au, rcmhotwater.com.au, fallonsolutions.com.au, plumbstargroup.com, fixnflowhotwater.com.au, spsplumbers.com.au, majesticplumbingservices.com.au, pgmplumbing.com.au, hotwatersolutionswa.com.au, hiltonplumbing.com.au, pagetradie.com.au, ufoplumbing.com.au, installedtoday.com.au, richmondplumbing.au, drainkeepers.com.au, saexpressplumbing.com.au, prestigeplumbingact.com.au, jdaltonplumbingandgas.com.au, verlek.com.au","kingandsonsplumbing.com.au, triplezeroplumbing.com.au, claysplumbing.com.au, hotwatersystemsnewcastle.com.au, flowplumbingsolutions.com.au, gwenplumbing.com.au, wateranalytics.com.au, irwinsplumbing.com.au, bonifyplumbing.com.au, frankstonlocalplumbing.com.au, appeservices.com.au, australiangreensolution.com.au, 24hourplumbing.au, vichotwater.com.au, bensplumbing.com.au, fixnflowhotwater.com.au, wilcoplumbing.com.au, rheem.com.au, crolp.com.au, obrien.com.au, thehotwaterco.com.au, suncityhotwater.com.au, cupexplumbing.com, dyfaplumbing.com.au, solargain.com.au, solutionsplumbing.com.au, jetsetplumbing.com.au, theplumbinggang.com, brisbaneplumbinganddrainage.com.au, plumbinginspectors.au, fallonsolutions.com.au"
hot water system installation,140,27,140,,,,,,9.57,,9.57,0,,0,109.9,,109.9,127,7,,samedayhotwaterservice.com.au,False,False,"irwinsplumbing.com.au, 247northmelbourneplumber.com.au, ontimeplumbingmelb.com.au, localchoice.com.au, adcoplumbinggroup.com.au, precisionpipes.com.au, flussoplumbing.com.au, fixnflowhotwater.com.au, dandenongplumber.com.au, newcastle247plumbing.com.au, newcastleplumbingkings.com.au, picklesplumbingandelectrical-srp.com.au, acthotwater.com.au, fallonsolutions.com.au, kingandsonsplumbing.com.au, obrienplumbingandroofing.com.au, djrplumbing.com.au, beelplumbing.com.au, lordsplumbing.com.au, plumbingdoctors.com.au, advancedplumbingcare.com, google.com, auscoplumbingandgas.com.au, papasplumbingandgas.com.au, chilliplumbingco.com.au, ppac.com.au, jetblastplumbing.com.au, qplumbinglocal.com.au, 048plumber.com.au, bakerboysplumbing.com.au, fast-hotwater.com.au, plumbstargroup.com, welldonplumbing.com.au, thehotwaterco.com.au, mkplumb.com.au, eighteenpg.netlify.app, outrightplumbing.com.au, hotwaterprofessionals.com.au, hoganhotwaterandair.com.au, theplumbinglifesaver.com.au, elyonplumbercentralcoast.com.au, rcmhotwater.com.au, adelaidehotwater.net.au, localbigblueplumbing.com.au","suncityhotwater.com.au, hiltonplumbing.com.au, newcastleplumbingkings.com.au, plumbingdoctors.com.au, sunnycoastplumbing.com.au, fallonsolutions.com.au, thehotwaterco.com.au, miracle-plumbing.com, localchoice.com.au, goldcoasthotwaterspecialists.com.au, eighteenpg.netlify.app, jetworksplumbing.com.au, acthotwater.com.au, ontimeplumbingmelb.com.au, kingandsonsplumbing.com.au, dandenongplumber.com.au, 247localplumber.com.au, irwinsplumbing.com.au, obrienplumbingandroofing.com.au, beelplumbing.com.au, hoganhotwaterandair.com.au, flussoplumbing.com.au, spsplumbers.com.au, rcmhotwater.com.au, hotwaterprofessionals.com.au, bcjplumbing.com.au, djrplumbing.com.au, theplumbinggang.com, lordsplumbing.com.au, blufrog.com.au, westcoasttrades.com.au, samedayhomeservices.com.au, jetblastplumbing.com.au, outrightplumbing.com.au, jetsetplumbing.com.au, google.com, gclocalplumber.com.au, unrivalledpg.com.au, chilliplumbingco.com.au, proximitylocalplumbing.com.au, helloplumbing.com.au, bevtekplumbing.com.au, qplumbinglocal.com.au, nambuccaplumbing.com, adcoplumbinggroup.com.au, precisionpipes.com.au","newcastleplumbingkings.com.au, newcastle247plumbing.com.au, irwinsplumbing.com.au, fixnflowhotwater.com.au, carbonsavers.com.au, bunnings.com.au, rheem.com.au, fast-hotwater.com.au, servicetoday.com.au, vichotwater.com.au, tapsrus.com.au, djrplumbing.com.au, suncityhotwater.com.au, sunnycoastplumbing.com.au, beelplumbing.com.au, dandenongplumber.com.au, rgrplumbingservices.com.au, alleasternplumbing.com.au, sunnycoastplumbers.com.au, goldcoasthotwaterspecialists.com.au, jetsetplumbing.com.au, thehotwaterco.com.au, localbigblueplumbing.com.au, thehotwatergang.com.au, trgplumbinganddrainage.com.au, jrgasandwater.com.au, ontimeplumbingmelb.com.au, outrightplumbing.com.au, localplumbinggroup.com.au, t-corp.com.au, hotwaterprofessionals.com.au, plumbprofessor.com.au, ultraplumbing-roofing.com.au, 24hrplumbingservices.com.au, hotwatersolution.com.au, australiangreensolution.com.au, hydrocoveplumbing.com.au, ufoplumbing.com.au, gcsparkys.com.au, blackandwhiteplumbing.com.au, southmelbournelocalplumber.com.au, callhomefirstservices.com.au, vividplumbing.com.au, eliteplumbandgas.com.au, jdaltonplumbingandgas.com.au, localchoice.com.au, theplumbinggang.com, goldcoastplumbingexperts.com.au, fallonsolutions.com.au, gclocalplumber.com.au, nambuccaplumbing.com, steinsplumbingandgas.com.au, chilliplumbingco.com.au, plumbingdoctors.com.au, hoganhotwaterandair.com.au, picklesplumbingandelectrical-srp.com.au, acthotwater.com.au, jetblastplumbing.com.au, google.com, westmelbourneplumbing.com.au, rcmhotwater.com.au, weir-plumbing.com.au, bevtekplumbing.com.au, levelau.com.au, bakerboysplumbing.com.au, iansplumbing.com.au","richtek.com.au, bestcoast.com.au, theplumbinggang.com, installedtoday.com.au, welldonplumbing.com.au, priority1plumbing.com.au, mttplumbing.com.au, solahartsunshinecoast.com.au, jetsetplumbing.com.au, turboplumbingsolutions.com.au, rheem.com.au, goldcoastplumbingandhotwater.com.au, callmarshall.com.au, zenplumbing.com.au, vividplumbing.com.au, fallonsolutions.com.au, tailoredwaterproofing.com.au, callhomefirstservices.com.au, fast-hotwater.com.au, vichotwater.com.au, google.com, plumbonplumbing.com.au, newcastleplumbingkings.com.au, irwinsplumbing.com.au, fixnflowhotwater.com.au, resultsplumbingandgas.com.au, thehotwaterco.com.au, hoeyplumbing.com.au, sunnycoastplumbing.com.au, suncityhotwater.com.au, rcmhotwater.com.au, servicetoday.com.au, rgrplumbingservices.com.au, beelplumbing.com.au, acthotwater.com.au, iansplumbing.com.au, fixor.com.au, localchoice.com.au, nambuccaplumbing.com, rusticplumbing.com.au, hitechhotwater.com.au, coffsharbourplumber.com.au, 24hourplumbing.net.au, appeservices.com.au, tapsrus.com.au, goldcoasthotwaterspecialists.com.au, ultraplumbingandroofing.au, pmplumbingandgas.com.au, hightideplumbing.au, plumbprofessor.com.au, westcoasttrades.com.au, dandenongplumber.com.au, 24hrplumbingservices.com.au, yourplumbingmates.com.au, chilliplumbingco.com.au, proximitylocalplumbing.com.au, samedayhomeservices.com.au","suncityhotwater.com.au, vividplumbing.com.au, sunnycoastplumbing.com.au, irwinsplumbing.com.au, adelaidedrainsandhotwater.com.au, iansplumbing.com.au, jackslocalplumbing.com.au, theplumbinggang.com, brisbaneplumbinganddrainage.com.au, rheem.com.au, fallonsolutions.com.au, turboplumbingsolutions.com.au, jetsetplumbing.com.au, thehotwaterco.com.au, sjplumbingbrisbane.com.au, brisbanehotwaterplumbers.com.au, callreliabletradies.com.au, abaplumbing.com.au, kingandsonsplumbing.com.au, dandenongplumber.com.au, vichotwater.com.au, fast-hotwater.com.au, sunnycoastplumbers.com.au, tapsrus.com.au, acthotwater.com.au, callhomefirstservices.com.au, djrplumbing.com.au, beelplumbing.com.au, pagetradie.com.au, solahartsunshinecoast.com.au, ufoplumbing.com.au, plumbonplumbing.com.au, fixnflowhotwater.com.au, nambuccaplumbing.com, obrien-energy.com.au","brisbaneplumbinganddrainage.com.au, dansplumbing.com.au, brisbanehotwaterplumbers.com.au, fallonsolutions.com.au, jetsetplumbing.com.au, maxflowplumbing.com, smithsplumbing.au, turboplumbingsolutions.com.au, theplumbinggang.com, djrplumbing.com.au, triplezeroplumbing.com.au, suncityhotwater.com.au, speedyhotwater.com.au, rheem.com.au, sunnycoastplumbing.com.au, yourplumbingmates.com.au, hotwaterheroes.com.au, tidelineplumbingsc.com.au, bensplumbing.com.au, plumbingcontinuous.com.au, 1stchoicehotwater.com.au, weir-plumbing.com.au, pmplumbingandgas.com.au, carbonsavers.com.au, mcphersonplumbingvic.com.au, pagetradie.com.au, reliabletradiesplumbing.com.au, callreliabletradies.com.au, plumbonplumbing.com.au, weekendplumbingco.com, opgservices.com.au, mttplumbing.com.au, cabooltureplumbingandhotwater.com.au, barplumbing.com.au, northlakesplumbingqld.com.au, thehotwaterco.com.au, sunnycoastplumbers.com.au, irwinsplumbing.com.au, fluidplumbingservices.com.au, beelplumbing.com.au, frankstonlocalplumbing.com.au, vichotwater.com.au, appeservices.com.au, flowsafepl.com.au, servicetoday.com.au, bunnings.com.au, bonifyplumbing.com.au, baysidelocalplumber.com.au, solutionsplumbing.com.au, dpbplumbing.com.au, australiangreensolution.com.au, obrien-energy.com.au, rgrplumbingservices.com.au, kingandsonsplumbing.com.au, urgentcareplumbing.com.au, samedayhotwaterservice.com.au, ontimeplumbingmelb.com.au, caulfieldplumbers.com.au, localbigblueplumbing.com.au, 24hourplumbing.net.au, lordsplumbing.com.au, plumbingdoctors.com.au, drainkeepers.com.au, vicinityplumbingnewcastle.com.au, hotwatertek.com.au, reece.com.au"
whole house water filter,140,19,90,0.637203268175583,0.362796731824417,0.330555555555556,0.305117565614075,0.6948824341093,1.73,,1.73,4,,4,1283.49,,1283.49,26,9,,cassbrothers.com.au,False,False,"filtersystemsaustralia.com.au, waterfilter.com.au, wateranalytics.com.au, aquastream.com.au, google.com","homewaterfiltration.com.au, water-filter-sentry.com.au, aquastream.com.au, waterfilter.com.au, filtersystemsaustralia.com.au","filtersystemsaustralia.com.au, waterfilter.net.au, alkaviva.com.au, wateranalytics.com.au, mywaterfilter.com.au, summitfiltration.com.au, sunshinecoastwaterfilters.com.au, cleanandclearwater.com.au, filtermate.com.au, pacificwater.com.au, networkplumbing.com.au, graywaterplumbing.com.au","filtersystemsaustralia.com.au, wateranalytics.com.au, filtermate.com.au, waterfilter.com.au, trendhs.com.au, sunshinecoastwaterfilters.com.au, aquastream.com.au, dolphinhomefiltration.com.au, neighbourhoodwaterfiltration.com.au, aquariuswaterfilters.com.au, pure2o.com.au, networkplumbing.com.au, cleanandclearwater.com.au, filtap.com.au","filtersystemsaustralia.com.au, wateranalytics.com.au, sunshinecoastwaterfilters.com.au",filtersystemsaustralia.com.au
heat pump hot water systems,140,,140,,,,,,2.96,,2.96,3,,3,1071.15,,1071.15,52,15,,energy.gov,False,False,"thermastore.com.au, heatpumpcentral.com.au, geelonghotwatergroup.com.au, google.com, solahartgeelong.com.au, fallonsolutions.com.au, beelplumbing.com.au, barwonheatpumps.com.au, plumtradeservices.com.au, wateranalytics.com.au, solahart.com.au, rheem.com.au, brisbanehotwaterservices.com.au, plumbstargroup.com, 1stchoicehotwater.com.au, hinchplumbing.com.au, australiangreensolution.com.au, pure-electric.com.au, racv.com.au","geelonghotwatergroup.com.au, thermastore.com.au, heatpumpcentral.com.au, racv.com.au, reece.com.au, bayplumbingdrainage.com.au, australiangreensolution.com.au, solahart.com.au, safeplanet.net.au, geelongheatpumps.com.au, choice.com.au, fallonsolutions.com.au, theplumbinggang.com, speedyhotwater.com.au, hitechhotwater.com.au, brisbaneflowplumbing.com.au, solahartgeelong.com.au, barwonheatpumps.com.au","bayplumbingdrainage.com.au, geelongheatpumps.com.au, energyupgrader.com.au, australiangreensolution.com.au, carbonsavers.com.au, powerbay.com.au, wateranalytics.com.au, appliancesonline.com.au, advantagesolar.com.au, heatpumpcentral.com.au, hinchplumbing.com, daikin.com.au, thermastore.com.au, rheem.com.au, acplumbing.com.au, fallonsolutions.com.au, suncityhotwater.com.au, trendhs.com.au, sunpakhotwater.com.au, solarwise.com.au, 1stchoicehotwater.com.au, reece.com.au, istore.net.au, solahart.com.au, safeplanet.net.au, toohottohandle.com.au, beelplumbing.com.au","prestigeplumbingact.com.au, levelau.com.au, acplumbing.com.au, wateranalytics.com.au, fallonsolutions.com.au, reece.com.au, powerbay.com.au, advantagesolar.com.au, daikin.com.au, australiangreensolution.com.au, heatpumpcentral.com.au, energyupgrader.com.au, rheem.com.au, solahart.com.au, geelongheatpumps.com.au, toohottohandle.com.au, e-greenelectrical.com.au, appliancesonline.com.au, agl.com.au, sanden-hot-water.com.au, automaticheating.com.au","wateranalytics.com.au, sunpakhotwater.com.au, solahartsunshinecoast.com.au, reece.com.au, germantech.com.au, kmsservices.com.au","reece.com.au, wateranalytics.com.au, rheem.com.au"
best hot water system,105,27,105,,,,,,4.48,,4.48,0,,0,43.42,,43.42,27,1,,energy.gov.au,False,False,"fallonsolutions.com.au, brisbanehotwaterservices.com.au","fallonsolutions.com.au, agl.com.au, brisbanehotwaterservices.com.au","hitechhotwater.com.au, solahart.com.au, rheem.com.au, daikin.com.au, evoheat.com.au, servicetoday.com.au, fasthotwater.com.au, 1upplumbing.com.au, networkplumbing.com.au, choice.com.au, mrflowhotwater.com.au, hotwater2u.com.au, smartenergyanswers.com.au",wateranalytics.com.au,"wateranalytics.com.au, rinnai.com.au",
best under sink water filter australia,105,20,105,,,,,,1.95,,1.95,0,,0,52.09,,52.09,7,6,,waterfilter.com.au,False,False,filtersystemsaustralia.com.au,"waterscoaustralia.com.au, minthomefiltration.com, waterdropfilter.com.au, filtersystemsaustralia.com.au","cleanandclearwater.com.au, wateranalytics.com.au, waterdropfilter.com.au, filpure.com.au",filpure.com.au,,
reclaim heat pump,105,12,105,,,,,,0.22,,0.22,0,,0,9.63,,9.63,20,2,,reclaimenergy.com.au,False,False,"google.com, pumpswap.com.au","powrhouse.au, gstore.com.au","gstore.com.au, choice.com.au, powerbay.com.au, jrgasandwater.com.au, hitechhotwater.com.au, sanden-hot-water.com.au, green.com.au, agl.com.au","wateranalytics.com.au, appliancesonline.com.au, powrhouse.au, fallonsolutions.com.au, acplumbing.com.au, gstore.com.au, heatpumpsperthwa.com.au, hotwatersolutionswa.com.au, reece.com.au","energypeople.com.au, choice.com.au",
instant electric hot water system,105,27,105,,,,,,3.98,,3.98,0,,0,93.82,,93.82,16,1,,hotwaterprofessionals.com.au,False,False,"reece.com.au, rheem.com.au","evoheat.com.au, hiltonplumbing.com.au, fallonsolutions.com.au, acplumbing.com.au, agl.com.au",fallonsolutions.com.au,"oncallhotwater.com.au, hiltonplumbing.com.au, rinnai.com.au, sarrosplumbing.com.au","acplumbing.com.au, hiltonplumbing.com.au, westcoasttrades.com.au, richtek.com.au",
energy efficient hot water system,105,23,0,,,,,,3.87,,3.87,0,,0,55.7,,55.7,14,0,,energy.gov.au,False,False,"brisbanehotwaterservices.com.au, 1stchoicehotwater.com.au, acthotwater.com.au",,"energyaustralia.com.au, ausgreensolarsolutions.com.au","wateranalytics.com.au, econrg.au, acthotwater.com.au","acthotwater.com.au, australianhotwater.com.au, vichotwater.com.au, goodbyegas.com.au","australiangreensolution.com.au, econrg.au, choice.com.au, vichotwater.com.au, rheem.com.au, carbonsavers.com.au"
water heating,105,36,36,0.57518626734843,0.42481373265157,0.648648648648649,0.0769230739644972,0.923076887573966,4.91,,4.91,0,,0,13.17,,13.17,27,7,,energyrating.gov.au,False,False,fallonsolutions.com.au,"hitechhotwater.com.au, fasthotwater.com.au, rheem.com.au, hotwaterplumber.au, aussie-plumbing.com.au, ahhac.com.au, e-greenelectrical.com.au, servicetoday.com.au, cheapahotwater.com.au, drleakplumbing.com.au","mrflowplumbing.com.au, solahart.com.au, hitechhotwater.com.au, wilcoplumbing.com.au, servicetoday.com.au",,,"vortplumbing.com.au, fasthotwater.com.au, mintplumbingandrelining.com.au, plumbinganddrainstoday.com.au, solahart.com.au, australianhotwater.com.au, rheem.com.au, torinosplumbing.com.au, drleakplumbing.com.au, servicetoday.com.au, mrsplashplumbing.com.au, atomichotwater.com.au, mrflowplumbing.com.au"
hot water solar system,105,,65,,,,,,5.04,,5.04,0,,0,28.49,,28.49,21,4,,energy.gov,False,False,"google.com, solarwise.com.au, callreliabletradies.com.au, solahart.com.au, abplumbingandsolar.com.au","fallonsolutions.com.au, solarwise.com.au, salmonplumbing.com.au, theplumbinggang.com, solahart.com.au, speedyhotwater.com.au","fallonsolutions.com.au, rheem.com.au, suncityhotwater.com.au","wateranalytics.com.au, powerbay.com.au","fixnflowhotwater.com.au, atomichotwater.com.au, solarwaterwind.com.au, bunnings.com.au, hitechhotwater.com.au, rheem.com.au, fixnflow.com.au, drleakplumbing.com.au, voltxenergy.com.au","solahart.com.au, hitechhotwater.com.au, drleakplumbing.com.au"
types of hot water systems,105,22,70,,,,,,3.45,,3.45,0,,0,0.0,,0.0,16,0,,yourhome.gov.au,False,False,"ultraplumbing-roofing.com.au, brisbanehotwaterservices.com.au, samedayhotwaterservice.com.au, google.com",google.com,"acplumbing.com.au, reece.com.au, powerbay.com.au, samedayhotwaterservice.com.au, choice.com.au, green.com.au, brisbanehotwaterservices.com.au","nectr.com.au, wateranalytics.com.au, choice.com.au, samedayhotwaterservice.com.au, hitechhotwater.com.au, huxelectrical.com, gclocalplumber.com.au, solahart.com.au",wateranalytics.com.au,"hotwaterheroes.com.au, brisbanehotwaterservices.com.au"
hydrotherm heat pump,105,14,105,,,,,,3.61,,3.61,0,,0,21.93,,21.93,50,5,,hydrothermhotwatersystems.com.au,False,False,"fasthotwater.com.au, hitechhotwater.com.au, servicetoday.com.au, reece.com.au, google.com, penrithhotwatersystems.au, istore.net.au, hotwater2u.com.au, jimsplumbingpenrith.com.au, solarchoice.net.au, e-greenelectrical.com.au, accreditedpower.com.au, choice.com.au, mr247localplumbers.com.au, madimack.com, mhiaa.com.au, majesticplumbingservices.com.au, powerbay.com.au, penrithhotwatersystem.com.au","penrithhotwatersystems.au, reece.com.au, hitechhotwater.com.au, hotwater2u.com.au, sanden-hot-water.com.au, fasthotwater.com.au, wilcoplumbing.com.au, penrithhotwatersystem.com.au, powrhouse.au, evoheat.com.au, spsplumbers.com.au, fallonsolutions.com.au, phwservices.com.au, e-greenelectrical.com.au, pure-electric.com.au, google.com, thermastore.com.au, atcplumbing.com.au","fasthotwater.com.au, penrithhotwatersystems.au, reece.com.au, hitechhotwater.com.au, aqualuxx.com.au, mrflowplumbing.com.au, fixnflow.com.au, hotwater2u.com.au, wilcoplumbing.com.au, fallonsolutions.com.au, kmsservices.com.au, powrhouse.au, solahart.com.au, jrgasandwater.com.au, evoheat.com.au, atcplumbing.com.au","hitechhotwater.com.au, reece.com.au, penrithhotwatersystems.au, fasthotwater.com.au, hotwater2u.com.au, penrithhotwatersystem.com.au, solarchoice.net.au, powrhouse.au, fixnflow.com.au, mrflowplumbing.com.au, wilcoplumbing.com.au, solahart.com.au, plumbchoice.au, powerbay.com.au","hitechhotwater.com.au, fixnflow.com.au, hotwater2u.com.au, reece.com.au, fasthotwater.com.au, penrithhotwatersystems.au, gstore.com.au, powrhouse.au, rheem.com.au, phwservices.com.au, penrithhotwatersystem.com.au, primaplumbing.com.au, wilcoplumbing.com.au, hydroheat.com.au","powrhouse.au, evoheat.com.au, wateranalytics.com.au, reclaimenergy.com.au, conwaysplumbingservices.com, bensplumbing.com.au, titanplumbingandroofing.com.au, reece.com.au, solargain.com.au, gstore.com.au"
water filter installation,105,18,50,0.511189035243859,0.488810964756141,0.509433962264151,0.0384615369822486,0.961538424556214,5.14,,5.14,0,,0,177.08,,177.08,34,4,,bunnings.com.au,False,False,"lordsplumbing.com.au, lumika.com.au, cleanandclearwater.com.au","roseplumbing.com.au, cleanandclearwater.com.au, lordsplumbing.com.au, homewaterfiltration.com.au, lumika.com.au","fluidplumbingservices.com.au, brisbaneflowplumbing.com.au, cleanandclearwater.com.au, theplumbinglifesaver.com.au, filtap.com.au, minthomefiltration.com, roseplumbing.com.au, lordsplumbing.com.au","cleanandclearwater.com.au, newcastlewaterfiltration.com.au, brisbaneflowplumbing.com.au","theplumbinglifesaver.com.au, filtap.com.au, newcastlewaterfiltration.com.au, cleanandclearwater.com.au, obrien.com.au, dolphinhomefiltration.com.au, prestigeplumbingact.com.au, 247northmelbourneplumber.com.au, mrflowplumbing.com.au","cleanandclearwater.com.au, filtap.com.au, millbrookplumbers.com.au, demandfiltration.com.au"
instant hot water system electric,105,29,105,,,,,,2.94,,2.94,0,,0,6.37,,6.37,19,1,,hotwaterprofessionals.com.au,False,False,"qplumbinglocal.com.au, reece.com.au, google.com, climateplus.com.au","hiltonplumbing.com.au, evoheat.com.au, pacerplumbing.com.au, reece.com.au","climateplus.com.au, crolp.com.au","sarrosplumbing.com.au, auscoplumbingandgas.com.au, callprycelessplumbing.com.au, irwinsplumbing.com.au, westcoasttrades.com.au, hiltonplumbing.com.au","acplumbing.com.au, rheem.com.au, reece.com.au",
reverse osmosis water filter australia,70,22,70,,,,,,2.06,,2.06,0,,0,59.72,,59.72,16,11,,filtersystemsaustralia.com.au,False,False,,"filtersystemsaustralia.com.au, waterfilter.net.au","waterdropfilter.com.au, filtersystemsaustralia.com.au, ovio.com, philips.com.au, waterscoaustralia.com.au","waterdropfilter.com.au, homewaterfiltration.com.au, waterscoaustralia.com.au, waterfilter.net.au, cleanandclearwater.com.au, carawater.com.au, philips.com.au, filtersystemsaustralia.com.au","philips.com.au, wateranalytics.com.au, tappwater.com.au, aquala.au","filtersystemsaustralia.com.au, carawater.com.au, waterdropfilter.com.au, waterscoaustralia.com.au"
perth water filtration,70,,70,,,,,,,,,0,,0,0.0,,0.0,16,33,,alkimosplumbingandgas.com.au,False,False,wateranalytics.com.au,"homewaterfiltration.com.au, wateranalytics.com.au","purewaterfiltration.com.au, hydrotechgroup.com.au, cloudtap.com.au, urbanfuture.com.au, wateranalytics.com.au, westflowfiltration.com.au, waterfilterman.com.au, clear2o.com.au, hiltonplumbing.com.au, clearhavenwaterfiltration.com.au, aquariuswaterfilters.com.au","dolphinhomefiltration.com.au, purewaterfiltration.com.au","dolphinhomefiltration.com.au, hydrotechgroup.com.au","drinkrippl.com, waterfilter.com.au, wateranalytics.com.au, hiltonplumbing.com.au"
heat pump hot water rebate sa,70,17,0,,,,,,1.63,,1.63,0,,0,0.0,,0.0,6,2,,www.sa.gov.au,False,False,"expertplumbing.com.au, energysaversco.com, pure-electric.com.au",energysaversco.com,expertplumbing.com.au,reclaimenergy.com.au,"wateranalytics.com.au, reclaimenergy.com.au, rheem.com.au",
heat pump perth,70,22,70,,,,,,2.64,,2.64,0,,0,18.45,,18.45,39,13,,istoreheatpumpswa.com.au,False,False,"hotwatersystemsperth.com.au, allplumbingaspects.net, plumberperth.net.au, hiltonplumbing.com.au","solarchoice.net.au, reece.com.au, solargain.com.au, urbanfuture.com.au, evoheat.com.au, solahart.com.au, hotwatersolutionswa.com.au, hiltonplumbing.com.au, solarrepairs.com.au, richtek.com.au","wateranalytics.com.au, hivehome.com, heatgeek.com, heatpumps.co.uk, hiltonplumbing.com.au, urbanfuture.com.au, historicplumbing.com.au, green.com.au, evoheat.com.au","cadenceplumbingperth.com.au, urbanfuture.com.au, hotwatersolutionswa.com.au, hiltonplumbing.com.au, richtek.com.au, solarrepairs.com.au, wateranalytics.com.au, green.com.au, sarrosplumbing.com.au","richtek.com.au, cadenceplumbingperth.com.au, drsparkyelectrical.com.au, bestcoast.com.au, wateranalytics.com.au, hiltonplumbing.com.au, evoheat.com.au, masonacer.com.au, reclaimenergy.com.au, rheem.com.au","hiltonplumbing.com.au, sarrosplumbing.com.au, reece.com.au, wateranalytics.com.au, reclaimenergy.com.au, papasplumbingandgas.com.au, green.com.au, urbanfuture.com.au, blufrog.com.au, drsparkyelectrical.com.au, hotwatersolutionswa.com.au, evoheat.com.au, solarrepairs.com.au, richtek.com.au, evapspecialists.com.au, viessmann.com.au"
purezza water,70,4,36,,,,,,3.51,,3.51,0,,0,21.96,,21.96,1,9,,purezza.com.au,False,False,,wateranalytics.com.au,,,,
filtered water solutions,70,61,70,,,,,,2.36,,2.36,0,,0,65.79,,65.79,17,29,,filteredwatersolutions.com.au,False,False,,"filteredwatersolutions.com.au, filpure.com.au, purewaterfiltration.com.au, filtersystemsaustralia.com.au","filteredwatersolutions.com.au, filpure.com.au, cleanandclearwater.com.au, reactiveplumbingandelectrical.com.au","waterfilter.com.au, filteredwatersolutions.com.au, filpure.com.au, reactiveplumbingandelectrical.com.au, wateranalytics.com.au, cleanandclearwater.com.au, waterfilter.direct, smartenergy.co, filtersystemsaustralia.com.au",,
instant gas hot water,70,24,70,,,,,,2.25,,2.25,0,,0,78.71,,78.71,13,0,,hotwaterprofessionals.com.au,False,False,,"hotwatersolutionswa.com.au, bluewaveplumbing.com.au","intecplumbing.net, sarrosplumbing.com.au, auscoplumbingandgas.com.au","rinnai.com.au, hotwatersolutionswa.com.au","richtek.com.au, hiltonplumbing.com.au, perthplumbingco.com.au","wateranalytics.com.au, hiltonplumbing.com.au, reliableplumberperth.com.au, provistaplumbing.com.au, sarrosplumbing.com.au, perthplumbingco.com.au, westcoasttrades.com.au"
water filtration perth,70,32,70,,,,,,2.55,,2.55,0,,0,60.96,,60.96,34,32,,waterfiltrationperth.com.au,False,False,"aussienaturalfiltration.com.au, wateranalytics.com.au, google.com, puremainswater.com.au, aquastream.com.au, nexahomesolutions.com.au, dolphinhomefiltration.com.au, jimsplumbing.com.au","purewaterfiltration.com.au, wateranalytics.com.au, waterfilterman.com.au, westozwaterfilters.com.au, hiltonplumbing.com.au, westflowfiltration.com.au, aussienaturalfiltration.com.au, greatwaterfilters.com.au, google.com","waterfilterman.com.au, westflowfiltration.com.au, hydrotechgroup.com.au, wateranalytics.com.au, hiltonplumbing.com.au, plumbdog.com.au, purewaterfiltration.com.au, puremainswater.com.au, aquariuswaterfilters.com.au, urbanfuture.com.au","dolphinhomefiltration.com.au, wateranalytics.com.au, purewaterfiltration.com.au, aquariuswaterfilters.com.au, westflowfiltration.com.au, hydrotechgroup.com.au, filtersystemsaustralia.com.au, puremainswater.com.au, neighbourhoodwaterfiltration.com.au, cloudtap.com.au, waterfilterman.com.au, centurionaprs.com, hiltonplumbing.com.au","urbanfuture.com.au, northsidehomefiltration.com.au, cloudtap.com.au, hydrotechgroup.com.au, westflowfiltration.com.au, puremainswater.com.au, wateranalytics.com.au, waterfilter.com.au, dolphinhomefiltration.com.au, bestcoast.com.au, aquariuswaterfilters.com.au","westflowfiltration.com.au, waterscoaustralia.com.au, waterfilter.com.au, urbanfuture.com.au, hydrosmart.com.au, wateranalytics.com.au, cloudtap.com.au, simplyhotwaterperth.com.au"
waterwise,70,17,,0.379548152168204,0.620451847831796,0.200836820083682,0.251308899207807,0.748691095556591,0.36,,0.36,,,,20.18,,20.18,6,17,,watercorporation.com.au,False,False,,"watercorporation.com.au, waterwisetruckparts.com, google.com","waterwisetruckparts.com, watercorporation.com.au","waterwisetruckparts.com, watercorporation.com.au",,
home water filter system,70,,50,0.580884261763115,0.419115738236885,0.290697674418605,0.344262289438323,0.655737694168235,2.46,,2.46,1,,1,353.91,,353.91,6,26,,freshwatersystems.com.au,False,False,filtersystemsaustralia.com.au,"wateranalytics.com.au, micronwaterfilters.com.au, puretec.com.au, waterfilterguy.com.au","filtersystemsaustralia.com.au, wateranalytics.com.au",,,
electric heat pump hot water system,70,22,70,,,,,,3.89,,3.89,0,,0,3.4,,3.4,19,2,,nsw.gov.au,False,False,"fallonsolutions.com.au, acplumbing.com.au, firstchoiceplumbingcanberra.com.au, econrg.au","climateplus.com.au, appliancesonline.com.au, prestigeplumbingact.com.au, fallonsolutions.com.au, acplumbing.com.au, evoheat.com.au","suncityhotwater.com.au, reece.com.au, choice.com.au, appliancesonline.com.au, levelau.com.au","econrg.au, actewagl.com.au, acplumbing.com.au, wateranalytics.com.au, evoheat.com.au, choice.com.au, reece.com.au, powerbay.com.au","australianhotwater.com.au, canberrahotwatersystems.com.au, wateranalytics.com.au, econrg.au, rinnai.com.au","australianhotwater.com.au, energypeople.com.au"
heat pump water,70,21,38,,,,,,2.46,,2.46,0,,0,2.18,,2.18,4,3,,nsw.gov.au,False,False,"appliancesonline.com.au, brisbanehotwaterservices.com.au",,"bestpricepoolequipment.com.au, wateranalytics.com.au",,,
water filters perth,70,,70,,,,,,1.78,,1.78,0,,0,89.09,,89.09,26,33,,simplyhotwaterperth.com.au,False,False,"google.com, puremainswater.com.au, aquastream.com.au, waterscoaustralia.com.au, filtersystemsaustralia.com.au, westozwaterfilters.com.au, jimsplumbing.com.au, wateranalytics.com.au",westflowfiltration.com.au,"purewaterfiltration.com.au, filtersystemsaustralia.com.au, wateranalytics.com.au, greatwaterfilters.com.au, hiltonplumbing.com.au, clearhavenwaterfiltration.com.au, waterfilter.net.au","purewaterfiltration.com.au, dolphinhomefiltration.com.au, filtersystemsaustralia.com.au, waterfilter.com.au, pure2o.com.au, water2.com, westflowfiltration.com.au, waterfilter.net.au","waterfilter.com.au, westflowfiltration.com.au, northsidehomefiltration.com.au, hydrotechgroup.com.au, cloudtap.com.au, urbanfuture.com.au, aquariuswaterfilters.com.au, westozwaterfilters.com.au, greatwaterfilters.com.au","waterfilter.com.au, cloudtap.com.au, greatwaterfilters.com.au, urbanfuture.com.au, westozwaterfilters.com.au, hydrotechgroup.com.au, filtersystemsaustralia.com.au"
filtration system,70,39,14,0.377897153351699,0.622102846648301,0.803030303030303,,,1.76,,1.76,0,,0,36.73,,36.73,8,26,,puretec.com.au,False,False,,"filtersystemsaustralia.com.au, fullhousefiltration.com.au, purewaterfiltration.com.au",,"completehomefiltration.com.au, filtersystemsaustralia.com.au","filtersystemsaustralia.com.au, completehomefiltration.com.au","filtersystemsaustralia.com.au, wateranalytics.com.au, waterfilter.com.au, cloudtap.com.au"
heat pumps australia,70,,70,,,,,,2.34,,2.34,0,,0,30.59,,30.59,21,2,,choice.com.au,False,False,"solahart.com.au, daikin.com.au, hitechhotwater.com.au, rheem.com.au, e-greenelectrical.com.au, sanden-hot-water.com.au","trimech.com.au, hitechhotwater.com.au, wateranalytics.com.au, rheem.com.au, daikin.com.au, evoheat.com.au, masterflow.net.au, thermonova.com, sunloverheating.com.au, beasleypoolheating-srp.com.au, solahart.com.au, agl.com.au, powerbay.com.au, haypol.com","madimack.com, powerbay.com.au",simplyhotwaterperth.com.au,,reece.com.au
what is a heat pump,70,11,36,0.528537080723023,0.471462919276977,0.495059288537549,0.0587084147579092,0.941291583285144,2.13,,2.13,0,,0,9.61,,9.61,8,0,,agl.com.au,True,False,,,"nibe.co.uk, choice.com.au",choice.com.au,"choice.com.au, rheem.com.au, atomichotwater.com.au, bze.org.au, wateranalytics.com.au, hitechhotwater.com.au, knowablemagazine.org","rheem.com.au, choice.com.au, hitechhotwater.com.au, bze.org.au"
government free hot water systems,70,16,0,,,,,,2.46,,2.46,0,,0,0.0,,0.0,15,2,,nsw.gov.au,False,False,"google.com, batteryscheme.com.au, wateranalytics.com.au, rheem.com.au, solarscheme.com.au, agl.com.au, solarchoice.net.au, thermastore.com.au","wateranalytics.com.au, powerbay.com.au, sanden-hot-water.com.au, ausgreensolarsolutions.com.au, energytick.com.au","allhomeservices.com.au, madimack.com, rheem.com.au, solahart.com.au, agl.com.au","rheem.com.au, powerbay.com.au",,
solar heat pump hot water,70,20,70,,,,,,3.53,,3.53,0,,0,11.18,,11.18,28,0,,solahart.com.au,False,False,,pure-electric.com.au,"madimack.com, e-greenelectrical.com.au, rheem.com.au","solargreen.net.au, powerbay.com.au, suncityhotwater.com.au, solahart.com.au, wateranalytics.com.au, solarwise.com.au, rheem.com.au, fallonsolutions.com.au","solahart.com.au, fixnflow.com.au, reece.com.au, fasthotwater.com.au, wateranalytics.com.au, hot-water-melbourne.com.au, wulfe.au, wilsonhotwater.com.au, green.com.au, carbonsavers.com.au, rheem.com.au, solaracdc.com.au","wateranalytics.com.au, solargain.com.au, solar.vic.gov.au, carbonsavers.com.au, livingsolar.com.au, reece.com.au, simplyhotwaterperth.com.au, solarhotwaterparts.com.au, hot-water-melbourne.com.au, irwinsplumbing.com.au, goldsure.com.au"
adelaide heat pumps,70,17,70,,,,,,1.94,,1.94,0,,0,0.0,,0.0,15,11,,adelaideheatpumps.com.au,False,False,google.com,,"hotwater.com.au, localchoice.com.au, hotwatertek.com.au, evoheat.com.au",evoheat.com.au,"hotwatertek.com.au, en3rgy.au, abaplumbing.com.au, evoheat.com.au",hotwatertek.com.au
gas hot water systems prices,70,,,,,,,,4.98,,4.98,1,,1,258.46,,258.46,8,5,,hiltonplumbing.com.au,False,False,"phwservices.com.au, jrgasandwater.com.au",,,bluewaveplumbing.com.au,"hiltonplumbing.com.au, reliableplumberperth.com.au, sarrosplumbing.com.au, wateranalytics.com.au, urbanfuture.com.au","hiltonplumbing.com.au, sarrosplumbing.com.au"
home water filtration system,70,46,44,0.58439269270496,0.41560730729504,0.376569037656904,0.295302012431872,0.704697984212423,2.01,,2.01,0,,0,107.78,,107.78,31,27,,freshwatersystems.com.au,False,False,"google.com, puremainswater.com.au, homewaterfiltration.com.au","waterfilter.com.au, filpure.com.au, purewaterfiltration.com.au, homewaterfiltration.com.au, puretec.com.au, cleanandclearwater.com.au","networkplumbing.com.au, wateranalytics.com.au, filpure.com.au, cloudtap.com.au, filtersystemsaustralia.com.au, sunshinecoastwaterfilters.com.au, summitfiltration.com.au, hydrotechgroup.com.au, purewaterfiltration.com.au, pureflowfiltration.com.au, tryselene.com.au, thinkwater.com.au, sznobana.com, inflowfilter.com, cleanandclearwater.com.au","trendhs.com.au, wateranalytics.com.au, sunshinecoastwaterfilters.com.au, homewaterfiltration.com.au, smartenergy.co, filtersystemsaustralia.com.au",smartenergy.co,"puretec.com.au, wateranalytics.com.au, waterfilter.com.au, filpure.com.au, smartenergy.co, purestwaterfiltration.com.au"
water testing australia,36,,36,,,,,,3.02,,3.02,0,,0,0.93,,0.93,4,15,,health.wa.gov.au,False,False,"brisbanelab.com.au, wateranalytics.com.au, filtersystemsaustralia.com.au, watertestsystems.com.au",,,,,
heat pump water heater prices australia,36,,36,,,,,,,,,,,,,,,3,9,,youtube.com,False,False,"wateranalytics.com.au, appliancesonline.com.au",simplyhotwaterperth.com.au,,,,
water fact,36,,24,,,,,,,,,,,,,,,1,,,,False,False,wateranalytics.com.au,,,,,
complete water treatment,36,,36,,,,,,,,,0,,0,5.54,,5.54,6,44,,completehomefiltration.com.au,False,False,"waterfilter.com.au, wateranalytics.com.au, homewaterfiltration.com.au, completehomefiltration.com.au","wateranalytics.com.au, plumbingproducts.com.au, waterform.com.au",,,,
home water filter system perth,36,,36,,,,,,2.0,,2.0,0,,0,5.88,,5.88,8,29,,simplyhotwaterperth.com.au,False,False,wateranalytics.com.au,waterfilterman.com.au,"dolphinhomefiltration.com.au, neighbourhoodwaterfiltration.com.au, purewaterfiltration.com.au, wateranalytics.com.au, urbanfuture.com.au",,"wateranalytics.com.au, puremainswater.com.au, waterfilter.com.au","wateranalytics.com.au, waterfilter.com.au, neighbourhoodwaterfiltration.com.au"
solar hot water perth,36,38,36,,,,,,12.03,,12.03,0,,0,71.64,,71.64,18,18,,solahart.com.au,False,False,,"westcoasttrades.com.au, hotwatersolutionswa.com.au, hiltonplumbing.com.au, solahart.com.au, verlek.com.au, rheem.com.au, solarrepairs.com.au","solahart.com.au, cameronsplumbing.com.au, rheem.com.au, positiveenergy.com.au","historicplumbing.com.au, urbanfuture.com.au, hotwatersolutionswa.com.au, rheem.com.au, positiveenergy.com.au, solargain.com.au","hotwatersolutionswa.com.au, positiveenergy.com.au, empowersolaraustralia.com.au, solarrepairs.com.au, solargain.com.au, urbanfuture.com.au","solaroak.com.au, sarrosplumbing.com.au, hotwatersolutionswa.com.au, hiltonplumbing.com.au, richtek.com.au, solargain.com.au"
water testing sydney,36,12,36,,,,,,1.55,,1.55,0,,0,6.02,,6.02,6,14,,sydneywater.com.au,False,False,safewaterlab.com.au,"wateranalytics.com.au, adgconsulting.com.au, kinetico.com, safewaterlab.com.au, altsa.com.au, mywaterscore.com.au",,,,
water testing adelaide,36,11,36,,,,,,0.8,,0.8,0,,0,1.31,,1.31,6,10,,sahealth.sa.gov.au,False,False,,"perkinelmer.com, agedevelopments.com.au, alpenplumbing.com.au, wateranalytics.com.au, altsa.com.au, scaada.com.au",,,,
heat pump australia,36,22,36,,,,,,2.34,,2.34,0,,0,1.6,,1.6,20,7,,heatpumpaustralia.com.au,False,False,mdtradeworks.com.au,"phnix-e.com, sprsunheatpump.com, gippslandhydronics.com.au","powerbay.com.au, bze.org.au, titanplumbingandroofing.com.au","powerbay.com.au, wateranalytics.com.au, reece.com.au","heatpumpservices.au, wateranalytics.com.au, reece.com.au","heataire.au, carbonsavers.com.au, solargain.com.au, evoheat.com.au, wulfe.au, reclaimenergy.com.au"
complete home water filter system,36,,30,,,,,,,,,,,,,,,7,10,,homewater.com,False,False,wateranalytics.com.au,"wateranalytics.com.au, cleanandclearwater.com.au, homewaterfiltration.com.au, filtersystemsaustralia.com.au, thinkwater.com.au",wateranalytics.com.au,completehomefiltration.com.au,,
heat pump hot water system price,36,20,36,,,,,,2.42,,2.42,0,,0,31.84,,31.84,15,3,,solarchoice.net.au,False,False,,"evoheat.com.au, sanden-hot-water.com.au, kmsservices.com.au","wateranalytics.com.au, appliancesonline.com.au, oncallhotwater.com.au, barplumbing.com.au, agl.com.au, green.com.au, rheem.com.au, choice.com.au, madimack.com, brisbaneplumbinganddrainage.com.au, evoheat.com.au, thermastore.com.au",theplumbinggang.com,,
best whole house water filtration system australia,36,22,36,,,,,,2.06,,2.06,0,,0,0.5,,0.5,15,11,,puretec.com.au,False,False,wateranalytics.com.au,"wateranalytics.com.au, filtersystemsaustralia.com.au, comparewaterfilters.com.au",,"filtersystemsaustralia.com.au, wateranalytics.com.au",,"wateranalytics.com.au, cloudtap.com.au, hydrotechgroup.com.au, filtersystemsaustralia.com.au, puretec.com.au, micronwaterfilters.com.au"
solar hot water systems perth,36,25,36,,,,,,10.46,,10.46,0,,0,9.11,,9.11,18,11,,solahart.com.au,False,False,,"westcoasttrades.com.au, google.com, verlek.com.au, solahart.com.au","verlek.com.au, fixor.com.au, hiltonplumbing.com.au","urbanfuture.com.au, hotwatersolutionswa.com.au","positiveenergy.com.au, sarrosplumbing.com.au, westcoasttrades.com.au, richtek.com.au, hiltonplumbing.com.au, wateranalytics.com.au, rheem.com.au, hotwatersolutionswa.com.au, urbanfuture.com.au, smithsplumbing.au, simplyhotwaterperth.com.au","urbanfuture.com.au, wateranalytics.com.au, rheem.com.au, solargain.com.au, hiltonplumbing.com.au, richtek.com.au, sarrosplumbing.com.au, smithsplumbing.au, solarrepairs.com.au"
water filter installation perth,36,22,36,,,,,,2.15,,2.15,0,,0,4.1,,4.1,17,24,,wawaterfilters.com.au,False,False,google.com,,"wateranalytics.com.au, hydrotechgroup.com.au, urbanfuture.com.au","wateranalytics.com.au, purewaterfiltration.com.au, richtek.com.au, dolphinhomefiltration.com.au, urbanfuture.com.au, fixor.com.au","westozwaterfilters.com.au, wateranalytics.com.au, cloudtap.com.au, urbanfuture.com.au, clear2o.com.au, dolphinhomefiltration.com.au",westflowfiltration.com.au
geothermal heat pumps,36,15,20,0.220604676162322,0.779395323837678,0.401639344262295,0.136986299493338,0.863013686808032,1.05,,1.05,0,,0,4.12,,4.12,5,5,,stiebel-eltron.com.au,False,False,,huntheat.com.au,,climateplus.com.au,,"macon.com.cn, wateranalytics.com.au, gippslandhydronics.com.au"
bore water testing,36,12,36,,,,,,2.98,,2.98,0,,0,25.07,,25.07,5,3,,sahealth.sa.gov.au,False,False,safewaterlab.com.au,"awarewatertesting.com.au, safewaterlab.com.au","safewaterlab.com.au, westsoilandwater.com.au, sustainablewatersolutions.com.au, wateranalytics.com.au",safewaterlab.com.au,,
heat pump adelaide,36,19,36,,,,,,,,,,,,,,,18,11,,adelaideheatpumps.com.au,False,False,"harveytrades.com.au, beasleypoolheating-srp.com.au, hotwater.com.au","beasleypoolheating-srp.com.au, agl.com.au, harveytrades.com.au","lpage.com.au, hotwater.com.au, adelaidewesthotwater.com.au, solahart.com.au, andrewevansplumbing.com.au, beasleypoolheating-srp.com.au, kenhallplumbers.com.au, evoheat.com.au, hotwatertek.com.au, agl.com.au, rightnowplumbingadelaide.com.au, chbp.com.au","solahart.com.au, evoheat.com.au, beasleypoolheating-srp.com.au, lpage.com.au","evoheat.com.au, hotwater.com.au, lpage.com.au, saexpressplumbing.com.au","adelaidehillshotwater.com.au, evoheat.com.au"
uv water filtration systems for home,36,14,22,0.645692520775623,0.354307479224377,0.394736842105263,0.347826071833649,0.652173884688092,0.67,,0.67,0,,0,0.62,,0.62,5,4,,aquasafe.com.au,False,False,filtersystemsaustralia.com.au,filtersystemsaustralia.com.au,filtersystemsaustralia.com.au,"wateranalytics.com.au, filtersystemsaustralia.com.au, daveywater.com, puretec.com.au",,
best hot water system australia,36,26,36,,,,,,4.9,,4.9,0,,0,0.0,,0.0,4,1,,energy.gov.au,False,False,,"powerbay.com.au, choice.com.au","powerbay.com.au, wateranalytics.com.au, choice.com.au",,,
reverse osmosis filtration system,36,,22,0.398216631950008,0.601783368049992,0.367088607594937,0.3599999928,0.6399999872,1.99,,1.99,0,,0,1.33,,1.33,23,4,,philips.com.au,False,False,"puretec.com.au, filtersforyou.com.au, aquala.au, google.com, aquaserve.com.au, shieldwaterfilter.com.au","waterdropfilter.com.au, wateranalytics.com.au, filtermate.com.au, desalinationwatermaker.com, forenwater.com, puretec.com.au","filtersystemsaustralia.com.au, waterdropfilter.com.au, waterscoaustralia.com.au, cleanandclearwater.com.au, philips.com.au, tappwater.com.au","filtersystemsaustralia.com.au, philips.com.au, fullhousewaterfiltration.com.au, wateranalytics.com.au, bespokewater.com.au, filpure.com.au, filteredwatersolutions.com.au","filtersystemsaustralia.com.au, waterdropfilter.com.au, filpure.com.au","filtersystemsaustralia.com.au, waterfilter.com.au, filpure.com.au"
water filtration systems australia,36,,36,,,,,,2.92,,2.92,0,,0,4.02,,4.02,9,45,,freshwatersystems.com.au,False,False,greatwaterfilters.com.au,,,"filtersystemsaustralia.com.au, completehomefiltration.com.au","filtersystemsaustralia.com.au, wateranalytics.com.au, purewatersystems.com.au, mywaterfilter.com.au, filteredwatersolutions.com.au, waterscoaustralia.com.au, cleanandclearwater.com.au",
heat pump hot water service,36,26,36,,,,,,,,,,,,,,,12,9,,nsw.gov.au,False,False,fallonsolutions.com.au,"brisbaneplumbinganddrainage.com.au, thermastore.com.au, speedyhotwater.com.au, green.com.au, fallonsolutions.com.au","theplumbinggang.com, turboplumbingsolutions.com.au, speedyhotwater.com.au, rheem.com.au, fallonsolutions.com.au","wateranalytics.com.au, appliancesonline.com.au",,
home water purification systems,36,,18,0.661614411733447,0.338385588266553,0.474226804123711,0.235294113033449,0.764705867358708,2.73,,2.73,0,,0,25.01,,25.01,2,33,,freshwatersystems.com.au,False,False,"thinkwater.com.au, wateranalytics.com.au",wateranalytics.com.au,,wateranalytics.com.au,,
instant electric hot water,36,,18,,,,,,1.69,,1.69,0,,0,203.39,,203.39,15,5,,zipwater.com,False,False,"reece.com.au, jimsplumbing.com.au, auscoplumbingandgas.com.au","hiltonplumbing.com.au, emberplumbingperth.com.au","hiltonplumbing.com.au, boilingwater.com.au","rinnai.com.au, hiltonplumbing.com.au, westcoasttrades.com.au, reece.com.au, rheem.com.au","hiltonplumbing.com.au, rinnai.com.au, reece.com.au, westcoasttrades.com.au","richtek.com.au, hiltonplumbing.com.au, austwestplumbing.com.au, simplyhotwaterperth.com.au"
whole house filter system,36,,20,0.73825,0.26175,0.45,,,,,,,,,,,,4,18,,simplyfiltration.com.au,False,False,waterfilter.com.au,wateranalytics.com.au,filtersystemsaustralia.com.au,filtersystemsaustralia.com.au,filtersystemsaustralia.com.au,filtersystemsaustralia.com.au
hot water heat pumps,36,,20,,,,,,2.84,,2.84,0,,0,31.26,,31.26,17,5,,agl.com.au,False,False,"solahart.com.au, salmonplumbing.com.au, plumbstargroup.com, 1stchoicehotwater.com.au","solahart.com.au, fallonsolutions.com.au, speedyhotwater.com.au, salmonplumbing.com.au","perthhotwatergroup.com.au, rheem.com.au","originenergy.com.au, australiangreensolution.com.au, powerbay.com.au, istore.net.au","wateranalytics.com.au, reece.com.au, acplumbing.com.au, turboplumbingsolutions.com.au","australiangreensolution.com.au, vichotwater.com.au"
heat pumps brisbane,36,,36,,,,,,4.88,,4.88,0,,0,3.21,,3.21,46,18,,salmonplumbing.com.au,False,False,"solahart.com.au, sjkcollective.com.au, salmonplumbing.com.au, installedtoday.com.au, kmsservices.com.au, qplumbinglocal.com.au, fallonsolutions.com.au, hitechhotwater.com.au, theplumbinggang.com, evoheat.com.au, brisbanehotwaterplumbers.com.au, celsiusheatpumps.com.au, kevsplumbing.com.au, lwplumbing.com.au, callreliabletradies.com.au, 1stchoicehotwater.com.au, thehotwatergang.com.au, barramundiplumbing.com.au, brisbanehotwaterservices.com.au, irwinsplumbing.com.au, dspg.com.au, solarchoice.net.au, brisbaneflow-plumbing.com.au, google.com, jrgasandwater.com.au","evoheat.com.au, solarwise.com.au, dspg.com.au, solahart.com.au, smarterair.com.au, hitechhotwater.com.au, thermastore.com.au, salmonplumbing.com.au, victorvoltage.com.au, speedyhotwater.com.au, ewoq.com.au, theplumbinggang.com, brisbanehotwaterplumbers.com.au, thehotwatergang.com.au, myplace.com.au, turboplumbingsolutions.com.au, macdonaldsae.com.au, sjkcollective.com.au, fallonsolutions.com.au, callreliabletradies.com.au, brisbanehotwaterservices.com.au, google.com","evoheat.com.au, callreliabletradies.com.au, speedyhotwater.com.au, iceboltelectrical.com.au, salmonplumbing.com.au, thermastore.com.au, macdonaldsae.com.au, theplumbinggang.com, solahart.com.au, solarwise.com.au, thehotwatergang.com.au, turboplumbingsolutions.com.au, green.com.au, fallonsolutions.com.au, sjkcollective.com.au, kmsservices.com.au, solaplumb.com.au, hitechhotwater.com.au, brisbanehotwaterplumbers.com.au, 1stchoicehotwater.com.au, jrgasandwater.com.au, dspg.com.au","evoheat.com.au, solahart.com.au, speedyhotwater.com.au, theplumbinggang.com, turboplumbingsolutions.com.au, diamondairandenergy.com.au, wateranalytics.com.au, brisbanehotwaterplumbers.com.au, drleakplumbingqld.com.au, acplumbing.com.au, callreliabletradies.com.au, salmonplumbing.com.au, solarwise.com.au, quinnenergy.ca, baysideair.com.au, macdonaldsae.com.au, fallonsolutions.com.au, green.com.au, alfaair.com.au, diamondairenergy.com.au","wateranalytics.com.au, evoheat.com.au, solahart.com.au, theplumbinggang.com, salmonplumbing.com.au, solarwise.com.au, mhiaa.com.au, baysideair.com.au, diamondairandenergy.com.au, speedyhotwater.com.au",
full house water filtration system,36,17,24,,,,,,,,,,,,,,,26,7,,fullhousewaterfiltration.com.au,False,False,"wateranalytics.com.au, filtersystemsaustralia.com.au, google.com, waterfilter.com.au, aquaserve.com.au, shieldwaterfilter.com.au, aewaterfilters.com, mrsplashplumbing.com.au","wateranalytics.com.au, waterfilter.com.au, filtersystemsaustralia.com.au, aquastream.com.au, waterfilterman.com.au, nexahomesolutions.com.au, mrsplashplumbing.com.au, google.com","networkplumbing.com.au, cleanandclearwater.com.au, filpure.com.au, purestwaterfiltration.com.au, purpleduck.com.au, safemains.com.au, wateranalytics.com.au, filtersystemsaustralia.com.au, collisbrosplumbing.com.au, lovable.app","filtap.com.au, smartenergy.co, purestwaterfiltration.com.au, hyperwellbeing.com.au, cleanandclearwater.com.au, wateranalytics.com.au, filpure.com.au, networkplumbing.com.au","waterfilter.com.au, cleanandclearwater.com.au, smartenergy.co, filtap.com.au, purestwaterfiltration.com.au, reactiveplumbingandelectrical.com.au, fullhousewaterfiltration.com.au, wateranalytics.com.au, filpure.com.au","filtersystemsaustralia.com.au, filpure.com.au, purestwaterfiltration.com.au, wateranalytics.com.au, waterfilter.com.au, cleanandclearwater.com.au"
electric heat pump water heater,36,23,24,0.363233033452703,0.636766966547297,0.317757009345794,0.287671230906361,0.712328762244324,2.13,,2.13,0,,0,4.88,,4.88,12,5,,nsw.gov.au,False,False,,"solahart.com.au, fallonsolutions.com.au, reece.com.au, acplumbing.com.au, hiltonplumbing.com.au","solahart.com.au, reece.com.au, powerbay.com.au, appliancesonline.com.au, choice.com.au, agl.com.au, rheem.com.au, wateranalytics.com.au, daikin.com.au",,,
free heat pump hot water system victoria,36,,36,,,,,,2.32,,2.32,0,,0,0.0,,0.0,25,4,,darebin.vic.gov.au,False,False,"unwindai.com.au, sanden-hot-water.com.au","sanden-hot-water.com.au, greenuser.com.au","australiangreensolution.com.au, solarchoice.net.au, carbonsavers.com.au, solarrun.com.au, expertplumbing.com.au, rheem.com.au, waldronheatingcooling.com.au, goldsure.com.au","australiangreensolution.com.au, carbonsavers.com.au, easyelectricsec.com.au, goldsure.com.au, rheem.com.au, wateranalytics.com.au, ipromiseaustralia.com.au, solarchoice.net.au","carbonsavers.com.au, australiangreensolution.com.au, goldsure.com.au, energy.vic.gov.au, wilsonhotwater.com.au, optenergy.com.au, hot-water-melbourne.com.au, solar.vic.gov.au, gstore.com.au","australiangreensolution.com.au, carbonsavers.com.au, optenergy.com.au, energy.vic.gov.au, goldsure.com.au"
water analysis,36,20,10,0.42625,0.57375,0.695652173913044,0.142857137755102,0.857142826530613,3.06,,3.06,0,,0,20.47,,20.47,1,3,,sydneywater.com.au,False,False,,wateranalytics.com.au,wateranalytics.com.au,,,
water filter perth,36,,36,,,,,,1.86,,1.86,0,,0,0.42,,0.42,27,41,,simplyhotwaterperth.com.au,False,False,"puremainswater.com.au, aquastream.com.au, google.com, wateranalytics.com.au, aussienaturalfiltration.com.au","wateranalytics.com.au, inflowfilter.com, mrsippy.com, ecobud.com.au","purewaterfiltration.com.au, protocol-plumbing.com.au, wateranalytics.com.au","wateranalytics.com.au, dolphinhomefiltration.com.au, hydrotechgroup.com.au, clear2o.com.au, water2.com, inflowfilter.com, ourtaap.com, pure2o.com.au, purewaterfiltration.com.au, aquariuswaterfilters.com.au, cloudtap.com.au, urbanfuture.com.au, filtersystemsaustralia.com.au","northsidehomefiltration.com.au, cloudtap.com.au, urbanfuture.com.au, wateranalytics.com.au, dolphinhomefiltration.com.au, waterfilter.com.au, aquariuswaterfilters.com.au","waterfilter.com.au, hydrotechgroup.com.au, westozwaterfilters.com.au, westflowfiltration.com.au, wateranalytics.com.au, cloudtap.com.au, greatwaterfilters.com.au"
whole house water filtration system,36,20,26,0.487145130860903,0.512854869139097,0.255842558425584,0.262809916920975,0.737190081426132,1.82,,1.82,0,,0,41.41,,41.41,11,12,,filtersystemsaustralia.com.au,False,False,"waterfilter.com.au, google.com","filtersystemsaustralia.com.au, cloudtap.com.au, westozwaterfilters.com.au","filtersystemsaustralia.com.au, wateranalytics.com.au, thinkwater.com.au","filtersystemsaustralia.com.au, wateranalytics.com.au, hydrosmart.com.au, hydrotechgroup.com.au",,"filtersystemsaustralia.com.au, wateranalytics.com.au, thinkwater.com.au, springwellwater.com"
electric hot water system perth,36,25,36,,,,,,10.28,,10.28,0,,0,0.0,,0.0,33,8,,hiltonplumbing.com.au,False,False,"oncallhotwater.com.au, papasplumbingandgas.com.au, fixor.com.au, hiltonplumbing.com.au, auscoplumbingandgas.com.au, irwinsplumbing.com.au","emberplumbingperth.com.au, unrivalledpg.com.au, element47.com.au, hiltonplumbing.com.au, irwinsplumbing.com.au, reece.com.au, sarrosplumbing.com.au, papasplumbingandgas.com.au","hiltonplumbing.com.au, perthplumbingco.com.au, bestcoast.com.au, auscoplumbingandgas.com.au, evoheat.com.au, hotwatersolutionswa.com.au, reece.com.au, haierhome.com.au, plumbingbros.com.au, callsignatureplumbing.com.au, papasplumbingandgas.com.au, gxrplumbing.com.au, unrivalledpg.com.au, sarrosplumbing.com.au, oncallhotwater.com.au, perthhotwatergroup.com.au","richtek.com.au, fixor.com.au, hotwatersolutionswa.com.au, papasplumbingandgas.com.au, proudplumbingandgas.com.au, hiltonplumbing.com.au, westcoasttrades.com.au, mackieplumbingperth.com.au, irwinsplumbing.com.au","sarrosplumbing.com.au, cadenceplumbingperth.com.au, hiltonplumbing.com.au, richtek.com.au, westcoasttrades.com.au, hotwatersolutionswa.com.au, plumbingbros.com.au, auscoplumbingandgas.com.au, bunnings.com.au, fixor.com.au","auscoplumbingandgas.com.au, richtek.com.au, hiltonplumbing.com.au, westcoasttrades.com.au, cadenceplumbingperth.com.au"
electric hot water systems,36,,36,,,,,,3.78,,3.78,2,,2,790.62,,790.62,54,9,,cassbrothers.com.au,False,False,"rheem.com.au, wilcoplumbing.com.au, penrithhotwatersystems.au, fasthotwater.com.au, solahart.com.au, fallonsolutions.com.au, google.com, reece.com.au, servicetoday.com.au, phwservices.com.au, penrithhotwatersystem.com.au, evoheat.com.au, haierhome.com.au, australianhotwater.com.au, 1stchoicehotwater.com.au, solarrun.com.au, localplumbingheroes.com.au, mr247localplumbers.com.au, majesticplumbingservices.com.au","gilmourplumbing.com.au, rheem.com.au, penrithhotwatersystems.au, penrithhotwatersystem.com.au, fasthotwater.com.au, fixnflowhotwater.com.au, localplumbingheroes.com.au, penrithcityplumbingservices.com.au, fallonsolutions.com.au, flussoplumbing.com.au, plumbinganddrainstoday.com.au, agl.com.au, reece.com.au, trgplumbinganddrainage.com.au, solahart.com.au, servicetoday.com.au, choice.com.au, speedyhotwater.com.au, thermastore.com.au","gilmourplumbing.com.au, solahart.com.au, fixnflowhotwater.com.au, penrithhotwatersystems.au, penrithhotwatersystem.com.au, localplumbingheroes.com.au, rheem.com.au, penrithcityplumbingservices.com.au, bunnings.com.au, champion-plumbing.com.au, fasthotwater.com.au, hotwaterplumber.au, mrflowplumbing.com.au, fixnflow.com.au, hotwater.com.au, rightnowplumbingadelaide.com.au, andrewevansplumbing.com.au, kenhallplumbers.com.au, cheapahotwater.com.au, wilcoplumbing.com.au, servicetoday.com.au, networkplumbing.com.au, reece.com.au, brisbaneplumbinganddrainage.com.au, fallonsolutions.com.au, climateplus.com.au, haierhome.com.au, majesticplumbingservices.com.au, yourfamilyplumbers.com.au, jetsetplumbing.com.au, agl.com.au, plumbinganddrainstoday.com.au, mrflowhotwater.com.au","penrithhotwatersystem.com.au, rheem.com.au, penrithhotwatersystems.au, fasthotwater.com.au, fixnflow.com.au, fixnflowhotwater.com.au, gilmourplumbing.com.au, reece.com.au, mrflowplumbing.com.au, solahart.com.au, plumbchoice.au","wateranalytics.com.au, rinnai.com.au, fallonsolutions.com.au, cheapahotwater.com.au, rheem.com.au, penrithhotwatersystem.com.au, fixnflow.com.au, fasthotwater.com.au, daikin.com.au, fixnflowhotwater.com.au, phwservices.com.au, crolp.com.au, calladelaideexpertplumbing.com.au, kenhallplumbers.com.au, saexpressplumbing.com.au, hotwatertek.com.au, bunnings.com.au, penrithhotwatersystems.au, mrsplashplumbing.com.au, wilcoplumbing.com.au",
whole house water filter australia,36,26,36,,,,,,1.51,,1.51,0,,0,89.7,,89.7,13,17,,puretec.com.au,False,False,filtersystemsaustralia.com.au,"filtersystemsaustralia.com.au, wateranalytics.com.au, psifilters.com.au, thinkwater.com.au",filtersystemsaustralia.com.au,,wateranalytics.com.au,
hot water pumps,36,,22,0.5160625,0.4839375,0.35,0.384615369822486,0.615384591715977,1.83,,1.83,0,,0,0.55,,0.55,5,8,,parkerpumps.com.au,False,False,"wateranalytics.com.au, reece.com.au, powerbay.com.au","cooltechpumps.com.au, reece.com.au, wateranalytics.com.au, appliancesonline.com.au",,,,
water filter installation melbourne,36,28,36,,,,,,12.25,,12.25,0,,0,3.35,,3.35,37,15,,greatwaterfilters.com.au,False,False,"plumbersnorthmelbourne.com.au, greatwaterfilters.com.au, pureflowfiltration.com.au, realwater.au, google.com, 247northmelbourneplumber.com.au, aquaserve.com.au, cleanandclearwater.com.au","cleanandclearwater.com.au, filtap.com.au, wateranalytics.com.au, greatwaterfilters.com.au, filteredwatersolutions.com.au, pureflowfiltration.com.au, purewaterfiltration.com.au, google.com, atcplumbing.com.au, demandfiltration.com, plumbersnorthmelbourne.com.au, plumbingbros.com.au","cleanandclearwater.com.au, filtap.com.au, expertplumbing.com.au, irwinsplumbing.com.au, purewaterfiltration.com.au, filteredwatersolutions.com.au, pureflowfiltration.com.au, fullhousefiltration.com.au, wateranalytics.com.au, comparewaterfilters.com.au, tryselene.com.au","filtap.com.au, cleanandclearwater.com.au, purewaterfiltration.com.au, pureflowfiltration.com.au, expertplumbing.com.au","cleanandclearwater.com.au, pureflowfiltration.com.au, filtap.com.au, filteredwatersolutions.com.au, landing-pages.com.au, greatwaterfilters.com.au","pureflowfiltration.com.au, filtap.com.au, filteredwatersolutions.com.au, wateranalytics.com.au, slaterpumpsmelbourne.com.au, cleanandclearwater.com.au, demandfiltration.com.au, greatwaterfilters.com.au"
heat pump hot water rebate qld,36,14,36,,,,,,3.74,,3.74,0,,0,0.0,,0.0,15,0,,reclaimenergy.com.au,False,False,"solahart.com.au, hitechhotwater.com.au, google.com, 1stchoicehotwater.com.au, wateranalytics.com.au, thermastore.com.au, solarchoice.net.au, brisbanehotwaterservices.com.au","fallonsolutions.com.au, suncityhotwater.com.au, sanden-hot-water.com.au, solahart.com.au, salmonplumbing.com.au","dspg.com.au, evoheat.com.au, fallonsolutions.com.au, thermastore.com.au, speedyhotwater.com.au",,,
hot water heat pump reviews,36,13,30,,,,,,1.75,,1.75,0,,0,8.69,,8.69,6,0,,solarchoice.net.au,False,False,solarchoice.net.au,"staticplumbers.com.au, choice.com.au, kmsservices.com.au",,"choice.com.au, wateranalytics.com.au, salmonplumbing.com.au",wateranalytics.com.au,
full house water filter system,36,17,22,,,,,,,,,,,,,,,6,5,,puretec.com.au,False,False,"aquastream.com.au, google.com",,,,,wateranalytics.com.au
rainwater tank filter,36,13,36,,,,,,1.24,,1.24,0,,0,56.44,,56.44,7,1,,tankshop.com.au,False,False,"puretec.com.au, filtermate.com.au, realwater.au, filtersystemsaustralia.com.au",,"wateranalytics.com.au, puretec.com.au, filtersystemsaustralia.com.au, psifilters.com.au","waterfilter.com.au, puretec.com.au, filtersystemsaustralia.com.au",,
heat pump hot water government rebate,36,15,36,,,,,,2.55,,2.55,0,,0,5.45,,5.45,41,0,,nsw.gov.au,False,False,"expertplumbing.com.au, thermastore.com.au, waldronheatingcooling.com.au, energyupgrader.com.au, australiangreensolution.com.au, solahartgeelong.com.au, sanden-hot-water.com.au, geelongheatpumps.com.au, futurenrg.com.au, solahart.com.au, carbonsavers.com.au, wateranalytics.com.au, agl.com.au, barwonheatpumps.com.au, c2henergy.com.au","energysaversco.com, expertplumbing.com.au, thermastore.com.au, waldronheatingcooling.com.au, reece.com.au, australiangreensolution.com.au, solahart.com.au, carbonsavers.com.au, rheem.com.au, geelongheatpumps.com.au, energyupgrader.com.au, toohottohandle.com.au, evoheat.com.au, hitechhotwater.com.au, northlakesplumbingqld.com.au, gjbradding.com.au, energytick.com.au, solahartgeelong.com.au, futurenrg.com.au","energyupgrader.com.au, geelongheatpumps.com.au, ipromiseaustralia.com.au, australiangreensolution.com.au, waldronheatingcooling.com.au, carbonsavers.com.au, thermastore.com.au, toohottohandle.com.au, solarrun.com.au, solahart.com.au, evoheat.com.au, sanden-hot-water.com.au, speedyhotwater.com.au, paceplumbingandgas.com.au, salmonplumbing.com.au, expertplumbing.com.au, energysaversco.com, greenuser.com.au, mdtradeworks.com.au","carbonsavers.com.au, energyupgrader.com.au, toohottohandle.com.au, australiangreensolution.com.au, hinchplumbing.com, solahart.com.au, powerbay.com.au, mailchi.mp, wateranalytics.com.au, geelongheatpumps.com.au, easyelectricsec.com.au, futurenrg.com.au, sanden-hot-water.com.au","carbonsavers.com.au, australiangreensolution.com.au, solar.vic.gov.au, energy.vic.gov.au, wateranalytics.com.au, evoheat.com.au, hotwatersolutionswa.com.au","australiangreensolution.com.au, carbonsavers.com.au, energy.vic.gov.au, solar.vic.gov.au, optenergy.com.au, evoheat.com.au, ipromiseaustralia.com.au, smartenergytechnologies.com.au"
water softener system,36,12,22,0.639573892348073,0.360426107651927,0.368100825727944,0.335625859466557,0.664374139845685,1.7,,1.7,0,,0,125.81,,125.81,6,2,,landwater.com.au,False,False,,"filtersystemsaustralia.com.au, hydrosmart.com.au",filtersystemsaustralia.com.au,,wateranalytics.com.au,"completehomefiltration.com.au, wilcoplumbing.com.au, fixnflow.com.au, wateranalytics.com.au"
electric heat pump,36,19,16,0.596307092339216,0.403692907660784,0.531165311653117,0.341040460456414,0.65895953376324,1.46,,1.46,0,,0,24.55,,24.55,14,1,,rinnai.com.au,False,False,,"solahart.com.au, agl.com.au, thermastore.com.au, reece.com.au, powerbay.com.au, solarhub.net.au, everllence.com, beasleypoolheating-srp.com.au, rheem.com.au, carbonsavers.com.au, choice.com.au","wateranalytics.com.au, solarhub.net.au, reece.com.au, choice.com.au, agl.com.au, solahart.com.au, sunstak.com.au, powerbay.com.au, carbonsavers.com.au, australiangreensolution.com.au",,,
home filtration system,36,27,20,0.520142857142857,0.479857142857143,0.414285714285714,0.219512189767995,0.780487785841761,,,,,,,,,,15,26,,teamsmartfix.com.au,False,False,"wateranalytics.com.au, waterfilter.com.au, purewaterfiltration.com.au, nexahomesolutions.com.au",aquastream.com.au,"wateranalytics.com.au, filtersystemsaustralia.com.au, greatwaterfilters.com.au, thinkwater.com.au, comparewaterfilters.com.au",,,
whole house water filter system,36,28,22,0.619704265075887,0.380295734924113,0.398648648648649,0.325842695408829,0.674157300845853,1.73,,1.73,0,,0,120.0,,120.0,12,10,,crystalclearfiltration.com.au,False,False,"aquastream.com.au, filtersystemsaustralia.com.au","filtersystemsaustralia.com.au, google.com","wateranalytics.com.au, cleanandclearwater.com.au","filtersystemsaustralia.com.au, wateranalytics.com.au, cleanandclearwater.com.au, alkaviva.com.au",,
home water filtration systems,36,,24,0.629601664684899,0.370398335315101,0.301724137931034,,,2.14,,2.14,0,,0,94.34,,94.34,13,20,,freshwatersystems.com.au,False,False,"google.com, homewaterfiltration.com.au, wateranalytics.com.au","wateranalytics.com.au, filtersystemsaustralia.com.au","homewaterfiltration.com.au, wateranalytics.com.au, filtersystemsaustralia.com.au","wateranalytics.com.au, homewaterfiltration.com.au","purestwaterfiltration.com.au, fullhousewaterfiltration.com.au, wateranalytics.com.au, philips.com.au","wateranalytics.com.au, filpure.com.au, purestwaterfiltration.com.au, thehomewaterfilterguy.com.au, homewaterfiltration.com.au, filtersystemsaustralia.com.au, aquala.au, waterscoaustralia.com.au, cleanandclearwater.com.au"
solar heat pumps,36,,22,,,,,,,,,,,,,,,85,7,,agsolar.com.au,False,False,"toohottohandle.com.au, solahart.com.au, solahartballarat.com.au, reece.com.au, rheem.com.au, australiangreensolution.com.au, advantagesolar.com.au","thermastore.com.au, advantagesolar.com.au, rheem.com.au, reece.com.au, istore.net.au, bosspoolheating.com.au, huntheat.com.au, samedayhotwaterservice.com.au, toohottohandle.com.au, solahartballarat.com.au, energyscheme.com.au, vicpowersavers.com.au, futurenrg.com.au, zelora.com.au, wateranalytics.com.au, evoheat.com.au, goldsure.com.au, tcksolar.com.au, solahart.com.au, newgensolar.com.au, hot-water-melbourne.com.au, watters.com.au, carbonsavers.com.au, solarincentives.com.au, gstore.com.au, bendigosolarcompany.com.au, solarbatterygroup.com.au, 3psolar.com.au, middletonsgroup.com.au, solahartgeelong.com.au, energyupgrader.com.au, kingdomclimatesolutions.com.au, unifiedenergy.com.au, wilsonhotwater.com.au, solarwise.com.au, solargreen.net.au, barwonheatpumps.com.au, solarflow.com.au, wulfe.au, solargain.com.au, velocitysolar.com.au, evosolar.com.au, livingsolar.com.au, renviropower.com.au, easyelectricsec.com.au, jayceeplumbing.com.au, suncityhotwater.com.au, australianenergyupgrades.com.au, fallonsolutions.com.au, solar.vic.gov.au, geelongheatpumps.com.au, solarchoice.net.au, solarrun.com.au, greenuser.com.au, solarscheme.com.au, australiangreensolution.com.au, envirosun.au, hitechhotwater.com.au, hiltonplumbing.com.au, hotwatersolutionswa.com.au, solarrepairs.com.au, essentialsolar.com.au, tesla.com","solargainbendigo.com.au, futurenrg.com.au, solarpowershepparton.com.au, carbonsavers.com.au, australiangreensolution.com.au, bosspoolheating.com.au, solahart.com.au, solahartballarat.com.au, wateranalytics.com.au, powerbay.com.au, unifiedenergy.com.au, zelora.com.au, toohottohandle.com.au, australianenergyupgrades.com.au, agl.com.au, newgensolar.com.au, tcksolar.com.au, hitechhotwater.com.au, solahartgeelong.com.au, solarincentives.com.au, mahoneydasilva.com.au, solarhotwaterparts.com.au, eicosolar.au, energyupgrader.com.au, watters.com.au, gstore.com.au, solaracdc.com.au, auspacsolar.com.au, australiasolarconnect.com, huntheat.com.au, livingsolar.com.au, solarbatterygroup.com.au, evosolar.com.au, trione.com.au, energyscheme.com.au, green.com.au, 3psolar.com.au, racv.com.au, localchoice.com.au, geelongheatpumps.com.au, advantagesolar.com.au, solargain.com.au, evoheat.com.au, solarflow.com.au, daikin.com.au, rheem.com.au, solar.vic.gov.au, reece.com.au, heatpumpservices.au, jetsolar.com.au, middletonsgroup.com.au, kingdomclimatesolutions.com.au, goldsure.com.au, winkienergy.com.au, istore.net.au, thermastore.com.au","zelora.com.au, solahart.com.au, toohottohandle.com.au, carbonsavers.com.au, geelongheatpumps.com.au, futurenrg.com.au, solarpowershepparton.com.au, wateranalytics.com.au, bosspoolheating.com.au, samedayhotwaterservice.com.au, awdwplumbing.com.au, madimack.com, 3psolar.com.au, solarflow.com.au, tcksolar.com.au, reece.com.au, energyupgrader.com.au, hitechhotwater.com.au, solargainbendigo.com.au, solar.vic.gov.au, green.com.au, solahartballarat.com.au, watters.com.au, baysideachw.com, greenuser.com.au, solarincentives.com.au, australiasolarconnect.com, solarchoice.net.au, kingdomclimatesolutions.com.au, istore.net.au, huntheat.com.au, middletonsgroup.com.au, evoheat.com.au, newgensolar.com.au, sunselect.com.au",,
filter water system,36,,20,,,,,,2.42,,2.42,0,,0,27.81,,27.81,2,22,,freshwatersystems.com.au,False,False,wateranalytics.com.au,,,,,
heat pumps for hot water,36,25,36,,,,,,2.65,,2.65,0,,0,0.0,,0.0,36,5,,nsw.gov.au,False,False,"google.com, solahart.com.au, salmonplumbing.com.au, plumbstargroup.com, wateranalytics.com.au","hitechhotwater.com.au, fallonsolutions.com.au, solahart.com.au, solarwise.com.au","evoheat.com.au, agl.com.au, daikin.com.au, powerbay.com.au, reece.com.au, easyelectricsec.com.au, brisbaneplumbinganddrainage.com.au","easyelectricsec.com.au, powerbay.com.au, wateranalytics.com.au, gstore.com.au, evoheat.com.au, reece.com.au, solahartwaggawagga.com.au, agl.com.au, solargain.com.au, hitechhotwater.com.au, intaflo.com, solar.vic.gov.au, choice.com.au","automaticheating.com.au, energy.vic.gov.au, solar.vic.gov.au, choice.com.au, evoheat.com.au, solahartwaggawagga.com.au, agl.com.au, reece.com.au, sanden-hot-water.com.au, appliancesonline.com.au, wateranalytics.com.au, rinnai.com.au, gstore.com.au, solargain.com.au, daikin.com.au, acplumbing.com.au, fallonsolutions.com.au","evoheat.com.au, solahartwaggawagga.com.au, reece.com.au, gstore.com.au, wateranalytics.com.au, sanden-hot-water.com.au, istore.net.au, powerbay.com.au, ahhac.com.au"
electric storage hot water system,36,23,36,,,,,,2.28,,2.28,0,,0,9.8,,9.8,16,0,,thermann.com.au,False,False,"google.com, acplumbing.com.au, rheem.com.au","plumbing-doctor.com.au, urbanfuture.com.au, emberplumbingperth.com.au, trgplumbinganddrainage.com.au, fallonsolutions.com.au",,westcoasttrades.com.au,"fallonsolutions.com.au, acplumbing.com.au","wateranalytics.com.au, reece.com.au, hiltonplumbing.com.au, sarrosplumbing.com.au, hotwatersolutionswa.com.au, richtek.com.au"
water filter installation sydney,36,11,36,,,,,,10.61,,10.61,0,,0,4.59,,4.59,36,10,,filpure.com.au,False,False,"hydraflo.com.au, filtersforyou.com.au, google.com, greatwaterfilters.com.au, aquaserve.com.au, cleanandclearwater.com.au, spsplumbers.com.au, mr247localplumbers.com.au","hydraflo.com.au, cleanandclearwater.com.au, comparewaterfilters.com.au, minthomefiltration.com, purewaterfiltration.com.au, filteredwatersolutions.com.au, samedayhomeservices.com.au, rixsplumbing.com.au, linkplumbing.com.au, google.com","filteredwatersolutions.com.au, purpleduck.com.au, filpure.com.au, fallonsolutions.com.au, filtap.com.au, samedayhomeservices.com.au, cleanandclearwater.com.au, hydraflo.com.au, lovable.app, safemains.com.au, purewaterfiltration.com.au, minthomefiltration.com, collisbrosplumbing.com.au, comparewaterfilters.com.au, mrflowplumbing.com.au","filpure.com.au, samedayhomeservices.com.au, purewaterfiltration.com.au, cleanandclearwater.com.au","emergencyhomeservices.com.au, cleanandclearwater.com.au, greatwaterfilters.com.au, filtap.com.au, filteredwatersolutions.com.au, hipages.com.au, wilcoplumbing.com.au, collisbrosplumbing.com.au, yakkazplumbing.com.au, novoh2o.com.au, samedayhomeservices.com.au","filtap.com.au, wilcoplumbing.com.au, cleanandclearwater.com.au, filteredwatersolutions.com.au, wateranalytics.com.au, emergencyhomeservices.com.au"
water filtration installation,36,,18,,,,,,8.53,,8.53,0,,0,0.0,,0.0,9,3,,sodatap.com.au,False,False,fallonsolutions.com.au,"completehomefiltration.com.au, bayplumbingdrainage.com.au, myplumbingservices.com.au","jilawater.com.au, purewaterfiltration.com.au","completehomefiltration.com.au, jaycoplumbing.com.au, cleanandclearwater.com.au, wateranalytics.com.au",completehomefiltration.com.au,
water filter systems,36,,18,0.462325706980537,0.537674293019463,0.476525821596244,0.345291478272236,0.65470851724346,2.42,,2.42,0,,0,59.87,,59.87,29,25,,freshwatersystems.com.au,False,False,"filtersystemsaustralia.com.au, google.com, waterscoaustralia.com.au, inflowfilter.com, aquaserve.com.au, shieldwaterfilter.com.au, wateranalytics.com.au","filtersystemsaustralia.com.au, waterfilter.net.au, waterscoaustralia.com.au, purewatersystems.com.au, wateranalytics.com.au, mrsplashplumbing.com.au","filtersystemsaustralia.com.au, networkplumbing.com.au, wateranalytics.com.au, purpleduck.com.au, filpure.com.au, minthomefiltration.com","filtersystemsaustralia.com.au, smartenergy.co, homewaterfiltration.com.au, wateranalytics.com.au","reactiveplumbingandelectrical.com.au, smartenergy.co, waterfilter.com.au, valueh2o.com.au, wateranalytics.com.au, filtersystemsaustralia.com.au, cleanandclearwater.com.au, filpure.com.au",filtersystemsaustralia.com.au
full home water filtration system,36,24,28,0.296354453627181,0.703645546372819,0.212121212121212,0.423076906804734,0.576923054733729,,,,,,,,,,27,14,,completehomefiltration.com.au,False,False,"google.com, wateranalytics.com.au, waterfilter.com.au, filtersforyou.com.au, aquaserve.com.au, inflowfilter.com, filtersystemsaustralia.com.au, shieldwaterfilter.com.au, mrsplashplumbing.com.au","wateranalytics.com.au, waterfilter.com.au, cleanandclearwater.com.au, purewaterfiltration.com.au, purestwaterfiltration.com.au, filtap.com.au, filtermate.com.au, mrsplashplumbing.com.au, google.com","wateranalytics.com.au, purestwaterfiltration.com.au, cleanandclearwater.com.au, filtersystemsaustralia.com.au, networkplumbing.com.au, purpleduck.com.au, safemains.com.au, ecovenza.com, minthomefiltration.com, filpure.com.au, tryselene.com.au, fullhousefiltration.com.au, pureflowfiltration.com.au, purewaterfiltration.com.au","wateranalytics.com.au, smartenergy.co, cleanandclearwater.com.au, filtap.com.au, purestwaterfiltration.com.au, networkplumbing.com.au","waterfilter.com.au, smartenergy.co, wateranalytics.com.au, cleanandclearwater.com.au, filtap.com.au, purestwaterfiltration.com.au, reactiveplumbingandelectrical.com.au, filpure.com.au","wateranalytics.com.au, cleanandclearwater.com.au, smartenergy.co, waterfilter.com.au, purestwaterfiltration.com.au, filpure.com.au"
water filtration sydney,36,,36,,,,,,4.74,,4.74,0,,0,16.22,,16.22,41,28,,makwater.com.au,False,False,"hydraflo.com.au, filtersforyou.com.au, google.com, aquaserve.com.au, freshfilteredwater.com.au, cleanandclearwater.com.au, smarth2o.com.au, filtersystemsaustralia.com.au, wateranalytics.com.au, shieldwaterfilter.com.au, waterscoaustralia.com.au","hydraflo.com.au, lovable.app, purewaterfiltration.com.au, cleanandclearwater.com.au, safemains.com.au, waterfilter.net.au, minthomefiltration.com, filtap.com.au, rixsplumbing.com.au, purpleduck.com.au, thewaterfiltrationcompany.com.au","collisbrosplumbing.com.au, samedayhomeservices.com.au, purpleduck.com.au, safemains.com.au, wateranalytics.com.au, filpure.com.au, purewaterfiltration.com.au, cleanandclearwater.com.au, filtap.com.au, hydraflo.com.au, valueh2o.com.au, elkay.com, lovable.app, minthomefiltration.com, filtersystemsaustralia.com.au, inflowfilter.com, buildmat.com.au, comparewaterfilters.com.au, watershop.com.au","wateranalytics.com.au, filpure.com.au, filtersystemsaustralia.com.au, filtap.com.au, collisbrosplumbing.com.au, samedayhomeservices.com.au, purewaterfiltration.com.au, bespokewater.com.au, cleanandclearwater.com.au, valueh2o.com.au","emergencyhomeservices.com.au, waterfilter.com.au, wateranalytics.com.au, valueh2o.com.au, filtersystemsaustralia.com.au, cleanandclearwater.com.au, yakkazplumbing.com.au, bespokewater.com.au, collisbrosplumbing.com.au, filpure.com.au, hydraflo.com.au, samedayhomeservices.com.au, filtap.com.au","filtersystemsaustralia.com.au, smarth2o.com.au, purestwaterfiltration.com.au, thewaterfiltrationcompany.com.au, emergencyhomeservices.com.au, wateranalytics.com.au, collisbrosplumbing.com.au, filtap.com.au, valueh2o.com.au, springwellwater.com"
water testing service,36,,24,,,,,,,,,,,,,,,5,9,,midlandtexas.gov,False,False,"agilent.com, wateranalytics.com.au, safewaterlab.com.au","wateranalytics.com.au, safewaterlab.com.au, agilent.com","altsa.com.au, wateranalytics.com.au, safewaterlab.com.au, mywaterscore.com.au",,,
whole home water filter,36,28,24,0.737933104131461,0.262066895868539,0.338422391857506,0.276923075857988,0.723076920295858,1.5,,1.5,0,,0,132.94,,132.94,5,14,,selectplumbingandgas.com.au,False,False,"waterfilter.com.au, filtersystemsaustralia.com.au, wateranalytics.com.au",,"puretec.com.au, wateranalytics.com.au, filtersystemsaustralia.com.au",,,
water quality analysis,36,,20,0.0700000000000001,0.93,0.416666666666667,,,0.38,,0.38,0,,0,71.48,,71.48,5,0,,iop.org,False,False,"westsoilandwater.com.au, wateranalytics.com.au","agilent.com, wateranalytics.com.au",,"googleadservices.com, wirelineservicesgroup.com, googleadservices.com",,
water filter company,36,,24,0.2590625,0.7409375,0.333333333333333,,,5.7,,5.7,0,,0,3.91,,3.91,4,54,,youtube.com,False,False,ctfiltration.com.au,"wateranalytics.com.au, filtersystemsaustralia.com.au, waterfiltercompany.co.nz",,,,
heat pump water heaters,36,,24,0.301420927467301,0.698579072532699,0.339080459770115,0.347826083931947,0.652173907372401,,,,,,,,,,46,3,,energy.gov,False,False,"precisionpipes.com.au, phwservices.com.au, acplumbing.com.au, powerbay.com.au, hitechhotwater.com.au, rheem.com.au, haierhome.com.au, evoheat.com.au, fasthotwater.com.au, solarchoice.net.au, solahart.com.au, madimack.com, sydneywidehotwater.com.au, staticplumbers.com.au, agl.com.au, wilcoplumbing.com.au, servicetoday.com.au, ampleair.com.au, reece.com.au, daikin.com.au, google.com, istore.net.au, e-greenelectrical.com.au, accreditedpower.com.au, jimsplumbingpenrith.com.au, mr247localplumbers.com.au, penrithhotwatersystems.au, majesticplumbingservices.com.au, penrithhotwatersystem.com.au","sydneywidehotwater.com.au, rheem.com.au, penrithhotwatersystems.au, solahart.com.au, fasthotwater.com.au, evoheat.com.au, acplumbing.com.au, hitechhotwater.com.au, penrithhotwatersystem.com.au, brisbanehotwaterservices.com.au, powerbay.com.au, ampleair.com.au, istore.net.au, agl.com.au, madimack.com, daikin.com.au, wateranalytics.com.au, e-greenelectrical.com.au, reece.com.au","hitechhotwater.com.au, reece.com.au, penrithhotwatersystems.au, rheem.com.au, acplumbing.com.au, 1stchoicehotwater.com.au, kmsservices.com.au, evoheat.com.au, solahart.com.au, sanden-hot-water.com.au, daikin.com.au, mrflowplumbing.com.au, fixnflow.com.au, e-greenelectrical.com.au, fasthotwater.com.au, champion-plumbing.com.au, hotwater2u.com.au, phwservices.com.au, green.com.au, penrithhotwatersystem.com.au, smartenergyanswers.com.au, mrflowhotwater.com.au, haierhome.com.au, hotwaterplumber.au, wateranalytics.com.au","fixnflow.com.au, hitechhotwater.com.au, solahart.com.au, penrithhotwatersystem.com.au, fasthotwater.com.au, evoheat.com.au, reece.com.au, wateranalytics.com.au, mrflowplumbing.com.au, acplumbing.com.au, wilcoplumbing.com.au, rheem.com.au, daikin.com.au, sanden-hot-water.com.au, plumbchoice.au, penrithhotwatersystems.au, networkplumbing.com.au","reece.com.au, fixnflow.com.au, agl.com.au, hitechhotwater.com.au, primaplumbing.com.au, solahart.com.au, madimack.com, evoheat.com.au, wilcoplumbing.com.au, penrithhotwatersystems.au, rheem.com.au, fasthotwater.com.au, daikin.com.au",
water purification systems,36,,18,0.550426503812366,0.449573496187634,0.459563543003851,0.299287410215469,0.700712587409234,2.89,,2.89,1,,1,250.6,,250.6,5,35,,makwater.com.au,False,False,"culligan.com.au, purewaterfiltration.com.au",smartenergy.co,,completehomefiltration.com.au,"completehomefiltration.com.au, wateranalytics.com.au",
water softener installation,36,8,18,0.585482290042326,0.414517709957674,0.460199004975124,0.11520737274098,0.884792622650725,,,,0,,0,0.0,,0.0,4,0,,greatwaterfilters.com.au,False,False,,,,"hiltonplumbing.com.au, bestcoast.com.au, wateranalytics.com.au, hydrotechgroup.com.au",,
heat pump hot water tasmania,36,13,36,,,,,,4.26,,4.26,0,,0,0.0,,0.0,38,7,,affordablesolartasmania.com.au,False,False,"mulcahyelectrical.com.au, rcboelectrical-srp.com.au, tmacplumbing.com, solahart.com.au, google.com, iwantenergy.com.au, reece.com.au","daikin.com.au, tmacplumbing.com, rheem.com.au, solahart.com.au, fallonsolutions.com.au, mulcahyelectrical.com.au","solahart.com.au, auroraenergy.com.au, egstas.com, reece.com.au, southernair.com.au, heatbosstasmania.com.au, rcboelectrical-srp.com.au, haierhome.com.au, hobarthotwatergroup.com.au, envirosun.au, rosettagroup.com.au, appliancesonline.com.au, phnix-e.com","egstas.com, powerbay.com.au, solarscheme.com.au, coolrunningtasmania.com.au, wateranalytics.com.au, southernair.com.au, cmaxgroup.com.au, solahart.com.au, envirosun.au, wefs.com.au, rosettagroup.com.au, rheem.com.au, rcboelectrical-srp.com.au, auroraenergy.com.au, reece.com.au, iwantenergy.com.au, haierhome.com.au, modernhydronics.com.au","solahart.com.au, cmaxgroup.com.au, egstas.com, solarincentives.com.au, rinnai.com.au, haierhome.com.au, wefs.com.au, wateranalytics.com.au, istore.net.au, solsticeenergy.com.au, solarscheme.com.au, reece.com.au, rheem.com.au","cmaxgroup.com.au, egstas.com, reece.com.au, reclaimenergy.com.au, rosettagroup.com.au, wefs.com.au, solahart.com.au, solarscheme.com.au, wateranalytics.com.au, choice.com.au, modernhydronics.com.au"
heat pump hot water adelaide,36,39,36,,,,,,1.6,,1.6,0,,0,0.0,,0.0,38,12,,adelaideheatpumps.com.au,False,False,"hotwatertek.com.au, saexpressplumbing.com.au, adelaidewesthotwater.com.au, harveytrades.com.au, solahart.com.au, abaplumbing.com.au, rightnowplumbingadelaide.com.au, irwinsplumbing.com.au, agl.com.au, localtradestoday.com.au, hotwater.com.au, plumb-sa.com.au, ehomes.au","irwinsplumbing.com.au, saexpressplumbing.com.au, pumpswap.com.au, alpenplumbing.com.au, harveytrades.com.au, hotwatertek.com.au","irwinsplumbing.com.au, hotwatertek.com.au, andrewevansplumbing.com.au, lpage.com.au, beasleypoolheating-srp.com.au, agl.com.au, adelaidewesthotwater.com.au, localchoice.com.au","lpage.com.au, expertplumbing.com.au, istore.net.au, abaplumbing.com.au, hotwater.com.au, hotwatertek.com.au, saexpressplumbing.com.au, irwinsplumbing.com.au, rightnowplumbingadelaide.com.au, andrewevansplumbing.com.au","lpage.com.au, lpgs.com.au, rheem.com.au, istore.net.au, jousto.com.au, irwinsplumbing.com.au, hotwatertek.com.au, hotwater.com.au","hotwatertek.com.au, andrewevansplumbing.com.au, abaplumbing.com.au, reece.com.au, hotwater.com.au, lpage.com.au, reclaimenergy.com.au, adelaidehillshotwater.com.au, bensplumbing.com.au, sosplumbingandgas.com.au, irwinsplumbing.com.au, conwaysplumbingservices.com"
whole home water filtration,36,,26,0.598,0.402,0.269565217391304,,,,,,,,,,,,15,11,,homewater.com,False,False,"google.com, wateranalytics.com.au, waterfilter.com.au","homewaterfiltration.com.au, waterfilter.com.au, wateranalytics.com.au, cleanandclearwater.com.au",wateranalytics.com.au,"networkplumbing.com.au, wateranalytics.com.au, cleanandclearwater.com.au, purpleduck.com.au","wateranalytics.com.au, filtersystemsaustralia.com.au","completehomefiltration.com.au, puremainswater.com.au, wateranalytics.com.au, cloudtap.com.au"
heat pump installation cost,36,14,22,0.512436253137799,0.487563746862201,0.367816091954023,0.054545453553719,0.945454528264463,3.96,,3.96,0,,0,9.95,,9.95,4,0,,solarchoice.net.au,False,False,,,"solahart.com.au, hotwaterplumber.au, solarchoice.net.au, wateranalytics.com.au",solarchoice.net.au,,
best undersink water filter australia,,,,,,,,,,,,,,,,,,7,13,,livingwhole.com.au,False,False,,,,,,
ionised water australia,,,,,,,,,,,,,,,,,,1,16,,alkaviva.com.au,False,False,,,,,,
rain water tank filter systems brisbane,,,,,,,,,,,,,,,,,,6,,,,False,False,"completehomefiltration.com.au, wateranalytics.com.au, puretec.com.au, homewaterfiltration.com.au","wateranalytics.com.au, daveywater.com, watertankfactory.com.au, puretec.com.au, homewaterfiltration.com.au",,,,
rain water filtration system brisbane,,,,,,,,,,,,,,,,,,6,,,,False,False,"completehomefiltration.com.au, wateranalytics.com.au, plumbform.com.au, puretec.com.au","wateranalytics.com.au, homewaterfiltration.com.au, daveywater.com",,,,
rainwater filter systems for home adelaide,,,,,,,,,,,,,,,,,,3,,,,False,False,"wateranalytics.com.au, daveywater.com, hydrosmart.com.au",,,,,
rain water filtration system adelaide,,,,,,,,,,,,,,,,,,6,,,,False,False,"wateranalytics.com.au, puretec.com.au, filtecwater.com, aemgroup.net.au, filtersystemsaustralia.com.au","wateranalytics.com.au, filtecwater.com, teampoly.com.au, puretec.com.au",,,,
home water filtration system cost melbourne,,,,,,,,,,,,,,,,,,4,,,,False,False,"wateranalytics.com.au, cleanandclearwater.com.au, filtap.com.au, greatwaterfilters.com.au",,,,,
whole house fluoride filters brisbane,,,,,,,,,,,,,,,,,,5,,,,False,False,"completehomefiltration.com.au, wateranalytics.com.au, homewaterfiltration.com.au, waterscoaustralia.com.au",filtersystemsaustralia.com.au,,,,
rain water treatment adelaide,,,,,,,,,,,,,,,,,,2,,,,False,False,wateranalytics.com.au,"wateranalytics.com.au, filtecwater.com",,,,
whole house water filtration system adelaide,,,,,,,,,,,,,,,,,,7,,,,False,False,"wateranalytics.com.au, puretec.com.au, filtersystemsaustralia.com.au","wateranalytics.com.au, levelau.com.au, filtersystemsaustralia.com.au, greatwaterfilters.com.au, daveywater.com, aemgroup.net.au",,,,
rain water filtration system sydney,,,,,,,,,,,,,,,,,,5,,,,False,False,"filtap.com.au, wateranalytics.com.au, envirosolutions.com.au, revolutionaryfiltration.com.au, cleanandclearwater.com.au",,,,,
whole house water filters perth,,,,,,,,,1.74,,1.74,0,,0,47.03,,47.03,5,31,,alkimosplumbingandgas.com.au,False,False,"wateranalytics.com.au, puremainswater.com.au",,,completehomefiltration.com.au,,completehomefiltration.com.au
rain water treatment brisbane,,,,,,,,,,,,,,,,,,6,,,,False,False,"completehomefiltration.com.au, wateranalytics.com.au, homewaterfiltration.com.au, oleology.com.au, filtecwater.com","wateranalytics.com.au, envsolutions.com.au",,,,
plant-based water purification perth,,,,,,,,,,,,,,,,,,2,,,,False,False,"wateranalytics.com.au, alkaway.com.au",,,,,
fluoride water filter system sydney,,,,,,,,,,,,,,,,,,4,,,,False,False,"filtap.com.au, wateranalytics.com.au, filteredwatersolutions.com.au, aquala.au",,,,,
water filter system installation brisbane,,,,,,,,,,,,,,,,,,5,,,,False,False,"filteredwatersolutions.com.au, wateranalytics.com.au, homewaterfiltration.com.au, valueh2o.com.au, lumika.com.au",,,,,
whole house water filtration system brisbane,,,,,,,,,,,,,,,,,,2,,,,False,False,"completehomefiltration.com.au, wateranalytics.com.au",,,,,
fluoride water filter system melbourne,,,,,,,,,,,,,,,,,,4,,,,False,False,"filtap.com.au, wateranalytics.com.au, aquala.au, cleanandclearwater.com.au",,,,,
home water filter system australia,,,,,,,,,,,,,,,,,,12,50,,freshwatersystems.com.au,False,False,"koalaplumbingadelaide.com.au, wateranalytics.com.au, filtersystemsaustralia.com.au, puretec.com.au","wateranalytics.com.au, clickcease.com, aquala.au, puretec.com.au, cleanandclearwater.com.au, philips.com.au, filtersystemsaustralia.com.au, hyperwellbeing.com.au, hydrotechgroup.com.au",,,,
whole house fluoride filter adelaide,,,,,,,,,,,,,,,,,,3,,,,False,False,wateranalytics.com.au,"wateranalytics.com.au, filtersystemsaustralia.com.au, aquala.au",,,,
complete home water filtration system sydney,,,,,,,,,,,,,,,,,,5,,,,False,False,"wateranalytics.com.au, purestwaterfiltration.com.au, cleanandclearwater.com.au","cleanandclearwater.com.au, purestwaterfiltration.com.au, wateranalytics.com.au, filpure.com.au, filtap.com.au",,,,
whole house rainwater filtration systems sydney,,,,,,,,,,,,,,,,,,8,,,,False,False,"wateranalytics.com.au, filpure.com.au, cleanandclearwater.com.au, envirosolutions.com.au, purestwaterfiltration.com.au, filtersystemsaustralia.com.au, bespokewater.com.au, puretec.com.au",,,,,
complete home water filter system melbourne,,,,,,,,,,,,,,,,,,5,,,,False,False,"wateranalytics.com.au, filtap.com.au, demandfiltration.com.au, pureflowfiltration.com.au","wateranalytics.com.au, filtap.com.au, cleanandclearwater.com.au",,,,
home water filter system adelaide,,,,,,,,,,,,,,,,,,2,,,,False,False,"wateranalytics.com.au, levelau.com.au",,,,,
rain water tank filter system melbourne,,,,,,,,,,,,,,,,,,6,,,,False,False,"wateranalytics.com.au, filtap.com.au, demandfiltration.com.au, daveywater.com","wateranalytics.com.au, daveywater.com, filtap.com.au, cleanandclearwater.com.au, oztanks.com.au",,,,
home filtration melbourne,,,,,,,,,,,,,,,,,,3,,,,False,False,"wateranalytics.com.au, cleanandclearwater.com.au, pureflowfiltration.com.au",,,,,
rainwater filter system for home,,,,,,,,,,,,,,,,,,6,,,,False,False,completehomefiltration.com.au,"puretec.com.au, wateranalytics.com.au, filtersystemsaustralia.com.au, daveywater.com, cloudtap.com.au",,,,
home water filter system melbourne,,,,,,,,,,,,,,,,,,3,,,,False,False,"demandfiltration.com.au, cleanandclearwater.com.au, wateranalytics.com.au",,,,,
fluoride water filteration systems adelaide,,,,,,,,,,,,,,,,,,2,,,,False,False,"wateranalytics.com.au, waterscoaustralia.com.au",wateranalytics.com.au,,,,
fluoride water filter system brisbane,,,,,,,,,,,,,,,,,,4,,,,False,False,wateranalytics.com.au,"wateranalytics.com.au, filteredwatersolutions.com.au, filtersystemsaustralia.com.au, homewaterfiltration.com.au",,,,
water testing castaways beach,,,,,,,,,,,,,,,,,,2,,,,False,False,"completehomefiltration.com.au, wateranalytics.com.au",,,,,
whole house rainwater filtration systems melbourne,,,,,,,,,,,,,,,,,,6,,,,False,False,"cleanandclearwater.com.au, wateranalytics.com.au, filtap.com.au, puretec.com.au","wateranalytics.com.au, demandfiltration.com.au, filtersystemsaustralia.com.au, cleanandclearwater.com.au",,,,
whole house water filtration adelaide,,,,,,,,,,,,,,,,,,2,,,,False,False,"wateranalytics.com.au, filtersystemsaustralia.com.au",wateranalytics.com.au,,,,
whole house water filters adelaide,,,,,,,,,,,,,,,,,,2,,,,False,False,"wateranalytics.com.au, greatwaterfilters.com.au",,,,,
whole house fluoride filter melbourne,,,,,,,,,,,,,,,,,,6,,,,False,False,"wateranalytics.com.au, filtap.com.au, cleanandclearwater.com.au, demandfiltration.com.au","aquala.au, wateranalytics.com.au, filtap.com.au, cleanandclearwater.com.au, demandfiltration.com.au, micronwaterfilters.com.au",,,,
rainwater filter systems for home sydney,,,,,,,,,,,,,,,,,,8,,,,False,False,"wateranalytics.com.au, puretec.com.au, filtersystemsaustralia.com.au, daveywater.com","wateranalytics.com.au, filtap.com.au, kingspanwatertanks.com.au, purestwaterfiltration.com.au, puretec.com.au, aussiewatersavers.com.au",,,,
rain water tank filter systems adelaide,,,,,,,,,,,,,,,,,,1,,,,False,False,wateranalytics.com.au,wateranalytics.com.au,,,,
rain water filtration systems brisbane,,,,,,,,,,,,,,,,,,4,,,,False,False,"wateranalytics.com.au, filtecwater.com, filtersystemsaustralia.com.au, puretec.com.au",,,,,
whole house fluoride filters sydney,,,,,,,,,,,,,,,,,,5,,,,False,False,wateranalytics.com.au,"wateranalytics.com.au, cleanandclearwater.com.au, aquala.au, filtap.com.au, filpure.com.au",,,,
rain water tank filter system brisbane,,,,,,,,,,,,,,,,,,3,,,,False,False,"wateranalytics.com.au, daveywater.com, puretec.com.au",,,,,
water testing peregian beach,,,,,,,,,,,,,,,,,,4,,,,False,False,"wateranalytics.com.au, completehomefiltration.com.au, sunshinecoastwaterfilters.com.au, lpage.com.au",,,,,
water testing tinbeerwah,,,,,,,,,,,,,,,,,,3,,,,False,False,"completehomefiltration.com.au, gsglabs.com.au, wateranalytics.com.au",,,,,
complete home water filter system adelaide,,,,,,,,,,,,,,,,,,3,,,,False,False,"wateranalytics.com.au, levelau.com.au, greatwaterfilters.com.au",,,,,
home water filtration system cost brisbane,,,,,,,,,,,,,,,,,,7,,,,False,False,"wateranalytics.com.au, homewaterfiltration.com.au, filtersystemsaustralia.com.au, completehomefiltration.com.au","wateranalytics.com.au, homewaterfiltration.com.au, filteredwatersolutions.com.au, jilawater.com.au, aquatech.com.au",,,,
who has the best whole house water filtration system,,,,,,,,,,,,,,,,,,4,,,,True,False,"wateranalytics.com.au, cleanandclearwater.com.au, filpure.com.au, puretec.com.au",,,,,
water testing sunshine beach,,,,,,,,,,,,,,,,,,3,,,,False,False,"completehomefiltration.com.au, wateranalytics.com.au, sunshinecoastwaterfilters.com.au",,,,,
water testing lake macdonald,,,,,,,,,,,,,,,,,,3,,,,False,False,"completehomefiltration.com.au, wateranalytics.com.au, qed.com.au",,,,,
rain water tank filter systems sydney,,,,,,,,,,,,,,,,,,4,,,,False,False,"callsilverwaterplumbing.com.au, filtap.com.au, wateranalytics.com.au, envirosolutions.com.au",,,,,
whole house rainwater filtration systems brisbane,,,,,,,,,,,,,,,,,,4,,,,False,False,wateranalytics.com.au,"filtersystemsaustralia.com.au, wateranalytics.com.au, homewaterfiltration.com.au, daveywater.com",,,,
heat pumped hot water systems taren point,,,,,,,,,,,,,,,,,,5,,,,False,False,"australianhotwater.com.au, drleakplumbing.com.au, rheem.com.au, solarchoice.net.au, wateranalytics.com.au",,,,,
complete home water filtration system melbourne,,,,,,,,,,,,,,,,,,6,,,,False,False,"wateranalytics.com.au, pureflowfiltration.com.au, micronwaterfilters.com.au","wateranalytics.com.au, filtap.com.au, cleanandclearwater.com.au, demandfiltration.com.au",,,,
water testing eumundi,,,,,,,,,,,,,,,,,,5,,,,False,False,"cooeewater.com.au, completehomefiltration.com.au, wateranalytics.com.au, sunshinecoastwaterfilters.com.au, gsglabs.com.au",,,,,
water testing ringtail creek,,,,,,,,,,,,,,,,,,3,,,,False,False,"gsglabs.com.au, completehomefiltration.com.au, wateranalytics.com.au",,,,,
water testing doonan,,,,,,,,,,,,,,,,,,3,,,,False,False,"completehomefiltration.com.au, cooeewater.com.au, wateranalytics.com.au",,,,,
whole house water filtration melbourne,,,,,,,,,,,,,,,,,,8,,,,False,False,"fullhousefiltration.com.au, wateranalytics.com.au","wateranalytics.com.au, demandfiltration.com.au, filtap.com.au, filtersystemsaustralia.com.au","wateranalytics.com.au, cleanandclearwater.com.au, filtap.com.au, pureflowfiltration.com.au, filteredwatersolutions.com.au",,,
chemical-free water treatment perth,,,,,,,,,,,,,,,,,,3,,,,False,False,wateranalytics.com.au,waterfilter.com.au,"waterfilter.com.au, waterfiltrationperth.com.au",,,
water filtration systems eastern suburbs,,,,,,,,,,,,,,,,,,2,,,,False,False,"wateranalytics.com.au, simplyhotwaterperth.com.au",,,,,
free hot water systems nsw,,,,,,,,,,,,,,,,,,1,,,,False,False,wateranalytics.com.au,,,,,
filtered water bottles australia,,,,,,,,,0.8,,0.8,0,,0,5.15,,5.15,2,8,,earthswater.com.au,False,False,,,,,,
environmental benefits heat pump hot water system,,,,,,,,,,,,,,,,,,2,,,,False,False,"choice.com.au, wateranalytics.com.au",,,,,
ionized water australia,,,,,,,,,,,,,,,,,,5,14,,alkaviva.com.au,False,False,,,,,,
water policy consultant,,,,,,,,,,,,,,,,,,12,,,,False,False,"inogenalliance.com, traceenterprises.com","aquaenergygroup.com.au, inogenalliance.com","makeeverydropcount.com.au, morphum.com.au, worley.com, dmmcmahon.com.au, filtecwater.com, ot-environmental.com.au, inogenalliance.com","morphum.com.au, ot-environmental.com.au, interchange.com.au, wateranalytics.com.au, atmaenvironmental.com, worley.com",,
whole house water filters brisbane,,,,,,,,,,,,,,,,,,3,,,,False,False,"wateranalytics.com.au, filtersystemsaustralia.com.au, homewaterfiltration.com.au",,,,,
whole house water filter systems comparison australia,,,,,,,,,2.34,,2.34,0,,0,0.0,,0.0,10,21,,healthywaterways.org,False,False,"wateranalytics.com.au, filtersystemsaustralia.com.au, cleanandclearwater.com.au, cloudtap.com.au, puretec.com.au","filtersystemsaustralia.com.au, urbanfuture.com.au, cloudtap.com.au, wateranalytics.com.au, aquala.au, homewaterfiltration.com.au, filpure.com.au, cleanandclearwater.com.au, puretec.com.au, waterfilter.direct",,,,
complete home water filter system brisbane,,,,,,,,,,,,,,,,,,1,,,,False,False,wateranalytics.com.au,,,,,
whole house water filtration system melbourne,,,,,,,,,,,,,,,,,,3,,,,False,False,"wateranalytics.com.au, filtap.com.au, filtersystemsaustralia.com.au",,,,,
home water filtration system cost sydney,,,,,,,,,,,,,,,,,,4,,,,False,False,"cleanandclearwater.com.au, wateranalytics.com.au, filtap.com.au, fullhousewaterfiltration.com.au",,,,,
whole house fluoride filter brisbane,,,,,,,,,,,,,,,,,,6,,,,False,False,"completehomefiltration.com.au, wateranalytics.com.au, filtersystemsaustralia.com.au, homewaterfiltration.com.au","lumika.com.au, wateranalytics.com.au, aquala.au, homewaterfiltration.com.au, filtersystemsaustralia.com.au",,,,
who are the leaders in water filtrattion,,,,,,,,,,,,,,,,,,1,,,,True,False,wateranalytics.com.au,,,,,
complete home water filter system sydney,,,,,,,,,,,,,,,,,,4,,,,False,False,"cleanandclearwater.com.au, wateranalytics.com.au, filpure.com.au, revolutionaryfiltration.com.au",,,,,
water filter system installation adelaide,,,,,,,,,,,,,,,,,,4,,,,False,False,wateranalytics.com.au,"abaplumbing.com.au, filtecwater.com, greatwaterfilters.com.au, wateranalytics.com.au",,,,
whole house fluoride filter perth,,,,,,,,,,,,,,,,,,6,,,,False,False,"wateranalytics.com.au, aquala.au, filtersystemsaustralia.com.au, waterfilter.com.au, urbanfuture.com.au, cloudtap.com.au",,,,,
what are the top 5 heat pump brands in australia?,,,,,,,,,,,,,,,,,,5,,,,True,False,"kmsservices.com.au, solarchoice.net.au, newgensolar.com.au","solarchoice.net.au, wateranalytics.com.au, rheem.com.au",,,,
water filtration installation adelaide,,,,,,,,,,,,,,,,,,1,,,,False,False,wateranalytics.com.au,,,,,
rainwater filter systems for home brisbane,,,,,,,,,,,,,,,,,,4,,,,False,False,"completehomefiltration.com.au, wateranalytics.com.au, homewaterfiltration.com.au, puretec.com.au","wateranalytics.com.au, homewaterfiltration.com.au",,,,
complete home water filtration system brisbane,,,,,,,,,,,,,,,,,,5,,,,False,False,wateranalytics.com.au,"wateranalytics.com.au, homewaterfiltration.com.au, aquala.au, greatwaterfilters.com.au, filtersystemsaustralia.com.au",,,,
solar hot water cairns australia,,,,,,,,,,,,,,,,,,6,,,,False,False,"sanden-hot-water.com.au, hielscherelectrical.com.au, solahartcairns.com.au, rheem.com.au, wateranalytics.com.au, inlineplumbing.com.au",,,,,
whole house water filtration system reverse osmosis,,,,,,,,,2.41,,2.41,0,,0,0.0,,0.0,4,27,,waterfilterworldaustralia.com.au,False,False,,,,,,
whole house fluoride filters melbourne,,,,,,,,,,,,,,,,,,8,,,,False,False,"wateranalytics.com.au, filtersystemsaustralia.com.au, filtap.com.au, waterfilterguy.com.au, micronwaterfilters.com.au","demandfiltration.com.au, cleanandclearwater.com.au, wateranalytics.com.au, filtap.com.au, aquala.au",,,,
whole house rainwater filtration systems adelaide,,,,,,,,,,,,,,,,,,1,,,,False,False,wateranalytics.com.au,,,,,
fluoride water filters perth,,,,,,,,,,,,,,,,,,3,,,,False,False,"waterscoaustralia.com.au, wateranalytics.com.au, hyperwellbeing.com.au",,,,,
heat pumped hot water systems,,,,,,,,,,,,,,,,,,11,,,,False,False,"hitechhotwater.com.au, fasthotwater.com.au, wateranalytics.com.au, solarchoice.net.au, appliancesonline.com.au, reece.com.au, rheem.com.au, evoheat.com.au, fixnflow.com.au, drleakplumbing.com.au, automaticheating.com.au",,,,,
rain water treatment melbourne,,,,,,,,,,,,,,,,,,4,,,,False,False,"wateranalytics.com.au, filtap.com.au, filtecwater.com, greatwaterfilters.com.au",,,,,
whole house water filters sydney,,,,,,,,,,,,,,,,,,6,,,,False,False,"cleanandclearwater.com.au, wateranalytics.com.au, filtersystemsaustralia.com.au, filpure.com.au, fullhousewaterfiltration.com.au, filtap.com.au",,,,,
rain water tank filter system adelaide,,,,,,,,,,,,,,,,,,5,,,,False,False,"wateranalytics.com.au, puretec.com.au, daveywater.com, filtersystemsaustralia.com.au","levelau.com.au, wateranalytics.com.au, daveywater.com",,,,
rain water treatment sydney,,,,,,,,,,,,,,,,,,1,,,,False,False,wateranalytics.com.au,,,,,
fluoride water filters brisbane,,,,,,,,,,,,,,,,,,7,,,,False,False,completehomefiltration.com.au,"waterscoaustralia.com.au, ecobud.com.au, aquala.au, hyperwellbeing.com.au, waterfilterdistributors.com.au, wateranalytics.com.au",,,,
water policy specialists,,,,,,,,,,,,,,,,,,5,,,,False,False,sustainablewatersolutions.com.au,"makeeverydropcount.com.au, ot-environmental.com.au, morphum.com.au","makeeverydropcount.com.au, ot-environmental.com.au","ot-environmental.com.au, wateranalytics.com.au, morphum.com.au",,
rain water filtration systems melbourne,,,,,,,,,,,,,,,,,,6,,,,False,False,"wateranalytics.com.au, puretec.com.au, cleanandclearwater.com.au, filtersystemsaustralia.com.au, daveywater.com","cleanandclearwater.com.au, puretec.com.au, filtap.com.au, wateranalytics.com.au",,,,
whole house fluoride filters adelaide,,,,,,,,,,,,,,,,,,2,,,,False,False,"wateranalytics.com.au, greatwaterfilters.com.au",,,,,
whole house water filtration system sydney,,,,,,,,,,,,,,,,,,6,,,,False,False,"purestwaterfiltration.com.au, filtap.com.au, wateranalytics.com.au, cleanandclearwater.com.au, filpure.com.au, fullhousewaterfiltration.com.au","cleanandclearwater.com.au, wateranalytics.com.au, filpure.com.au, purestwaterfiltration.com.au",,,,
whole house fluoride filters perth,,,,,,,,,,,,,,,,,,5,,,,False,False,"waterfilter.com.au, wateranalytics.com.au, waterscoaustralia.com.au","wateranalytics.com.au, aquala.au, filtersystemsaustralia.com.au",,,,
rain water filtration systems adelaide,,,,,,,,,,,,,,,,,,9,,,,False,False,"wateranalytics.com.au, puretec.com.au, filtersystemsaustralia.com.au, filtermate.com.au","levelau.com.au, wateranalytics.com.au, hydrosmart.com.au, puretec.com.au, daveywater.com, rhinotanks.com.au, filtersystemsaustralia.com.au, ecobuildingsupplies.com.au",,,,
water testing noosa north shore,,,,,,,,,,,,,,,,,,3,,,,False,False,"completehomefiltration.com.au, lpage.com.au, wateranalytics.com.au",,,,,
rain water tank filter system sydney,,,,,,,,,,,,,,,,,,4,,,,False,False,"cleanandclearwater.com.au, aussiewatersavers.com.au, wateranalytics.com.au, filtap.com.au",,,,,
fluoride water filters adelaide,,,,,,,,,,,,,,,,,,3,,,,False,False,"waterscoaustralia.com.au, wateranalytics.com.au",ecobud.com.au,,,,
complete home water filtration system adelaide,,,,,,,,,,,,,,,,,,5,,,,False,False,"koalaplumbingadelaide.com.au, wateranalytics.com.au, abaplumbing.com.au","wateranalytics.com.au, levelau.com.au, abaplumbing.com.au, aemgroup.net.au",,,,
fluoride water filteration systems brisbane,,,,,,,,,,,,,,,,,,1,,,,False,False,wateranalytics.com.au,,,,,
water testing peregian springs,,,,,,,,,,,,,,,,,,5,,,,False,False,"cooeewater.com.au, wateranalytics.com.au, sunshinecoastwaterfilters.com.au, completehomefiltration.com.au, lpage.com.au",,,,,
fluoride water filteration systems perth,,,,,,,,,,,,,,,,,,3,,,,False,False,wateranalytics.com.au,"wateranalytics.com.au, aqualeau.com.au, westozwaterfilters.com.au",,,,
fluoride water filteration systems,,,,,,,,,,,,,,,,,,5,,,,False,False,"cloudtap.com.au, waterscoaustralia.com.au, wateranalytics.com.au, waterdropfilter.com.au",waterfilter.com.au,,,,
rainwater filter systems for home melbourne,,,,,,,,,,,,,,,,,,4,,,,False,False,"cleanandclearwater.com.au, wateranalytics.com.au, filtap.com.au, demandfiltration.com.au",,,,,
best water filter system australia,,,,,,,,,,,,,,,,,,10,21,,shieldwaterfilter.com.au,False,False,"wateranalytics.com.au, waterscoaustralia.com.au, zipwater.com, philips.com.au","wateranalytics.com.au, aquala.au, cleanandclearwater.com.au, waterdropfilter.com.au, filtersystemsaustralia.com.au, philips.com.au, waterscoaustralia.com.au, cloudtap.com.au",,,,
what is the best water purifier at home,,,,,,,,,,,,,,,,,,1,,,,True,False,wateranalytics.com.au,,,,,
water filtration installation in adelaide,,,,,,,,,,,,,,,,,,5,,,,False,False,wateranalytics.com.au,"hydrosmart.com.au, southaussieplumbing.com.au, wateranalytics.com.au, yourlocaltradesman.com.au, centurionaprs.com",,,,
rain water tank filter systems melbourne,,,,,,,,,,,,,,,,,,6,,,,False,False,"wateranalytics.com.au, cleanandclearwater.com.au, filtap.com.au, puretec.com.au, filtecwater.com","cleanandclearwater.com.au, wateranalytics.com.au, filtap.com.au, daveywater.com",,,,
reverse osmosis water filters australia,,,,,,,,,,,,,,,,,,5,13,,philips.com.au,False,False,"waterfilter.com.au, filtersystemsaustralia.com.au, wateranalytics.com.au",,,,,
home water filtration system cost adelaide,,,,,,,,,,,,,,,,,,2,,,,False,False,wateranalytics.com.au,"wateranalytics.com.au, levelau.com.au",,,,
hydrogen water generator australia,,,,,,,,,0.77,,0.77,0,,0,33.5,,33.5,4,7,,mining.com,False,False,hydrozenwater.store,"evolvedh2o.com, wateranalytics.com.au, kuvings.com.au",,,,
heat pump gisborne,,,,,,,,,,,,,,,,,,3,,,,False,False,"wateranalytics.com.au, martinheatingcooling.com.au, macedonrangeshydronicheating.com.au",,,,,
whole house fluoride filter sydney,,,,,,,,,,,,,,,,,,2,,,,False,False,"wateranalytics.com.au, filtersystemsaustralia.com.au",,,,,
water testing noosa springs,,,,,,,,,,,,,,,,,,4,,,,False,False,"completehomefiltration.com.au, cooeewater.com.au, wateranalytics.com.au, lpage.com.au",,,,,
chilled water filter systems,,,,,,,,,,,,,,,,,,8,,,,False,False,"completehomefiltration.com.au, wateranalytics.com.au, watercoolersuperstore.com.au, cleanandclearwater.com.au, tranquilwater.com.au, zipwater.com, watertreat.com.au","completehomefiltration.com.au, zipwater.com, filtap.com.au",,,,
tannin-based water treatment perth,,,,,,,,,,,,,,,,,,8,,,,False,False,"oleology.com.au, wateranalytics.com.au, makwater.com.au, watertreat.com.au, vitalindustries.com.au","prwater.com.au, oleology.com.au, waterfilter.com.au, bluemont.com.au, wateranalytics.com.au, vitalindustries.com.au",,,,
best water filtration company,,,,,,,,,,,,,,,,,,4,48,,caravanandrvparts.com.au,False,False,"wateranalytics.com.au, thinkwater.com.au, filtersystemsaustralia.com.au, aquapax.com.au",,,,,
whole house water softener sydney,,,,,,,,,,,,,,,,,,1,,,,False,False,wateranalytics.com.au,,,,,
hot water efficiency evaluation,,,,,,,,,,,,,,,,,,5,,,,False,False,"energyadvance.com.au, saexpressplumbing.com.au, hotwater.com.au, wateranalytics.com.au, reliableplumberadelaide.com.au",,,,,
heatpump cylinder,,,,,,,,,,,,,,,,,,7,,,,False,False,"reclaimenergy.com.au, reece.com.au, evoheat.com.au, fixnflow.com.au","haierhome.com.au, reece.com.au, wateranalytics.com.au, solahart.com.au",,,,
electric hot water system perth hills,,,,,,,,,,,,,,,,,,6,,,,False,False,"verlek.com.au, unrivalledpg.com.au, rheem.com.au, hiltonplumbing.com.au","hiltonplumbing.com.au, bunnings.com.au","wateranalytics.com.au, bunnings.com.au, hiltonplumbing.com.au",,,
heat exchange water,,,,,,,,,,,,,,,,,,8,,,,False,False,"hitechhotwater.com.au, wateranalytics.com.au, fixnflow.com.au, rheem.com.au, teralba.com","reclaimenergy.com.au, hitechhotwater.com.au, solahart.com.au, automaticheating.com.au",,,,
how much does it cost to get a sparkling water tap?,,,,,,,,,,,,,,,,,,3,,,,True,False,purezza.com,"zipwater.com, wateranalytics.com.au",,,,
complete home water filter system perth,,,,,,,,,,,,,,,,,,10,,,,False,False,"dolphinhomefiltration.com.au, cloudtap.com.au, wateranalytics.com.au, urbanfuture.com.au, purewaterfiltration.com.au, westozwaterfilters.com.au","waterfilter.com.au, wateranalytics.com.au, jilawater.com.au, puremainswater.com.au, hydrotechgroup.com.au, purewaterfiltration.com.au",wateranalytics.com.au,,,
home water filtration system rental,,,,,,,,,,,,,,,,,,1,,,,False,False,wateranalytics.com.au,,,,,
best heat pump hot water in australia,,,,,,,,,,,,,,,,,,15,13,,euroheat.com.au,False,False,"powerbay.com.au, wateranalytics.com.au, sarrosplumbing.com.au, evoheat.com.au, newgensolar.com.au, choice.com.au, fallonsolutions.com.au, t-corp.com.au, sanden-hot-water.com.au","fallonsolutions.com.au, irwinsplumbing.com.au","simplyhotwaterperth.com.au, fallonsolutions.com.au, evoheat.com.au, bensplumbing.com.au, irwinsplumbing.com.au","fallonsolutions.com.au, sarrosplumbing.com.au, bensplumbing.com.au, evoheat.com.au","reece.com.au, fallonsolutions.com.au","climateplus.com.au, sanden-hot-water.com.au, kmsservices.com.au"
coconut shell whole house water filter,,,,,,,,,,,,,,,,,,4,,,,False,False,"filtersystemsaustralia.com.au, mywaterfilter.com.au, alkaviva.com.au, wateranalytics.com.au","filtersystemsaustralia.com.au, wateranalytics.com.au",,,,
electric heat-pump water heaters,,,,,,,,,,,,,,,,,,5,,,,False,False,"reece.com.au, powerbay.com.au, wateranalytics.com.au, appliancesonline.com.au","wateranalytics.com.au, rinnai.com.au",,,,
hard water filter system for home,,,,,,,,,,,,,,,,,,10,,,,False,False,"puretec.com.au, wateranalytics.com.au, daveywater.com, filpure.com.au, fullhousewaterfiltration.com.au","wateranalytics.com.au, filpure.com.au, cleanandclearwater.com.au, aquala.au, waterfilterdistributors.com.au, revolutionaryfiltration.com.au, filtersystemsaustralia.com.au",,,,
how to choose a hot water system adelaide,,,,,,,,,,,,,,,,,,4,,,,True,False,andrewevansplumbing.com.au,"adelaidewesthotwater.com.au, wateranalytics.com.au, choice.com.au",,,,
heat pump upgrade nsw,,,,,,,,,,,,,,,,,,13,,,,False,False,"evoheat.com.au, sanden-hot-water.com.au","sanden-hot-water.com.au, wateranalytics.com.au","wateranalytics.com.au, sanden-hot-water.com.au","evoheat.com.au, wateranalytics.com.au, energypeople.com.au, actblockeddrains.com.au, solarchoice.net.au, climateplus.com.au, sunstak.com.au","sanden-hot-water.com.au, wateranalytics.com.au, actewagl.com.au, energypeople.com.au, rheem.com.au","pure-electric.com.au, hussmann.com.au, spsplumbers.com.au, wateranalytics.com.au"
heat pump installation perth,,,,,,,,,,,,,,,,,,10,,,,False,False,"hiltonplumbing.com.au, protoplumb.com.au, mahoneydasilva.com.au","hiltonplumbing.com.au, kingsenergy.com.au, papasplumbingandgas.com.au, hitachiaircon.com, evapspecialists.com.au","allplumbingaspects.net, reece.com.au, wateranalytics.com.au, hiltonplumbing.com.au",,,
best water filtration system for home sydney,,,,,,,,,,,,,,,,,,1,,,,False,False,wateranalytics.com.au,,,,,
free heat pump hot water upgrade,,,,,,,,,,,,,,,,,,2,,,,False,False,wateranalytics.com.au,"wateranalytics.com.au, boompower.com.au",,,,
drinking water testing company,,,,,,,,,,,,,,,,,,2,,,,False,False,"hach.com, wateranalytics.com.au",,,,,
heat pumps hot water system,,,,,,,,,,,,,,,,,,2,,,,False,False,"wateranalytics.com.au, istore.net.au",,,,,
home alkaline water filtration system,,,,,,,,,,,,,,,,,,4,,,,False,False,alkaviva.com.au,"alkaviva.com.au, alkaway.com.au, wateranalytics.com.au, filtersystemsaustralia.com.au",,,,
water quality testing perth,,,,,,,,,0.62,,0.62,0,,0,2.85,,2.85,5,,,,False,False,"hydrotechgroup.com.au, wateranalytics.com.au, westsoilandwater.com.au, westflowfiltration.com.au, safewaterlab.com.au",,,,,
house water filter perth,,,,,,,,,,,,,,,,,,7,,,,False,False,"purewaterfiltration.com.au, cloudtap.com.au, waterfilterman.com.au","pure2o.com.au, dolphinhomefiltration.com.au, purewaterfiltration.com.au, cloudtap.com.au, wateranalytics.com.au, urbanfuture.com.au",,,,
fluoride water filter system perth,,,,,,,,,,,,,,,,,,9,,,,False,False,"purewaterfiltration.com.au, waterfilter.net.au, cloudtap.com.au, wateranalytics.com.au","cloudtap.com.au, dolphinhomefiltration.com.au, purewaterfiltration.com.au, wateranalytics.com.au","waterfilter.com.au, aqualeau.com.au, wateranalytics.com.au, hyperwellbeing.com.au, filtersystemsaustralia.com.au",,,
hot water pumps australia,,,,,,,,,,,,,,,,,,3,,,,False,False,"wateranalytics.com.au, intelligenelectrical.com.au, reece.com.au",wateranalytics.com.au,,,,
best hard water filter for house,,,,,,,,,,,,,,,,,,12,,,,False,False,"cleanandclearwater.com.au, wateranalytics.com.au, hydrotechgroup.com.au, cloudtap.com.au, completehomefiltration.com.au","wateranalytics.com.au, filtersystemsaustralia.com.au, homewaterfiltration.com.au, daveywater.com, urbanfuture.com.au, cloudtap.com.au, waterscoaustralia.com.au, micronwaterfilters.com.au, puretec.com.au, cleanandclearwater.com.au",,,,
whole house water filtration systems perth,,,,,,,,,,,,,,,,,,3,,,,False,False,"dolphinhomefiltration.com.au, puremainswater.com.au",wateranalytics.com.au,,,,
drinking water assessor,,,,,,,,,,,,,,,,,,1,,,,False,False,wateranalytics.com.au,,,,,
water analysis western australiawater analysis western australia,,,,,,,,,,,,,,,,,,2,,,,False,False,"safewaterlab.com.au, wateranalytics.com.au",,,,,
water filter system installation perth,,,,,,,,,,,,,,,,,,11,,,,False,False,"hydrotechgroup.com.au, cloudtap.com.au, purewaterfiltration.com.au, westflowfiltration.com.au","dolphinhomefiltration.com.au, purewaterfiltration.com.au, hydrotechgroup.com.au","wateranalytics.com.au, aqualeau.com.au, urbanfuture.com.au","wateranalytics.com.au, sarrosplumbing.com.au, aqualeau.com.au, waterfilter.com.au, refreshwaterfiltration.com.au",,
whole house water filter comparison chart,,,,,,,,,,,,,,,,,,2,,,,False,False,filtersystemsaustralia.com.au,"wateranalytics.com.au, filtersystemsaustralia.com.au",,,,
solar hot water system perth hills,,,,,,,,,,,,,,,,,,3,,,,False,False,"positiveenergy.com.au, rheem.com.au",rheem.com.au,wateranalytics.com.au,,,
how much should a whole home water filtration system cost?,,,,,,,,,,,,,,,,,,3,,,,True,False,"cleanandclearwater.com.au, wateranalytics.com.au, filtap.com.au",,,,,
reverse osmosis systems perth,,,,,,,,,,,,,,,,,,6,,,,False,False,"neighbourhoodwaterfiltration.com.au, cloudtap.com.au, purewaterfiltration.com.au, filtersystemsaustralia.com.au, westozwaterfilters.com.au, wateranalytics.com.au",,,,,
water filter system for home perth,,,,,,,,,,,,,,,,,,4,,,,False,False,"hydrotechgroup.com.au, purewaterfiltration.com.au","purewaterfiltration.com.au, hydrotechgroup.com.au, cloudtap.com.au, wateranalytics.com.au",,,,
rainwater filter systems for home perth,,,,,,,,,,,,,,,,,,6,,,,False,False,"cloudtap.com.au, neighbourhoodwaterfiltration.com.au, wateranalytics.com.au, hydrotechgroup.com.au","wateranalytics.com.au, urbanfuture.com.au, puretec.com.au, cloudtap.com.au",,,,
australia best heat pumps,,,,,,,,,,,,,,,,,,2,,,,False,False,"wateranalytics.com.au, evoheat.com.au",,,,,
water purification systems costco,,,,,,,,,,,,,,,,,,2,10,,costco.com.au,False,False,,,wateranalytics.com.au,,,
free heat pump upgrade,,,,,,,,,,,,,,,,,,6,,,,False,False,actewagl.com.au,"levelau.com.au, voltxenergy.com.au, actewagl.com.au, econrg.au","wateranalytics.com.au, levelau.com.au, prestigeplumbingact.com.au",wateranalytics.com.au,wateranalytics.com.au,
water dispenser cairns,,,,,,,,,,,,,,,,,,9,,,,False,False,"neverfail.com.au, commercialequipmentonline.com.au, wateranalytics.com.au, kitchenappliancezone.com.au, inflowfilter.com, ecobud.com.au, cairnsnaturalspringwater.com.au, culligan.com, watercoolersuperstore.com.au",,,,,
whole-house water filtration,,,,,,,,,,,,,,,,,,1,,,,False,False,wateranalytics.com.au,,,,,
clean drinking water at home,,,,,,,,,,,,,,,,,,1,,,,False,False,wateranalytics.com.au,,,,,
what is a full house filtration system?,,,,,,,,,,,,,,,,,,1,,,,True,False,wateranalytics.com.au,,,,,
whole house water softener perth,,,,,,,,,,,,,,,,,,4,,,,False,False,"cloudtap.com.au, wateranalytics.com.au, westflowfiltration.com.au, urbanfuture.com.au",,,,,
free hot water upgrade australia,,,,,,,,,,,,,,,,,,16,,,,False,False,"fasthonestplumbing.com.au, powerbay.com.au, sarrosplumbing.com.au, fastflowplumbinggroup.com.au","sarrosplumbing.com.au, localplumbingservices.com.au, jousto.com.au, adelaidehillshotwater.com.au, ausgreensolarsolutions.com.au, t-corp.com.au","simplyhotwaterperth.com.au, sarrosplumbing.com.au, sanden-hot-water.com.au, inlineplumbing.com.au, lovellairservices.com","sarrosplumbing.com.au, energyhothouse.com.au","wateranalytics.com.au, ecofoot.com.au",
commercial heat pump upgrades victoria,,,,,,,,,,,,,,,,,,34,,,,False,False,"flowpower.com.au, hussmann.com.au","flowpower.com.au, seeleyinternational.com, carbonsavers.com.au, gstore.com.au, energyaustralia.com.au, termina.com","energyaustralia.com.au, flowpower.com.au, gstore.com.au, ecovantage.com.au, gthvace.com.au, masonacer.com.au","leadingedgeenergy.com.au, momentumenergy.com.au, optimaairconditioning.com.au, energyaustralia.com.au, ecovantage.com.au, solarincentives.com.au, reclaimenergy.com.au, conwaysplumbingservices.com","energyaustralia.com.au, mhiaa.com.au, masonacer.com.au, reclaimenergy.com.au, optimaairconditioning.com.au","csvic.com.au, mhiaa.com.au, reclaimenergy.com.au"
installing water filtration,,,,,,,,,,,,,,,,,,1,,,,False,False,wateranalytics.com.au,,,,,
how much does a whole house filtration system cost?,,,,,,,,,,,,,,,,,,1,,,,True,False,wateranalytics.com.au,,,,,
whole house uv water filtration system,,,,,,,,,,,,,,,,,,5,12,,freshwatersystems.com.au,False,False,"filtersystemsaustralia.com.au, cleanandclearwater.com.au, puretec.com.au, wateranalytics.com.au",filtersystemsaustralia.com.au,,,,
rain water treatment perth,,,,,,,,,,,,,,,,,,10,,,,False,False,"oleology.com.au, makwater.com.au, aquaenergygroup.com.au, hydrotechgroup.com.au, sstone.com.au","wateranalytics.com.au, waterfilter.com.au, puretec.com.au, lpage.com.au, aquaenergygroup.com.au, refreshwaterfiltration.com.au",,,,
complete home filtration review,,,,,,,,,,,,,,,,,,4,3,,productreview.com.au,False,False,,,,completehomefiltration.com.au,"completehomefiltration.com.au, wateranalytics.com.au, waterfilter.com.au",
are there any reverse osmosis water filters which also pump hydrogen into,,,,,,,,,,,,,,,,,,5,,,,True,False,"wateranalytics.com.au, waterdropfilter.com.au, filtersystemsaustralia.com.au, waterscoaustralia.com.au, alkaway.com.au",,,,,
best hot water heating system,,,,,,,,,,,,,,,,,,2,2,,energy.gov,False,False,"phwservices.com.au, wateranalytics.com.au",,,,,
water purity testing perth,,,,,,,,,,,,,,,,,,4,,,,False,False,westsoilandwater.com.au,"westsoilandwater.com.au, mywaterscore.com.au, safewaterlab.com.au, wateranalytics.com.au",,,,
best whole home filtration system,,,,,,,,,,,,,,,,,,4,11,,qualitywaterlab.com,False,False,,,,,completehomefiltration.com.au,"completehomefiltration.com.au, wateranalytics.com.au, cleanandclearwater.com.au, purestwaterfiltration.com.au"
best water filtration system ararat grampins,,,,,,,,,,,,,,,,,,2,,,,False,False,"homewaterfiltration.com.au, wateranalytics.com.au",,,,,
cynergy heat pump,,21,,,,,,,,,,,,,,,,4,10,,cyanergy.com.au,False,False,"solarchoice.net.au, reece.com.au, wateranalytics.com.au, hitechhotwater.com.au",,,,,
rain water filtration systems perth,,,,,,,,,,,,,,,,,,9,,,,False,False,"purewaterfiltration.com.au, hydrotechgroup.com.au, filtersystemsaustralia.com.au, wateranalytics.com.au","cloudtap.com.au, hydrotechgroup.com.au, purewaterfiltration.com.au, wateranalytics.com.au, westozwaterfilters.com.au","wateranalytics.com.au, urbanfuture.com.au, puretec.com.au, daveywater.com, cloudtap.com.au, westozwaterfilters.com.au",,,
best heat pump in australia,,,,,,,,,,,,,,,,,,2,,,,False,False,"wateranalytics.com.au, sanden-hot-water.com.au",,,,,
water purification perth,,,,,,,,,,,,0,,0,0.23,,0.23,7,30,,alkimosplumbingandgas.com.au,False,False,"puremainswater.com.au, wateranalytics.com.au, simplyhotwaterperth.com.au","waterfilter.com.au, wateranalytics.com.au","wateranalytics.com.au, urbanfuture.com.au, neighbourhoodwaterfiltration.com.au, aqualeau.com.au",,,
heat pump scheme vic,,,,,,,,,,,,,,,,,,4,,,,False,False,"greenuser.com.au, gstore.com.au","greenuser.com.au, coopgroup.au",wateranalytics.com.au,,,
air source heat pump heating and cooling,,,,,,,,,,,,,,,,,,17,,,,False,False,"huntheat.com.au, airtouch.net.au, myplace.com.au, hotwater2u.com.au, sydmech.com.au, seeleyinternational.com, hitechhotwater.com.au, arrowairconditioning.com.au, mhiaa.com.au, macon.com.cn, ahhac.com.au, wateranalytics.com.au, obriensplumbing.com.au","ahhac.com.au, airtouch.net.au, gippslandhydronics.com.au, huntheat.com.au, hitechhotwater.com.au, dehum.com.au, seeleyinternational.com, haierhome.com.au, energypeople.com.au",,,,
whole house water filter ballina,,,,,,,,,,,,,,,,,,6,,,,False,False,"wateranalytics.com.au, filtersystemsaustralia.com.au, alkaviva.com.au, purewatersystems.com.au, graywaterplumbing.com.au","homewaterfiltration.com.au, wateranalytics.com.au, filtersystemsaustralia.com.au",,,,
iheat heat pump,,,,,,,,,,,,,,,,,,8,3,,i-heat.com.au,False,False,"istore.net.au, wateranalytics.com.au, plumbersupplies.com.au, appliancesonline.com.au, reece.com.au","istore.net.au, samedayhotwaterservice.com.au, reece.com.au, appliancesonline.com.au, wateranalytics.com.au, powerbay.com.au","istore.net.au, wateranalytics.com.au, sarroshotwater.com.au","istore.net.au, wateranalytics.com.au",,
how much does a hot water system cost?,,,,,,,,,,,,,,,,,,17,,,,True,False,"newcastlehotwaterrepairs.com.au, bunnings.com.au, resultsplumbingandgas.com.au, samedayhotwaterservice.com.au, agl.com.au","resultsplumbingandgas.com.au, newcastlehotwaterrepairs.com.au, wilco-plumbing.com.au","newcastlehotwatersystem.au, roweplumbingservices.com, apexplumbingprojects.com.au, newcastlehotwaterrepairs.com.au, vicinityplumbingnewcastle.com.au","newcastlehotwaterrepairs.com.au, vicinityplumbingnewcastle.com.au, flowplumbingsolutions.com.au, agl.com.au","newcastlehotwaterrepairs.com.au, bunnings.com.au, reece.com.au, choice.com.au",raecoplumbing.com.au
best home water filtration system perth,,,,,,,,,,,,,,,,,,5,,,,False,False,"wateranalytics.com.au, purewaterfiltration.com.au","dolphinhomefiltration.com.au, wateranalytics.com.au, puremainswater.com.au, pure2o.com.au",,,,
best water filtration system for home perth,,,,,,,,,,,,,,,,,,7,,,,False,False,"wateranalytics.com.au, purewaterfiltration.com.au, urbanfuture.com.au, cloudtap.com.au","pure2o.com.au, dolphinhomefiltration.com.au, puremainswater.com.au, wateranalytics.com.au, purewaterfiltration.com.au",,,,
whole house fluoride filters,,,,,,,,,,,,,,,,,,10,,,,False,False,completehomefiltration.com.au,"filtersystemsaustralia.com.au, aquala.au, wateranalytics.com.au, waterscoaustralia.com.au, purewater4life.com.au, fullhousewaterfiltration.com.au, waterdropfilter.com.au, micronwaterfilters.com.au, homewaterfiltration.com.au",,,,
free hot water australia,,,,,,,,,,,,,,,,,,7,22,,agl.com.au,False,False,"adelaidehillshotwater.com.au, nextcycle.com.au, wateranalytics.com.au, powerbay.com.au, atomichotwater.com.au","sarroshotwater.com.au, wateranalytics.com.au","simplyhotwaterperth.com.au, adelaidehillshotwater.com.au",,,
built in water purifier,,,,,,,,,,,,,,,,,,4,,,,False,False,"cuiyuantrade.com, filtersystemsaustralia.com.au, zipwater.com, wateranalytics.com.au",,,,,
water monitoring companies,,,,,,,,,,,,,,,,,,8,,,,False,False,"metergroup.com, westsoilandwater.com.au, promega.com","x42monitoring.com, westsoilandwater.com.au, incyt.com.au, hydroterra.com.au, hach.com, wateranalytics.com.au",,,,
whole home water filtration system perth,,,,,,,,,,,,,,,,,,6,,,,False,False,wateranalytics.com.au,"cloudtap.com.au, dolphinhomefiltration.com.au, bestcoast.com.au, puremainswater.com.au, pure2o.com.au",,,,
water filter installations mittagong,,,,,,,,,,,,,,,,,,4,,,,False,False,"cleanandclearwater.com.au, homewaterfiltration.com.au, filtap.com.au, wateranalytics.com.au",,,,,
heat pump hot water system perth hills,,,,,,,,,,,,,,,,,,6,,,,False,False,"bunnings.com.au, rheem.com.au, pacerplumbing.com.au, hiltonplumbing.com.au","hiltonplumbing.com.au, wateranalytics.com.au","mhiaa.com.au, wateranalytics.com.au, rheem.com.au, hiltonplumbing.com.au",,,
rain water tank filter systems perth,,,,,,,,,,,,,,,,,,8,,,,False,False,"filtersystemsaustralia.com.au, aquariuswaterfilters.com.au, wateranalytics.com.au, purewaterfiltration.com.au","waterfilter.com.au, wateranalytics.com.au, puretec.com.au, filtersystemsaustralia.com.au","waterfilter.com.au, wateranalytics.com.au, westozwaterfilters.com.au, cloudtap.com.au",,,
can you filter bore water,,,,,,,,,,,,,,,,,,4,,,,True,False,"hydrosmart.com.au, carefree.com.au, wateranalytics.com.au, daveywater.com",,,,,
commercial drinking water testing perth,,,,,,,,,,,,,,,,,,7,,,,False,False,"westsoilandwater.com.au, wateranalytics.com.au, safewaterlab.com.au, onterris.com, culligan.com, mytapscore.com, mastodonenvironmental.com","westsoilandwater.com.au, wateranalytics.com.au",,,,
most economical water filter system,,,,,,,,,,,,,,,,,,2,,,,False,False,filtersystemsaustralia.com.au,filtersystemsaustralia.com.au,wateranalytics.com.au,,,
hot water efficiency upgrades,,,,,,,,,,,,,,,,,,11,,,,False,False,"newcastlehotwaterservice.com.au, agl.com.au, hitechhotwater.com.au, useprofessionaltrades.com.au, hotwatertek.com.au","hotwater.com.au, hotwatertek.com.au",hotwater.com.au,"ehomes.au, adelaidewesthotwater.com.au, hotwater.com.au, wateranalytics.com.au","lpage.com.au, sosplumbingandgas.com.au",
water filter systems whole house brisbane,,,,,,,,,,,,,,,,,,3,,,,False,False,"filtersystemsaustralia.com.au, homewaterfiltration.com.au, wateranalytics.com.au",,,,,
chilled & sparkling filtered systems,,,,,,,,,,,,,,,,,,5,,,,False,False,"billi.com.au, sunshinecoastwaterfilters.com.au, wateranalytics.com.au, sodatap.com.au",wateranalytics.com.au,"wateranalytics.com.au, billi.com.au, valueh2o.com.au",,,
groupon water filter,,,,,,,,,,,,,,,,,,8,,,,False,False,"waterfilter.net.au, groupon.com.au, waterscoaustralia.com.au, waterdropfilter.com.au, wellverti.com.au, inflowfilter.com",waterdropfilter.com.au,"waterdropfilter.com.au, groupon.com.au, flowpure.com, wateranalytics.com.au",,,
sola hot water,,,,,,,,,,,,,,,,,,15,,,,False,False,solarhotwaterparts.com.au,plumbingbros.com.au,"voltxenergy.com.au, solahart.com.au, fixnflowhotwater.com.au, wilcoplumbing.com.au, servicetoday.com.au, drleakplumbing.com.au, solarwaterwind.com.au, australianhotwater.com.au, wateranalytics.com.au, madimack.com, agl.com.au","hitechhotwater.com.au, solahart.com.au, rheem.com.au, fixnflowhotwater.com.au",,
solar hot water deals,,,,,,,,,12.54,,12.54,0,,0,1.25,,1.25,10,,,,False,False,"verlek.com.au, solahart.com.au, rheem.com.au","powerbay.com.au, verlek.com.au, hotwatersolutionswa.com.au",bunnings.com.au,"hotwatersolutionswa.com.au, sarrosplumbing.com.au","urbanfuture.com.au, wateranalytics.com.au, rheem.com.au, wasolarenergyrebates.com.au",
water softener for hard water areas,,,,,,,,,,,,,,,,,,5,,,,False,False,"carefree.com.au, filtersystemsaustralia.com.au, hydrosmart.com.au, wateranalytics.com.au, comparewaterfilters.com.au",filtersystemsaustralia.com.au,"hydrosmart.com.au, carefree.com.au",,,
benchtop water filter perth,,,,,,,,,,,,,,,,,,5,,,,False,False,filtersystemsaustralia.com.au,"carawater.com.au, waterscoaustralia.com.au, wateranalytics.com.au, waterfilter.com.au",,,,
solar and heat pump hot water systems,,,,,,,,,,,,,,,,,,14,5,,renew.org.au,False,False,"acplumbing.com.au, fallonsolutions.com.au, solargreen.net.au, wateranalytics.com.au, rheem.com.au, solarhub.net.au, sanden-hot-water.com.au, solarwise.com.au, solarwide.com.au, hoptoitplumbing.com.au","solargreen.net.au, solarwise.com.au, acplumbing.com.au",,,,"ecovantage.com.au, rheem.com.au, samedayhotwaterservice.com.au, solargain.com.au, newgensolar.com.au"
home water filter system reviews,,,,,,,,,2.32,,2.32,0,,0,0.32,,0.32,9,11,,waterfilterguru.com,False,False,"wateranalytics.com.au, filtersystemsaustralia.com.au, completehomefiltration.com.au","wateranalytics.com.au, aquala.au, waterdropfilter.com.au, urbanfuture.com.au, cloudtap.com.au, homewaterfiltration.com.au, filtersystemsaustralia.com.au, waterscoaustralia.com.au",,,,
what is the best water filtration system for hard water,,,,,,,,,,,,,,,,,,3,,,,True,False,"wateranalytics.com.au, filtersystemsaustralia.com.au, alkaviva.com.au",wateranalytics.com.au,,,,
water filter for home perth,,,,,,,,,,,,,,,,,,3,,,,False,False,"purewaterfiltration.com.au, wateranalytics.com.au, westflowfiltration.com.au",,,,,
heat pump upgrade victoria,,,,,,,,,,,,,,,,,,18,2,,bellairenergysolutions.com.au,False,False,"evoheat.com.au, gstore.com.au","gstore.com.au, greenuser.com.au, wateranalytics.com.au, axialelectric.com.au, goodbyegas.com.au","gstore.com.au, evoheat.com.au, levelau.com.au, prestigeplumbingact.com.au, econrg.au","gstore.com.au, airproplumbingandaircon.com.au, evoheat.com.au, masonacer.com.au","solarchoice.net.au, wateranalytics.com.au, lovellairservices.com, energypeople.com.au, dmbuildingsupplies.com.au, istore.net.au","solarchoice.net.au, greensource.net.au, peninsulaheatpumps.com.au, wateranalytics.com.au"
residential drinking water filtration systems,,,,,,,,,,,,,,,,,,5,,,,False,False,"filtersystemsaustralia.com.au, wateranalytics.com.au, alkaviva.com.au, puretec.com.au, thinkwater.com.au",wateranalytics.com.au,,,,
heat pump water heater perth,,,,,,,,,,,,,,,,,,17,,,,False,False,"hotwatersolutionswa.com.au, hiltonplumbing.com.au, evoheat.com.au, urbanfuture.com.au, solarrepairs.com.au, solahart.com.au","richtek.com.au, hotwatersolutionswa.com.au, urbanfuture.com.au, solahart.com.au, fixor.com.au, reece.com.au, masterflow.net.au, tenesunheatpump.com, gippslandhydronics.com.au","hiltonplumbing.com.au, richtek.com.au, hotwatersolutionswa.com.au","urbanfuture.com.au, wateranalytics.com.au, solargain.com.au, haierhome.com.au, drsparkyelectrical.com.au, simplyhotwaterperth.com.au, hiltonplumbing.com.au, hotwatersolutionswa.com.au, richtek.com.au","wateranalytics.com.au, urbanfuture.com.au, solargain.com.au, hiltonplumbing.com.au, solarrepairs.com.au, richtek.com.au","hiltonplumbing.com.au, richtek.com.au, urbanfuture.com.au, wateranalytics.com.au, solarrepairs.com.au, solargain.com.au"
whole house reverse osmosis system perth,,,,,,,,,,,,,,,,,,6,,,,False,False,homewaterfiltration.com.au,"neighbourhoodwaterfiltration.com.au, cloudtap.com.au, purewaterfiltration.com.au, homewaterfiltration.com.au, clear2o.com.au, wateranalytics.com.au",,,,
home filtration system port kennedy,,,,,,,,,,,,,,,,,,9,,,,False,False,"protocol-plumbing.com.au, bestcoast.com.au, westflowfiltration.com.au, wateranalytics.com.au, westozwaterfilters.com.au, purewaterfiltration.com.au, hiltonplumbing.com.au","waterfilter.com.au, hiltonplumbing.com.au, wateranalytics.com.au, blufrog.com.au",,,,
chilled & sparkling water taps,,,,,,,,,,,,,,,,,,7,,,,False,False,"sunshinecoastwaterfilters.com.au, sodatap.com.au, billi.com.au, modawater.com","wateranalytics.com.au, sodatap.com.au, sunshinecoastwaterfilters.com.au, billi.com.au, zipwater.com","billi.com.au, sunshinecoastwaterfilters.com.au, sodatap.com.au, insinkerator-aus.com.au, zipwater.com",,,
whole house water filtration brisbane,,26,,,,,,,,,,,,,,,,8,20,,filteredwatersolutions.com.au,False,False,,,,,"completehomefiltration.com.au, wateranalytics.com.au, homewaterfiltration.com.au, callreliabletradies.com.au, jrgasandwater.com.au","wateranalytics.com.au, homewaterfiltration.com.au, filtersystemsaustralia.com.au, lumika.com.au, jilawater.com.au"
hot water rebates nsw,,,,,,,,,,,,,,,,,,4,4,,nsw.gov.au,False,False,sanden-hot-water.com.au,sanden-hot-water.com.au,sanden-hot-water.com.au,"sanden-hot-water.com.au, samedayhotwaterservice.com.au, wateranalytics.com.au","wateranalytics.com.au, sanden-hot-water.com.au, peninsulaheatpumps.com.au",
water filtration systems brisbane,,,,,,,,,,,,,,,,,,3,49,,cooeewater.com.au,False,False,"wateranalytics.com.au, inflowfilter.com",completehomefiltration.com.au,,,,
what is the best hot water system,,27,,,,,,,,,,,,,,,,1,1,,energy.gov.au,True,False,,,wateranalytics.com.au,,,
home water filtration canberra,,,,,,,,,,,,,,,,,,21,,,,False,False,"wateranalytics.com.au, primeplumbingservice.com.au, purewaterfiltration.com.au, comparewaterfilters.com.au","wateranalytics.com.au, primeplumbingservice.com.au, billi.com.au, landing-pages.com.au, trendhs.com.au, comparewaterfilters.com.au, greatwaterfilters.com.au, carefree.com.au, levelau.com.au, filtersystemsaustralia.com.au, purewaterfiltration.com.au, fullhousefiltration.com.au, filtermate.com.au","wateranalytics.com.au, greatwaterfilters.com.au, bigspringswater.com.au, prestigeplumbingact.com.au, primeplumbingservice.com.au, billi.com.au, clear2o.com.au, valueh2o.com.au, contemporaryplumbing.com.au, trendhs.com.au, acthotwater.com.au, filtersystemsaustralia.com.au, comparewaterfilters.com.au","wateranalytics.com.au, billi.com.au, filtersystemsaustralia.com.au, carawater.com.au, filteredfresh.com.au, prestigeplumbingact.com.au, comparewaterfilters.com.au, primeplumbingservice.com.au, trendhs.com.au, greatwaterfilters.com.au",,
cheapest solar hot water system,,,,,,,,,6.84,,6.84,0,,0,0.0,,0.0,15,3,,energy.gov,False,False,"empowersolaraustralia.com.au, hotwatersolutionswa.com.au, hiltonplumbing.com.au, rheem.com.au, hitechhotwater.com.au, solahart.com.au, solarrepairs.com.au","hotwatersolutionswa.com.au, dmgsolar.com.au, igreenenergy.com.au, urbanfuture.com.au, rheem.com.au, solargain.com.au, solarrepairs.com.au, empowersolaraustralia.com.au","sarrosplumbing.com.au, hotwatersolutionswa.com.au, rheem.com.au, hiltonplumbing.com.au","urbanfuture.com.au, solargain.com.au, wateranalytics.com.au, rheem.com.au, hiltonplumbing.com.au, sarrosplumbing.com.au, theservicemate.net.au, bunnings.com.au","sarrosplumbing.com.au, wateranalytics.com.au, urbanfuture.com.au",
home water filter system sydney,,,,,,,,,,,,,,,,,,6,,,,False,False,"cleanandclearwater.com.au, hydraflo.com.au, wateranalytics.com.au, lovable.app","cleanandclearwater.com.au, filpure.com.au, filtap.com.au",,,,
what's the best water filter system,,,,,,,,,,,,,,,,,,5,,,,False,False,"wateranalytics.com.au, purewaterfiltration.com.au","greatwaterfilters.com.au, thinkwater.com.au, waterdropfilter.com.au",,,,
water heating pumps,,,,,,,,,,,,,,,,,,12,,,,False,False,"proplumbingsolutions.com.au, reclaimenergy.com.au, reece.com.au, hitechhotwater.com.au, wateranalytics.com.au, drleakplumbing.com.au, hotwater2u.com.au, devexsystems.com.au, evoheat.com.au, rheem.com.au, mhiaa.com.au","drleakplumbing.com.au, solahart.com.au, evoheat.com.au, reclaimenergy.com.au, rheem.com.au",,,,
best water filtration system australia,,,,,,,,,,,,,,,,,,10,15,,filtersystemsaustralia.com.au,False,False,,"wateranalytics.com.au, completehomefiltration.com.au, filtersystemsaustralia.com.au, revolutionaryfiltration.com.au, cleanandclearwater.com.au","wateranalytics.com.au, filtersystemsaustralia.com.au, aquala.au, homewaterfiltration.com.au, cleanandclearwater.com.au, cloudtap.com.au, waterdropfilter.com.au, waterfilter.net.au",,completehomefiltration.com.au,
electric water purification system,,,,,,,,,,,,,,,,,,2,,,,False,False,"filtersystemsaustralia.com.au, wateranalytics.com.au",,,,,
reverse osmosis perth wa,,,,,,,,,,,,,,,,,,9,,,,False,False,"waterfilterman.com.au, westflowfiltration.com.au, filtersystemsaustralia.com.au, homewaterfiltration.com.au, purewaterfiltration.com.au, wateranalytics.com.au, psifilters.com.au","waterfilterman.com.au, carawater.com.au, filtersystemsaustralia.com.au","waterdropfilter.com.au, filtersystemsaustralia.com.au, wateranalytics.com.au, carawater.com.au",,,
filteration systems australia,,,,,,,,,,,,,,,,,,12,,,,False,False,minthomefiltration.com,"filtersystemsaustralia.com.au, watershop.com.au","filtersystemsaustralia.com.au, waterscoaustralia.com.au, wateranalytics.com.au, oleology.com.au, cleanandclearwater.com.au, waterfilter.com.au","filtersystemsaustralia.com.au, membraneshop.com.au, makwater.com.au","filtersystemsaustralia.com.au, wateranalytics.com.au, cleanandclearwater.com.au, filteredwatersolutions.com.au","filtersystemsaustralia.com.au, oleology.com.au, valueh2o.com.au, wateranalytics.com.au"
hot water system payment plan,,,,,,,,,16.79,,16.79,0,,0,0.0,,0.0,16,5,,energy.gov,False,False,"jrgasandwater.com.au, solahart.com.au, reliableplumberperth.com.au, papasplumbingandgas.com.au, perthhotwatergroup.com.au","auscoplumbingandgas.com.au, hotwatersolutionswa.com.au, simplyhotwaterperth.com.au, hiltonplumbing.com.au, richtek.com.au, sarrosplumbing.com.au, perthfirstplumbing.com.au, bestcoast.com.au","reliableplumberperth.com.au, hiltonplumbing.com.au, wateranalytics.com.au, rheem.com.au, woolfplumbing.com.au, sarrosplumbing.com.au","sarrosplumbing.com.au, hiltonplumbing.com.au, perthfirstplumbing.com.au, wateranalytics.com.au",,
best house water filtration system,,20,,,,,,,,,,,,,,,,2,6,,puretec.com.au,False,False,,"wateranalytics.com.au, filtersystemsaustralia.com.au",wateranalytics.com.au,wateranalytics.com.au,,
best house water filters,,,,,,,,,,,,,,,,,,2,20,,healthywaterways.org,False,False,"filtersystemsaustralia.com.au, wateranalytics.com.au",wateranalytics.com.au,,,,
best water filter system to remove fluoride and chlorine,,,,,,,,,,,,,,,,,,5,,,,False,False,"waterscoaustralia.com.au, filtersystemsaustralia.com.au, alkaviva.com.au, wateranalytics.com.au, waterdropfilter.com.au","filtersystemsaustralia.com.au, wateranalytics.com.au, alkaviva.com.au, waterscoaustralia.com.au","filtersystemsaustralia.com.au, wateranalytics.com.au, waterscoaustralia.com.au",,,
best rated heat pump hot water businesses western australia,,,,,,,,,,,,,,,,,,2,,,,False,False,"wateranalytics.com.au, choice.com.au",,,,,
water filtration canberra,,,,,,,,,,,,,,,,,,14,37,,watertec.com.au,False,False,wateranalytics.com.au,"valueh2o.com.au, wateranalytics.com.au, primeplumbingservice.com.au, filtersystemsaustralia.com.au, carefree.com.au, filtecwater.com, landing-pages.com.au, purewaterfiltration.com.au, comparewaterfilters.com.au","wateranalytics.com.au, greatwaterfilters.com.au, bigspringswater.com.au, primeplumbingservice.com.au, valueh2o.com.au, trendhs.com.au, filtersystemsaustralia.com.au, billi.com.au","wateranalytics.com.au, filteredfresh.com.au, valueh2o.com.au, filtecwater.com, primeplumbingservice.com.au",,
how to purify tank water at home,,,,,,,,,1.11,,1.11,0,,0,0.0,,0.0,3,,,,True,False,"watertestsystems.com.au, wateranalytics.com.au, waterdropfilter.com.au",,,,,
hot water systems albury,,,,,,,,,,,,,,,,,,3,,,,False,False,tonkingroup.com.au,"tonkingroup.com.au, bunnings.com.au, wateranalytics.com.au",,,,
electric heat pump hot water system prices,,,,,,,,,2.86,,2.86,0,,0,0.0,,0.0,10,0,,hoganhotwaterandair.com.au,False,False,staticplumbers.com.au,"1stchoicehotwater.com.au, appliancesonline.com.au, speedyhotwater.com.au, evoheat.com.au, brisbanehotwaterservices.com.au","green.com.au, irwinsplumbing.com.au, wateranalytics.com.au, solarwise.com.au",,,
affordable water filtration,,,,,,,,,,,,,,,,,,3,,,,False,False,filtersystemsaustralia.com.au,"landwater.com.au, wateranalytics.com.au, filtersystemsaustralia.com.au",,,,
heat pump electric hot water system,,,,,,,,,,,,,,,,,,4,6,,energy.gov,False,False,"powerbay.com.au, appliancesonline.com.au, choice.com.au, wateranalytics.com.au",wateranalytics.com.au,,,,
best whole house water filter perth,,,,,,,,,,,,,,,,,,3,,,,False,False,"wateranalytics.com.au, purewaterfiltration.com.au, cloudtap.com.au",,,,,
water filter ballina,,,,,,,,,,,,,,,,,,7,,,,False,False,graywaterplumbing.com.au,"filtersystemsaustralia.com.au, waterfilter.net.au, alkaway.com.au, graywaterplumbing.com.au, waterscoaustralia.com.au","wateranalytics.com.au, filtersystemsaustralia.com.au, clarencewaterfilters.com.au",,,
how do heat pump hot water systems work,,19,,,,,,,2.77,,2.77,0,,0,0.0,,0.0,5,0,,energyaustralia.com.au,True,False,"choice.com.au, powerbay.com.au, samedayhotwaterservice.com.au, wateranalytics.com.au","samedayhotwaterservice.com.au, choice.com.au, ecoflow.com, powerbay.com.au","choice.com.au, samedayhotwaterservice.com.au, ecoflow.com, wateranalytics.com.au",,,
best whole home water filtration system melbourne,,,,,,,,,,,,,,,,,,3,,,,False,False,"cleanandclearwater.com.au, wateranalytics.com.au, pureflowfiltration.com.au",,,,,
whole house water filter brisbane,,26,,,,,,,1.52,,1.52,0,,0,0.0,,0.0,6,23,,filteredwatersolutions.com.au,False,False,,,,,"completehomefiltration.com.au, homewaterfiltration.com.au, filteredwatersolutions.com.au","wateranalytics.com.au, homewaterfiltration.com.au, greatwaterfilters.com.au, filtersystemsaustralia.com.au"
how much does it cost for a water softener system,,,,,,,,,,,,,,,,,,1,,,,True,False,wateranalytics.com.au,,,,,
most energy-efficient hot water system australia,,7,,,,,,,,,,,,,,,,1,0,,energy.gov.au,False,False,,wateranalytics.com.au,,,,wateranalytics.com.au
water testing laboratories perth,,,,,,,,,,,,,,,,,,3,,,,False,False,"agilent.com, westsoilandwater.com.au","westsoilandwater.com.au, wateranalytics.com.au",,,,
water filters that remove fluoride and chlorine australia,,,,,,,,,1.93,,1.93,0,,0,6.9,,6.9,5,14,,quora.com,False,False,"wateranalytics.com.au, waterscoaustralia.com.au, inflowfilter.com, thinkwater.com.au, holyh2o.com.au",waterscoaustralia.com.au,,,,
solar heat pump hot water systems,,,,,,,,,2.67,,2.67,0,,0,0.0,,0.0,7,3,,hotwaterprofessionals.com.au,False,False,"fallonsolutions.com.au, rheem.com.au, wateranalytics.com.au, irwinsplumbing.com.au, solargreen.net.au, solarwise.com.au, powerbay.com.au",solargreen.net.au,,,,
inline home water filter system,,,,,,,,,,,,,,,,,,2,,,,False,False,"homewaterfiltration.com.au, wateranalytics.com.au",,,,,
all clear water filtration,,,,,,,,,,,,,,,,,,3,,,,False,False,"wateranalytics.com.au, filtersystemsaustralia.com.au","carawater.com.au, filtersystemsaustralia.com.au",,,,
200l hot water system,,27,,,,,,,,,,,,,,,,11,5,,bunnings.com.au,False,False,,"hiltonplumbing.com.au, bunnings.com.au, reliableplumberperth.com.au, evoheat.com.au, westcoasttrades.com.au, reece.com.au, hotwatersolutionswa.com.au","richtek.com.au, sarrosplumbing.com.au, westcoasttrades.com.au, hotwatersolutionswa.com.au",,"hiltonplumbing.com.au, reliableplumberperth.com.au, reece.com.au, richtek.com.au","wateranalytics.com.au, hiltonplumbing.com.au, urbanfuture.com.au, reliableplumberperth.com.au, sarrosplumbing.com.au, reece.com.au"
aqua rain water purifier,,,,,,,,,,,,,,,,,,5,,,,False,False,filtersystemsaustralia.com.au,"aquacoolerdirect.com.au, wateranalytics.com.au, filtersystemsaustralia.com.au, filtermate.com.au, aqualisfilters.com.au",,,,
sydney water chiller and filter,,,,,,,,,,,,,,,,,,12,,,,False,False,"thermaliq.com.au, valueh2o.com.au, oleology.com.au, purewaterfiltration.com.au, neverfail.com.au","thermaliq.com.au, filpure.com.au, valueh2o.com.au, purewaterfiltration.com.au, cleanandclearwater.com.au","thermaliq.com.au, valueh2o.com.au, cleanandclearwater.com.au, filpure.com.au, novoh2o.com.au, wateranalytics.com.au, neverfail.com.au","thermaliq.com.au, ovio.com, valueh2o.com.au, purewater4life.com.au",thermaliq.com.au,aquala.au
free in-home water filtration assessment,,,,,,,,,,,,,,,,,,2,,,,False,False,"mrsplashplumbing.com.au, wateranalytics.com.au",,,,,
filtered water installation,,,,,,,,,5.14,,5.14,0,,0,0.0,,0.0,2,4,,sodatap.com.au,False,False,wateranalytics.com.au,completehomefiltration.com.au,,,completehomefiltration.com.au,
poe water filter,,,,,,,,,2.69,,2.69,0,,0,0.0,,0.0,5,,,,False,False,"filtersystemsaustralia.com.au, thinkwater.com.au, psifilters.com.au","filtersystemsaustralia.com.au, alkaviva.com.au, wateranalytics.com.au",,,,
home water filtration system install melbourne,,,,,,,,,,,,,,,,,,6,,,,False,False,"purewaterfiltration.com.au, cleanandclearwater.com.au, fullhousefiltration.com.au, wateranalytics.com.au, pureflowfiltration.com.au, tryselene.com.au",,,,,
solar hot water quote,,,,,,,,,,,,,,,,,,13,,,,False,False,abplumbingandsolar.com.au,"lwplumbing.com.au, deltatemp.com.au, solargreen.net.au, rheem.com.au, nexasolar.com.au","rheem.com.au, wateranalytics.com.au, revolutionarysolar.com.au, livingsolar.com.au, solarrun.com.au, hot-water-melbourne.com.au","rheem.com.au, outrightplumbing.com.au, agl.com.au",,
water filtration systems perth hills,,,,,,,,,,,,,,,,,,10,,,,False,False,"wateranalytics.com.au, dolphinhomefiltration.com.au, purewaterfiltration.com.au, puremainswater.com.au, neighbourhoodwaterfiltration.com.au, cloudtap.com.au, urbanfuture.com.au",wateranalytics.com.au,"wateranalytics.com.au, greatwaterfilters.com.au",wateranalytics.com.au,"wateranalytics.com.au, aqualeau.com.au, greatwaterfilters.com.au, daveywater.com",
reverse osmosis water filtration perth,,,,,,,,,,,,,,,,,,1,,,,False,False,wateranalytics.com.au,,,,,
waterboy whole house system reviews,,,,,,,,,,,,,,,,,,2,,,,False,False,"filtersystemsaustralia.com.au, wateranalytics.com.au",,,,,
filter systems for water,,,,,,,,,,,,,,,,,,4,26,,filtersystemsaustralia.com.au,False,False,,,,,"completehomefiltration.com.au, wateranalytics.com.au, filtersystemsaustralia.com.au, cleanandclearwater.com.au",
reverse osmosis systems australia,,22,,,,,,,,,,,,,,,,8,9,,filtersystemsaustralia.com.au,False,False,,,,,,"filtersystemsaustralia.com.au, aquala.au, homewaterfiltration.com.au, wateranalytics.com.au, greatwaterfilters.com.au, filtecwater.com, cleanandclearwater.com.au, waterscoaustralia.com.au"
hot water heat pumps mandurah,,,,,,,,,,,,,,,,,,6,,,,False,False,"tapdoctor.com.au, hiltonplumbing.com.au, pipemastersplumbingandgas.com.au, watsonservices.com.au, wateranalytics.com.au, sarrosplumbing.com.au",,,,,
emerald energy heat pump,,7,,,,,,,,,,,,,,,,5,1,,emerald.com.au,False,False,climateplus.com.au,"reece.com.au, rimfireenergy.com.au, energyloop.com.au, wateranalytics.com.au",,,,
whole house water filtration system australia,,40,,,,,,,1.72,,1.72,0,,0,0.0,,0.0,6,27,,filtersystemsaustralia.com.au,False,False,,,,,"wateranalytics.com.au, filtersystemsaustralia.com.au, daveywater.com, oxfordandnelson.com.au, puretec.com.au, cleanandclearwater.com.au","wateranalytics.com.au, filtersystemsaustralia.com.au"
rainwater filter systems,,,,,,,,,1.14,,1.14,0,,0,10.61,,10.61,4,9,,puretec.com.au,False,False,"puretec.com.au, uvguard.com, rainwaterfiltration.com.au, wateranalytics.com.au",,,,,
drinking water testing perth,,,,,,,,,2.07,,2.07,0,,0,0.0,,0.0,3,,,,False,False,"westsoilandwater.com.au, wateranalytics.com.au, safewaterlab.com.au","wateranalytics.com.au, westsoilandwater.com.au, safewaterlab.com.au",,,,
full home water filtration system melbourne,,,,,,,,,,,,,,,,,,5,,,,False,False,"wateranalytics.com.au, cleanandclearwater.com.au, pureflowfiltration.com.au, fullhousefiltration.com.au, purewaterfiltration.com.au",,,,,
best alkaline water filter australia,,20,,,,,,,2.27,,2.27,0,,0,0.0,,0.0,10,8,,aquamountain.com.au,False,False,,"alkaway.com.au, filpure.com.au, waterscoaustralia.com.au, cleanandclearwater.com.au","alkaway.com.au, waterscoaustralia.com.au, inflowfilter.com, waterfilter.net.au, philips.com.au, filpure.com.au, wateranalytics.com.au",alkaway.com.au,"waterdropfilter.com.au, waterscoaustralia.com.au, filtersystemsaustralia.com.au",
300l hot water system,,16,,,,,,,0.44,,0.44,0,,0,0.0,,0.0,12,0,,bunnings.com.au,False,False,,"westcoasttrades.com.au, hiltonplumbing.com.au, evoheat.com.au, reliableplumberperth.com.au","hotwatersolutionswa.com.au, oncallhotwater.com.au, reliableplumberperth.com.au, solahart.com.au",,"sarrosplumbing.com.au, hiltonplumbing.com.au","wateranalytics.com.au, hiltonplumbing.com.au, reliableplumberperth.com.au, provistaplumbing.com.au, sarrosplumbing.com.au, reece.com.au"
home water filter fluoride,,,,,,,,,,,,,,,,,,4,,,,False,False,"waterscoaustralia.com.au, filtersystemsaustralia.com.au, wateranalytics.com.au, alkaviva.com.au","wateranalytics.com.au, filtersystemsaustralia.com.au, waterscoaustralia.com.au",,,,
best uv light water purifier,,,,,,,,,,,,,,,,,,4,,,,False,False,"wateranalytics.com.au, filtersystemsaustralia.com.au, ultraaqua.com, puretec.com.au",,,,,
hot water heat pump australia,,,,,,,,,2.59,,2.59,0,,0,0.0,,0.0,23,15,,renew.org.au,False,False,"levelau.com.au, energypeople.com.au, haierhome.com.au, powerbay.com.au, levelcanberra.au, crolp.com.au, canberrahotwatersystems.com.au, energyaustralia.com.au","contemporaryplumbing.com.au, solahart.com.au, levelau.com.au, energypeople.com.au, climateplus.com.au, rheem.com.au, crolp.com.au, wateranalytics.com.au, actewagl.com.au, istore.net.au","levelau.com.au, haierhome.com.au, energypeople.com.au, obrien.com.au, istore.net.au, actewagl.com.au, econrg.au, rinnai.com.au, contemporaryplumbing.com.au, rheem.com.au, wateranalytics.com.au, canberrahotwatersystems.com.au, climateplus.com.au, australianhotwater.com.au","energypeople.com.au, solarhub.net.au, actblockeddrains.com.au, climateplus.com.au, rheem.com.au",peninsulaheatpumps.com.au,
best solar hot water,,,,,,,,,,,,,,,,,,10,,,,False,False,"solahart.com.au, positiveenergy.com.au, rheem.com.au","hotwatersolutionswa.com.au, urbanfuture.com.au, wateranalytics.com.au","hotwatersolutionswa.com.au, pacerplumbing.com.au","urbanfuture.com.au, wateranalytics.com.au, positiveenergy.com.au, rheem.com.au, solargain.com.au","theservicemate.net.au, hiltonplumbing.com.au, rheem.com.au",
purezza australia,,,,,,,,,,,,,,,,,,2,,,,False,False,purezza.com.au,"purezza.com.au, wateranalytics.com.au",,,,
which is the best hot water system for your home?,,,,,,,,,,,,,,,,,,19,,,,True,False,"picklesplumbingandelectrical-srp.com.au, fluidplumbingservices.com.au, plumbingdoctors.com.au, bunnings.com.au, newcastlehotwaterrepairs.com.au, cdlplumbdraingas.com.au, choice.com.au, hotwatersystemsnewcastle.com.au, agl.com.au, samedayhotwaterservice.com.au, resultsplumbingandgas.com.au","plumbingdoctors.com.au, cdlplumbdraingas.com.au, heatpumpboys.com.au, newcastlehotwaterrepairs.com.au, resultsplumbingandgas.com.au, agl.com.au, wateranalytics.com.au, hotwatersystemsnewcastle.com.au, fluidplumbingservices.com.au, picklesplumbingandelectrical-srp.com.au","drainkeepers.com.au, plumbingdoctors.com.au, vicinityplumbingnewcastle.com.au, wateranalytics.com.au, choice.com.au, lordsplumbing.com.au, picklesplumbingandelectrical-srp.com.au, agl.com.au","drainkeepers.com.au, plumbingdoctors.com.au, heatpumpboys.com.au, newcastlehotwaterrepairs.com.au","plumbingdoctors.com.au, picklesplumbingandelectrical-srp.com.au, wateranalytics.com.au, agl.com.au, fluidplumbingservices.com.au","plumbingdoctors.com.au, fixnflowhotwater.com.au, reclaimenergy.com.au, heatpumpboys.com.au, apricus.com.au, cdlplumbdraingas.com.au"
best hot water system with solar panels,,,,,,,,,,,,,,,,,,14,4,,energy.gov,False,False,"solahart.com.au, rheem.com.au, irwinsplumbing.com.au, solarrepairs.com.au, urbanfuture.com.au, hiltonplumbing.com.au","powerbay.com.au, solahart.com.au, wateranalytics.com.au, rheem.com.au, urbanfuture.com.au, positiveenergy.com.au, solarrepairs.com.au, green.com.au, hitechhotwater.com.au","solargain.com.au, solahart.com.au, sarrosplumbing.com.au, urbanfuture.com.au, hotwatersolutionswa.com.au, hiltonplumbing.com.au","urbanfuture.com.au, wateranalytics.com.au, rheem.com.au, sarrosplumbing.com.au","sarrosplumbing.com.au, wateranalytics.com.au, urbanfuture.com.au",
electric hot water heat pump,,27,,,,,,,2.82,,2.82,0,,0,8.54,,8.54,4,4,,rinnai.com.au,False,False,,"powerbay.com.au, wateranalytics.com.au, hiltonplumbing.com.au, reece.com.au",,,,
cost for whole house water filtration system,,18,,,,,,,,,,,,,,,,2,3,,reddit.com,False,False,,,,,,
tank water filtration australia,,,,,,,,,,,,,,,,,,3,,,,False,False,"filtersystemsaustralia.com.au, wateranalytics.com.au, thinkwater.com.au",,,,,
domestic ro system price,,,,,,,,,,,,,,,,,,7,,,,False,False,"filtersystemsaustralia.com.au, philips.com.au, wateranalytics.com.au, waterdropfilter.com.au, comparewaterfilters.com.au, cuiyuantrade.com, psifilters.com.au",,,,,
salt water purifier for home,,,,,,,,,2.41,,2.41,0,,0,0.0,,0.0,3,,,,False,False,thinkwater.com.au,"thinkwater.com.au, hydrosmart.com.au, wateranalytics.com.au",,,,
whole house structured water unit,,,,,,,,,,,,,,,,,,4,7,,innate-awareness.com,False,False,"hydrosmart.com.au, filtersystemsaustralia.com.au, wateranalytics.com.au, alkaviva.com.au",,,,,
cost of uv water filtration system,,,,,,,,,,,,,,,,,,5,,,,False,False,"uvguard.com, thinkwater.com.au, wateranalytics.com.au, filtersystemsaustralia.com.au, comparewaterfilters.com.au",uvguard.com,uvguard.com,,,
solar split system hot water,,,,,,,,,,,,,,,,,,15,,,,False,False,"solahart.com.au, solarrepairs.com.au, solargain.com.au, rheem.com.au, hitechhotwater.com.au, urbanfuture.com.au, positiveenergy.com.au, hiltonplumbing.com.au, empowersolaraustralia.com.au","verlek.com.au, empowersolaraustralia.com.au, solahart.com.au, solarrepairs.com.au","urbanfuture.com.au, hiltonplumbing.com.au, positiveenergy.com.au, hotwatersolutionswa.com.au, solarrepairs.com.au","rheem.com.au, solargain.com.au, solaroak.com.au, wateranalytics.com.au, solarrepairs.com.au, urbanfuture.com.au, sarrosplumbing.com.au, provistaplumbing.com.au",,
ro water filtration system for home melbourne,,,,,,,,,,,,,,,,,,5,,,,False,False,"wateranalytics.com.au, expertplumbing.com.au, cleanandclearwater.com.au, pureflowfiltration.com.au, tryselene.com.au",,,,,
water purifier for home perth,,,,,,,,,,,,,,,,,,9,,,,False,False,wateranalytics.com.au,"homewaterfiltration.com.au, wateranalytics.com.au, hydrotechgroup.com.au, waterfilter.net.au, purewaterfiltration.com.au, westflowfiltration.com.au","dolphinhomefiltration.com.au, puremainswater.com.au, purewaterfiltration.com.au, wateranalytics.com.au, urbanfuture.com.au",,,
house filtration,,,,,,,,,,,,,,,,,,2,,,,False,False,"wateranalytics.com.au, waterfilter.net.au",,,,,
in home water softener system,,,,,,,,,,,,,,,,,,1,,,,False,False,wateranalytics.com.au,,,,,
water filter 7 stage,,,,,,,,,0.93,,0.93,0,,0,0.0,,0.0,1,7,,filtersystemsaustralia.com.au,False,False,,,,,,
water analytics australia price,,13,,,,,,,,,,,,,,,,1,3,,wateranalytics.com.au,False,False,,,,,wateranalytics.com.au,
best water filter system for home use,,,,,,,,,,,,,,,,,,4,,,,False,False,"wateranalytics.com.au, filtersystemsaustralia.com.au, comparewaterfilters.com.au, waterscoaustralia.com.au",,,,,
best water filters perth,,,,,,,,,3.35,,3.35,0,,0,0.0,,0.0,4,,,,False,False,"filtersystemsaustralia.com.au, wateranalytics.com.au, comparewaterfilters.com.au, hiltonplumbing.com.au",,,,,
hot water from heat pump,,,,,,,,,,,,,,,,,,4,0,,energy.gov,False,False,powerbay.com.au,"nibe.co.uk, wateranalytics.com.au, powerbay.com.au",,,,
byron bay water filter systems,,,,,,,,,,,,,,,,,,9,,,,False,False,"homewaterfiltration.com.au, imperialpdg.com.au, wateranalytics.com.au, alkaway.com.au, filtersystemsaustralia.com.au","filtersystemsaustralia.com.au, purewatersystems.com.au, wateranalytics.com.au, alkaway.com.au, alkaviva.com.au","filtersystemsaustralia.com.au, kynandfolk.com, alkaway.com.au, wateranalytics.com.au, billi.com.au",,,
filtration at home,,,,,,,,,1.81,,1.81,0,,0,0.0,,0.0,2,19,,homewater.com,False,False,wateranalytics.com.au,,,,,
free hot water,,20,,,,,,,1.28,,1.28,0,,0,0.03,,0.03,43,7,,freehotwater.au,False,False,,"carbonsavers.com.au, advantagesolar.com.au, ballarathotwater.com.au, rheem.com.au, toohottohandle.com.au","energyupgrader.com.au, toohottohandle.com.au, advantagesolar.com.au, solahartballarat.com.au, carbonsavers.com.au, ifge.com.au, futurenrg.com.au, easyelectricsec.com.au, thermastore.com.au, rheem.com.au, waldronheatingcooling.com.au, geelongheatpumps.com.au, optenergy.com.au, solahart.com.au, velocitysolar.com.au, australianenergyupgrades.com.au, tangoenergy.com, solar.vic.gov.au, goodbyegas.com.au, ballarathotwater.com.au, hot-water-melbourne.com.au, newgensolar.com.au, google.com, wateranalytics.com.au, australianhotwater.com.au","nationalhc.com.au, carbonsavers.com.au, toohottohandle.com.au, energyupgrader.com.au, energy.vic.gov.au, rheem.com.au, futurenrg.com.au, geelongheatpumps.com.au, optenergy.com.au, australiangreensolution.com.au, ipromiseaustralia.com.au, solahart.com.au, waldronheatingcooling.com.au, wateranalytics.com.au, energyloop.com.au, ballarathotwater.com.au, hot-water-melbourne.com.au, solar.vic.gov.au, solahartballarat.com.au, buickplumbingandgas.com.au, austarenergy.com.au, dbsaustralia.com.au, advantagesolar.com.au, australianenergyupgrades.com.au, reece.com.au, ifge.com.au, goodbyegas.com.au, agl.com.au, thewaterboy.com.au, goswitch.com.au","carbonsavers.com.au, reinsulate.com.au, energyupgrader.com.au, rheem.com.au, wateranalytics.com.au, momentumenergy.com.au, energy.vic.gov.au, optenergy.com.au, hot-water-melbourne.com.au, australiangreensolution.com.au, thedrainmate.com.au, greentastic.com.au, solahart.com.au, futurenrg.com.au, solahartballarat.com.au, toohottohandle.com.au, australianenergyupgrades.com.au, greenuser.com.au, geelongheatpumps.com.au, energyloop.com.au, localplumbinggroup.com.au",
water purification whole house,,,,,,,,,,,,,,,,,,4,8,,aquasafe.com.au,False,False,,,,"completehomefiltration.com.au, cleanandclearwater.com.au, wateranalytics.com.au, puretec.com.au",completehomefiltration.com.au,
water tank filter machine,,,,,,,,,,,,,,,,,,4,,,,False,False,"filtersystemsaustralia.com.au, puretec.com.au, thinkwater.com.au, wateranalytics.com.au",filtersystemsaustralia.com.au,filtersystemsaustralia.com.au,,,
water filtration installation canberra,,,,,,,,,,,,,,,,,,18,,,,False,False,"primeplumbingservice.com.au, purewaterfiltration.com.au, wateranalytics.com.au","primeplumbingservice.com.au, wateranalytics.com.au, irwinsplumbing.com.au, amcoil.com.au, prestigeplumbingact.com.au, plumbing-doctor.com.au, bigspringswater.com.au, levelau.com.au","primeplumbingservice.com.au, prestigeplumbingact.com.au, wateranalytics.com.au, levelau.com.au, google.com, canberraplumbingandgas.com.au, actionplumbing.net.au, climateplus.com.au, jandjplumbingservices.com.au, irwinsplumbing.com.au, contemporaryplumbing.com.au, plumbing-doctor.com.au","wateranalytics.com.au, bigspringswater.com.au, prestigeplumbingact.com.au, greatwaterfilters.com.au, filteredfresh.com.au, primeplumbingservice.com.au, levelau.com.au, canberrahotwatersystems.com.au",,
cheap hot water systems,,43,,,,,,,,,,,,,,,,23,8,,samedayhotwaterservice.com.au,False,False,"todayplumbing.au, phwservices.com.au","gilmourplumbing.com.au, bunnings.com.au, hitechhotwater.com.au, servicetoday.com.au, solahart.com.au, reece.com.au, 1upplumbing.com.au, fasthotwater.com.au, sydneywidehotwater.com.au, fixnflowhotwater.com.au, rheem.com.au","hitechhotwater.com.au, solahart.com.au, servicetoday.com.au, rheem.com.au, wilcoplumbing.com.au, mrflowplumbing.com.au, sydneywidehotwater.com.au","networkplumbing.com.au, pgmplumbing.com.au, fixnflowhotwater.com.au, mrflowplumbing.com.au, hitechhotwater.com.au","wilcoplumbing.com.au, fixnflow.com.au, dansplumbing.com.au, fixnflowhotwater.com.au, torinosplumbing.com.au, truebluehotwater.com.au, networkplumbing.com.au, mrsplashplumbing.com.au","hitechhotwater.com.au, fixnflowhotwater.com.au, fasthotwater.com.au, wateranalytics.com.au, dansplumbing.com.au"
water filter systems for house,,,,,,,,,,,,,,,,,,5,7,,aquasafe.com.au,False,False,,,"completehomefiltration.com.au, wateranalytics.com.au, cleanandclearwater.com.au, puretec.com.au, filtersystemsaustralia.com.au",completehomefiltration.com.au,,
uv water filtration vs reverse osmosis,,,,,,,,,,,,,,,,,,6,,,,False,False,"waterscoaustralia.com.au, filtersystemsaustralia.com.au, waterfilter.net.au, uvguard.com, wateranalytics.com.au, ozfilterwarehouse.com.au","filtersystemsaustralia.com.au, waterscoaustralia.com.au",,,,
water treatment solutions melbourne homes,,,,,,,,,,,,,,,,,,3,,,,False,False,"cleanandclearwater.com.au, wateranalytics.com.au, pureflowfiltration.com.au",,,,,
efficient hot water systems,,22,,,,,,,,,,,,,,,,2,0,,energy.gov.au,False,False,,"wateranalytics.com.au, powerbay.com.au",,,,
high efficiency hot water systems,,,,,,,,,,,,,,,,,,21,,,,False,False,"agl.com.au, reece.com.au, andrewevansplumbing.com.au",google.com,"hotwater.com.au, hotwatertek.com.au, levelau.com.au, abaplumbing.com.au, andrewevansplumbing.com.au, reece.com.au, agl.com.au, useprofessionaltrades.com.au","evoheat.com.au, hotwatertek.com.au, hotwater.com.au, agl.com.au, calladelaideexpertplumbing.com.au, haierhome.com.au, aquatekplumbers.com.au, lpage.com.au, rinnai.com.au, saexpressplumbing.com.au","hotwatertek.com.au, aquatekplumbers.com.au, reclaimenergy.com.au, jackslocalplumbing.com.au, reece.com.au, haierhome.com.au, evoheat.com.au, choice.com.au, hotwater.com.au, calladelaideexpertplumbing.com.au","andrewevansplumbing.com.au, haierhome.com.au, reece.com.au, adelaidewesthotwater.com.au, hotwater.com.au"
best whole house filter for city water,,,,,,,,,,,,,,,,,,4,,,,False,False,"filtersystemsaustralia.com.au, wateranalytics.com.au, thinkwater.com.au, comparewaterfilters.com.au",,,,,
water filter systems perth,,,,,,,,,1.97,,1.97,0,,0,21.7,,21.7,6,27,,simplyhotwaterperth.com.au,False,False,purewaterfiltration.com.au,purewaterfiltration.com.au,"dolphinhomefiltration.com.au, purewaterfiltration.com.au, wateranalytics.com.au, neighbourhoodwaterfiltration.com.au",,"completehomefiltration.com.au, wateranalytics.com.au, waterfilter.com.au",
water testing perth wa,,,,,,,,,1.81,,1.81,0,,0,6.6,,6.6,6,15,,manjimup.wa.gov.au,False,False,"westsoilandwater.com.au, safewaterlab.com.au, wateranalytics.com.au","hydrotechgroup.com.au, westsoilandwater.com.au, wateranalytics.com.au, westflowfiltration.com.au, safewaterlab.com.au, waterfilterman.com.au",,,,
wateranalytics.com.au,,,,,,,,,,,,,,,,,,1,,,,False,False,wateranalytics.com.au,,,,,
water filter system for home use,,,,,,,,,,,,,,,,,,5,,,,False,False,"completehomefiltration.com.au, purestwaterfiltration.com.au","wateranalytics.com.au, purestwaterfiltration.com.au, completehomefiltration.com.au, filteredwatersolutions.com.au, filtap.com.au",,,,
heat pump brisbane,,,,,,,,,4.88,,4.88,0,,0,7.24,,7.24,21,6,,sjhotwaterbrisbane.com.au,False,False,"dspg.com.au, celsiusheatpumps.com.au, acplumbing.com.au, fusedair.com.au, jrgasandwater.com.au","dspg.com.au, atcplumbing.com.au","wateranalytics.com.au, baysideair.com.au, wilsonhotwater.com.au, acplumbing.com.au, wulfe.au","acplumbing.com.au, jousto.com.au, wilsonhotwater.com.au","reclaimenergy.com.au, acplumbing.com.au","acplumbing.com.au, evoheat.com.au, reclaimenergy.com.au, wateranalytics.com.au"
water analysis western australia,,,,,,,,,,,,,,,,,,5,,,,False,False,"wateranalytics.com.au, westsoilandwater.com.au, mywaterscore.com.au, safewaterlab.com.au","wateranalytics.com.au, safewaterlab.com.au, sigmaaldrich.com",,,,
vivreau water system cost,,,,,,,,,,,,,,,,,,4,,,,False,False,"aquapax.com.au, wateranalytics.com.au, brita.com.au","aquapax.com.au, culligan.com.au",,,,
heat pump gosford,,,,,,,,,,,,,,,,,,18,,,,False,False,"newcastlehotwaterservice.com.au, solahartcentralcoast.com.au","hitechhotwater.com.au, gosfordair.com.au, myplace.com.au, rusticplumbing.com.au, reclaimenergy.com.au, wateranalytics.com.au","hitechhotwater.com.au, apricus.com.au, hussmann.com.au, rheem.com.au, coastplumber.com.au, cyanergy.com.au, rusticplumbing.com.au, reclaimenergy.com.au, automaticheating.com.au, solarbright.com.au, istore.net.au, green.com.au, peninsulaheatpumps.com.au",,,
water filtration installation price melbourne,,,,,,,,,,,,,,,,,,4,,,,False,False,"cleanandclearwater.com.au, wateranalytics.com.au, pureflowfiltration.com.au, greatwaterfilters.com.au",,,,,
household water filtration system reviews,,,,,,,,,,,,,,,,,,3,,,,False,False,"filtersystemsaustralia.com.au, wateranalytics.com.au, waterdropfilter.com.au","filtersystemsaustralia.com.au, wateranalytics.com.au",,,,
whole house water filter installation perth,,,,,,,,,,,,,,,,,,4,,,,False,False,"puremainswater.com.au, dolphinhomefiltration.com.au","hiltonplumbing.com.au, wateranalytics.com.au",,,,
water filtration northern rivers,,,,,,,,,,,,,,,,,,2,,,,False,False,wateranalytics.com.au,filtersystemsaustralia.com.au,"wateranalytics.com.au, filtersystemsaustralia.com.au",,,
home water filtration hawthorn melbourne,,,,,,,,,,,,,,,,,,5,,,,False,False,"cleanandclearwater.com.au, wateranalytics.com.au, pureflowfiltration.com.au, greatwaterfilters.com.au, fullhousefiltration.com.au",,,,,
complete home filtration melbourne,,17,,,,,,,,,,,,,,,,5,20,,completehomefiltration.com.au,False,False,,"wateranalytics.com.au, pureflowfiltration.com.au, cleanandclearwater.com.au, waterfilterguy.com.au","greatwaterfilters.com.au, wateranalytics.com.au, cleanandclearwater.com.au",,,
home water purification system melbourne,,,,,,,,,,,,,,,,,,1,,,,False,False,wateranalytics.com.au,,,,,
best residential water purification systems,,,,,,,,,,,,,,,,,,2,,,,False,False,"filtersystemsaustralia.com.au, wateranalytics.com.au",,,,,
domestic hot water heat pump,,22,,,,,,,6.78,,6.78,0,,0,1.25,,1.25,13,2,,rheem.com.au,False,False,,powerbay.com.au,,,"reece.com.au, reclaimenergy.com.au, hitechhotwater.com.au, appliancesonline.com.au, rheem.com.au, wateranalytics.com.au, fixnflow.com.au, wilcoplumbing.com.au, solahart.com.au, energypeople.com.au, haierhome.com.au","reclaimenergy.com.au, hitechhotwater.com.au, solahart.com.au, rheem.com.au, reece.com.au, haierhome.com.au, sanden-hot-water.com.au"
house water tank filter,,,,,,,,,,,,,,,,,,6,,,,False,False,"filtersystemsaustralia.com.au, puretec.com.au, wateranalytics.com.au","filtersystemsaustralia.com.au, puretec.com.au, hydrosmart.com.au, daveywater.com, thinkwater.com.au","thinkwater.com.au, puretec.com.au, filtersystemsaustralia.com.au","filtersystemsaustralia.com.au, puretec.com.au, daveywater.com",,
whole home water filtration south east melbourne,,,,,,,,,,,,,,,,,,2,,,,False,False,"wateranalytics.com.au, greatwaterfilters.com.au",,,,,
industrial water filtration systems perth,,,,,,,,,,,,,,,,,,11,,,,False,False,"elkay.com, russellfinex.com, unitedrentals.com",aquariuswaterfilters.com.au,"prwater.com.au, oleology.com.au, cloudtap.com.au, aquapax.com.au, russellfinex.com","russellfinex.com, prwater.com.au, wateranalytics.com.au, waterfilter.com.au, filtersystemsaustralia.com.au",,
free hot water systems victoria,,,,,,,,,,,,,,,,,,16,,,,False,False,"carbonsavers.com.au, energyupgrader.com.au, australiangreensolution.com.au","carbonsavers.com.au, australiangreensolution.com.au, energyupgrader.com.au","carbonsavers.com.au, optenergy.com.au, australiangreensolution.com.au, ipromiseaustralia.com.au, hot-water-melbourne.com.au, austarenergy.com.au, gstore.com.au, ecoorigin.com.au","australiangreensolution.com.au, carbonsavers.com.au, rgrplumbingservices.com.au, goldsure.com.au, optenergy.com.au, energy.vic.gov.au","carbonsavers.com.au, australiangreensolution.com.au, wateranalytics.com.au, caulfieldplumbers.com.au, optenergy.com.au, australianenergyupgrades.com.au, hot-water-melbourne.com.au","carbonsavers.com.au, australianenergyupgrades.com.au, australiangreensolution.com.au, thedrainmate.com.au"
water filter installation point cook,,,,,,,,,,,,,,,,,,5,,,,False,False,"greatwaterfilters.com.au, cleanandclearwater.com.au, slaterpumpsmelbourne.com.au, pureflowfiltration.com.au, wateranalytics.com.au",,,,,
aquasana whole house water,,,,,,,,,,,,,,,,,,5,,,,False,False,"filtersystemsaustralia.com.au, mywaterfilter.com.au, alkaviva.com.au, thinkwater.com.au","mywaterfilter.com.au, wateranalytics.com.au","mywaterfilter.com.au, filtersystemsaustralia.com.au, wateranalytics.com.au, alkaviva.com.au",,,
hot water systems armidale,,,,,,,,,,,,,,,,,,4,,,,False,False,"bunnings.com.au, obrien.com.au","rheem.com.au, obrien.com.au","rheem.com.au, wateranalytics.com.au","wateranalytics.com.au, bunnings.com.au, rheem.com.au",,
drinking water testing sunshine coast,,,,,,,,,,,,,,,,,,4,,,,False,False,safewaterlab.com.au,"safewaterlab.com.au, mywaterscore.com.au","wateranalytics.com.au, jilawater.com.au, mywaterscore.com.au",,,
types of hot water system,,,,,,,,,,,,,,,,,,15,2,,energy.gov,False,False,"rheem.com.au, solahart.com.au, northlakesplumbingqld.com.au, brisbanehotwaterservices.com.au, samedayhotwaterservice.com.au, acplumbing.com.au, callreliabletradies.com.au, agl.com.au, wateranalytics.com.au, brisbanehotwaterplumbers.com.au, servicetoday.com.au","acplumbing.com.au, germantech.com.au, brisbanehotwaterservices.com.au, rheem.com.au, samedayhotwaterservice.com.au, solarwise.com.au, charlietheplumber.com.au",,,,
what is the healthiest water filtration system,,,,,,,,,,,,,,,,,,6,,,,True,False,"wateranalytics.com.au, waterscoaustralia.com.au, filtersystemsaustralia.com.au, kynandfolk.com, comparewaterfilters.com.au, alkaviva.com.au","waterscoaustralia.com.au, filtersystemsaustralia.com.au",,,,
water testing for drinking water,,,,,,,,,,,,,,,,,,3,2,,completeohs.com,False,False,"wateranalytics.com.au, safewaterlab.com.au","simplexhealth.co.uk, safewaterlab.com.au, wateranalytics.com.au",,,,
how do heat pump water heaters work,,,,,,,,,,,,,,,,,,5,0,,energyaustralia.com.au,True,False,"powerbay.com.au, samedayhotwaterservice.com.au, wateranalytics.com.au, ecoflow.com, choice.com.au","samedayhotwaterservice.com.au, choice.com.au",,,,
where i can buy water filter and instolled in my kithen,,,,,,,,,,,,,,,,,,3,,,,True,False,"homewaterfiltration.com.au, wateranalytics.com.au, valueh2o.com.au",,,,,
complete home filtration adelaide,,18,,,,,,,,,,,,,,,,6,22,,completehomefiltration.com.au,False,False,,homewaterfiltration.com.au,completehomefiltration.com.au,,,"levelau.com.au, abaplumbing.com.au, wateranalytics.com.au, filteredfresh.com.au"
best residential reverse osmosis system,,,,,,,,,,,,,,,,,,4,,,,False,False,"filtersystemsaustralia.com.au, psifilters.com.au","waterdropfilter.com.au, filtersystemsaustralia.com.au, wateranalytics.com.au","filtersystemsaustralia.com.au, waterdropfilter.com.au",,,
best home water filter australia,,31,,,,,,,,,,,,,,,,10,15,,choice.com.au,False,False,,,,,"philips.com.au, puretec.com.au, cleanandclearwater.com.au, waterscoaustralia.com.au, filtersystemsaustralia.com.au, wateranalytics.com.au, zipwater.com, cloudtap.com.au","aquala.au, waterscoaustralia.com.au, wateranalytics.com.au, philips.com.au, cloudtap.com.au, hyperwellbeing.com.au, filtersystemsaustralia.com.au"
best water filter for coliform bacteria,,,,0.711426611796982,0.288573388203018,0.333333333333333,,,,,,,,,,,,3,,,,False,False,"filtersystemsaustralia.com.au, wateranalytics.com.au, alkaviva.com.au",,,,,
clean water service,,,,,,,,,,,,,,,,,,2,,,,False,False,"daveywater.com, wateranalytics.com.au",,,,,
in home water filter systems,,50,,,,,,,,,,,,,,,,8,23,,filtersystemsaustralia.com.au,False,False,,,"completehomefiltration.com.au, wateranalytics.com.au, cleanandclearwater.com.au, purpleduck.com.au, filtap.com.au, purestwaterfiltration.com.au, filtersystemsaustralia.com.au","completehomefiltration.com.au, cleanandclearwater.com.au, wateranalytics.com.au, aquala.au",,
water filter for home use,,,,,,,,,,,,,,,,,,2,,,,False,False,"wateranalytics.com.au, puretec.com.au",,,,,
water filtration unit for home,,,,,,,,,,,,,,,,,,3,,,,False,False,"wateranalytics.com.au, filtersystemsaustralia.com.au, cleanandclearwater.com.au",,,,,
complete home filtration perth,,18,,,,,,,1.05,,1.05,0,,0,2.3,,2.3,6,24,,completehomefiltration.com.au,False,False,,waterfilterman.com.au,"wateranalytics.com.au, purewaterfiltration.com.au, dolphinhomefiltration.com.au, waterfilterman.com.au","wateranalytics.com.au, puremainswater.com.au","wateranalytics.com.au, refreshwaterfiltration.com.au",
household water filtration unit,,,,,,,,,,,,,,,,,,6,,,,False,False,"thinkwater.com.au, puretec.com.au, filtersystemsaustralia.com.au, wateranalytics.com.au","wateranalytics.com.au, filtersystemsaustralia.com.au, comparewaterfilters.com.au","filtersystemsaustralia.com.au, puretec.com.au, wateranalytics.com.au","wateranalytics.com.au, filtersystemsaustralia.com.au, thinkwater.com.au, daveywater.com",,
whole house water filter system australia,,27,,,,,,,,,,,,,,,,6,15,,filtersystemsaustralia.com.au,False,False,,,"wateranalytics.com.au, aquala.au, filtersystemsaustralia.com.au, puretec.com.au, waterfilter.com.au, cloudtap.com.au",,,
filter water installation,,,,,,,,,5.14,,5.14,0,,0,0.0,,0.0,6,3,,sodatap.com.au,False,False,"wateranalytics.com.au, fallonsolutions.com.au, cleanandclearwater.com.au","filteredwatersolutions.com.au, purewaterfiltration.com.au, fullhousefiltration.com.au, cleanandclearwater.com.au",,,,
solar hot water finance,,,,,,,,,,,,,,,,,,16,,,,False,False,"hiltonplumbing.com.au, igreenenergy.com.au, urbanfuture.com.au","solahart.com.au, positiveenergy.com.au, hitechhotwater.com.au","anz.com.au, treadgoldfinance.com.au",solahart.com.au,"hiltonplumbing.com.au, harmoney.com.au, solargain.com.au, rheem.com.au, anz.com.au, plenti.com.au, urbanfuture.com.au","solahart.com.au, anz.com.au, solargain.com.au, rheem.com.au, empowersolaraustralia.com.au, urbanfuture.com.au, hiltonplumbing.com.au, positiveenergy.com.au, wateranalytics.com.au, harmoney.com.au, latitudefinancial.com.au"
hard water filter for whole house,,,,,,,,,,,,,,,,,,9,,,,False,False,"wateranalytics.com.au, fltr.com.au, activflo.com.au, filtersystemsaustralia.com.au, completehomefiltration.com.au, homewaterfiltration.com.au","filtersystemsaustralia.com.au, homewaterfiltration.com.au, wateranalytics.com.au, jilawater.com.au, cleanandclearwater.com.au, puretec.com.au",,,,
water softener filter system reviews,,,,,,,,,,,,,,,,,,2,,,,False,False,filtersystemsaustralia.com.au,"filtersystemsaustralia.com.au, wateranalytics.com.au",,,,
x electric hot water system,,,,,,,,,,,,,,,,,,9,,,,False,False,"hiltonplumbing.com.au, emberplumbingperth.com.au","richtek.com.au, hiltonplumbing.com.au, perthplumbingco.com.au","hiltonplumbing.com.au, wateranalytics.com.au, richtek.com.au","hiltonplumbing.com.au, urbanfuture.com.au, waplumber.com.au, haierhome.com.au","hiltonplumbing.com.au, sarrosplumbing.com.au, urbanfuture.com.au",
water treatment perth,,36,,,,,,,2.63,,2.63,0,,0,1.1,,1.1,13,32,,makwater.com.au,False,False,,"makwater.com.au, oleology.com.au, aquapax.com.au, prwater.com.au, sstone.com.au, centurionaprs.com",,"greatwaterfilters.com.au, wateranalytics.com.au, simplyhotwaterperth.com.au, prwater.com.au, watertreat.com.au",,"wateranalytics.com.au, urbanfuture.com.au, shenton.com.au, oleology.com.au"
home tank water filter system,,,,,,,,,2.07,,2.07,0,,0,1.86,,1.86,5,18,,tankshop.com.au,False,False,"filtersystemsaustralia.com.au, puretec.com.au, filtermate.com.au","filtersystemsaustralia.com.au, puretec.com.au, thinkwater.com.au, wateranalytics.com.au",thinkwater.com.au,"thinkwater.com.au, wateranalytics.com.au",,
water filtration system for a house,,,,,,,,,,,,,,,,,,4,10,,aquasafe.com.au,False,False,completehomefiltration.com.au,"completehomefiltration.com.au, cleanandclearwater.com.au, puretec.com.au, wateranalytics.com.au",completehomefiltration.com.au,,,
hot water energy efficient,,,,,,,,,,,,,,,,,,15,,,,False,False,rightnowplumbingadelaide.com.au,"hotwater.com.au, haierhome.com.au, agl.com.au, hotwatertek.com.au, solahart.com.au, useprofessionaltrades.com.au","agl.com.au, haierhome.com.au, hotwatertek.com.au, hotwater.com.au, levelau.com.au, aquatekplumbers.com.au","aquatekplumbers.com.au, hotwatertek.com.au, haierhome.com.au","hotwatertek.com.au, hotwater.com.au","hotwater.com.au, andrewevansplumbing.com.au, ehomes.au, haierhome.com.au, hotwatertek.com.au"
water filtration system for whole home,,,,,,,,,,,,,,,,,,2,11,,aquasafe.com.au,False,False,,,"completehomefiltration.com.au, wateranalytics.com.au",,,
house water treatment system,,,,,,,,,,,,,,,,,,3,,,,False,False,"thinkwater.com.au, filtersystemsaustralia.com.au",wateranalytics.com.au,,,,
environmental water systems reviews,,,,,,,,,,,,,,,,,,4,7,,ebay.com,False,False,"carefree.com.au, filtersystemsaustralia.com.au, waterscoaustralia.com.au, wateranalytics.com.au",,,,,
heat pumps au,,19,,,,,,,,,,,,,,,,14,8,,solarchoice.net.au,False,False,,,"hitechhotwater.com.au, green.com.au, wateranalytics.com.au, reclaimenergy.com.au, drleakplumbing.com.au, evoheat.com.au, voltxenergy.com.au, haierhome.com.au, rheem.com.au, australianhotwater.com.au, hotwater2u.com.au, hotwaterplumber.au, myplace.com.au","evoheat.com.au, hitechhotwater.com.au, reclaimenergy.com.au, rheemthermal.com.au",,
best water filter system for well water,,,,,,,,,,,,,,,,,,6,,,,False,False,"filtersystemsaustralia.com.au, wateranalytics.com.au, purewaterfiltration.com.au, thinkwater.com.au, comparewaterfilters.com.au, alkaviva.com.au",,,,,
water filtration solutions,,,,,,,,,1.41,,1.41,0,,0,0.0,,0.0,7,50,,waterfiltrationsolutions.com.au,False,False,"h2ostores.com, inflowfilter.com, alkaviva.com.au, filtersystemsaustralia.com.au, wateranalytics.com.au",,,wateranalytics.com.au,"wateranalytics.com.au, filtersystemsaustralia.com.au, hydrosmart.com.au, filteredwatersolutions.com.au",
pure water filtration system victoria,,,,,,,,,,,,,,,,,,4,,,,False,False,"cleanandclearwater.com.au, purewaterfiltration.com.au, pureflowfiltration.com.au, wateranalytics.com.au",,,,,
9 stage water filter,,,,,,,,,,,,,,,,,,6,,,,False,False,"filtersystemsaustralia.com.au, alkaviva.com.au, waterdropfilter.com.au, wateranalytics.com.au, blissfulhome.com.au, psifilters.com.au",,,,,
whole house tap water filtration for melbourne homes,,,,,,,,,,,,,,,,,,5,,,,False,False,"wateranalytics.com.au, cleanandclearwater.com.au, pureflowfiltration.com.au, greatwaterfilters.com.au, fullhousefiltration.com.au",,,,,
crystal water purifier,,,,,,,,,0.67,,0.67,0,,0,0.0,,0.0,6,,,,False,False,"tranquilwater.com.au, waterscoaustralia.com.au, crystalpure.com.au, wateranalytics.com.au, auspurifiers.com.au",crystalclearspa.com.au,wateranalytics.com.au,,,
tank water filtration,,,,,,,,,,,,,,,,,,7,,,,False,False,puretec.com.au,"filtersystemsaustralia.com.au, puretec.com.au, filtermate.com.au, daveywater.com, wateranalytics.com.au, alkaviva.com.au, qmaxpumping.com.au",filtersystemsaustralia.com.au,,,
home water filtration systems that remove fluoride,,,,,,,,,,,,,,,,,,6,,,,False,False,"wateranalytics.com.au, waterdropfilter.com.au, filtersystemsaustralia.com.au, waterfilter.net.au, waterscoaustralia.com.au, comparewaterfilters.com.au",wateranalytics.com.au,wateranalytics.com.au,wateranalytics.com.au,,
heat pump installation nsw,,,,,,,,,,,,,,,,,,15,,,,False,False,"spsplumbers.com.au, sydneywidehotwater.com.au","spsplumbers.com.au, aiplumbinggroup.com.au, pumpswap.com.au",mahoneydasilva.com.au,masonacer.com.au,"mahoneydasilva.com.au, solargain.com.au, climateplus.com.au, solarchoice.net.au, wateranalytics.com.au, wilsonhotwater.com.au, sydneywidehotwater.com.au, rheem.com.au, conwaysplumbingservices.com","advancedtechhvac.com, universehomeservices.com"
water softener and whole home filter in one,,,,,,,,,,,,,,,,,,3,,,,False,False,wateranalytics.com.au,"filtersystemsaustralia.com.au, wateranalytics.com.au, thinkwater.com.au",wateranalytics.com.au,wateranalytics.com.au,,
offline filtration sydney,,,,,,,,,,,,,,,,,,15,,,,False,False,"purestwaterfiltration.com.au, russellfinex.com, aquaserve.com.au","minthomefiltration.com, pearlfiltration.com.au, purestwaterfiltration.com.au","purewaterfiltration.com.au, minthomefiltration.com, filtap.com.au","filtersystemsaustralia.com.au, wateranalytics.com.au","purpleduck.com.au, russellfinex.com, brotherfiltration.com, fltr.com.au","oleology.com.au, bluemont.com.au, wateranalytics.com.au, emergencyhomeservices.com.au"
whole house filtration system for melbourne homeowners,,,,,,,,,,,,,,,,,,3,,,,False,False,"cleanandclearwater.com.au, wateranalytics.com.au, pureflowfiltration.com.au",,,,,
heater pump,,,,,,,,,,,,,,,,,,5,11,,energy.gov,False,False,reece.com.au,reece.com.au,agl.com.au,"hitechhotwater.com.au, wateranalytics.com.au, reece.com.au, reclaimenergy.com.au",,
heat pump heating cooling,,,,,,,,,,,,,,,,,,17,,,,False,False,"huntheat.com.au, bze.org.au, mhiaa.com.au, reece.com.au, actronair.com.au, wateranalytics.com.au, green.com.au, airtouch.net.au, seeleyinternational.com, haierhome.com.au, samsung.com, sydmech.com.au","fujitsugeneral.com.au, gippslandhydronics.com.au, seeleyinternational.com, phwservices.com.au, bze.org.au, energypeople.com.au, haierhome.com.au, midea.com",,,,
best water filters for the home,,,,,,,,,,,,,,,,,,4,22,,purewatersystems.com.au,False,False,,,,,"completehomefiltration.com.au, wateranalytics.com.au, cleanandclearwater.com.au, filtersystemsaustralia.com.au",
best water treatment for home,,,,,,,,,,,,,,,,,,2,,,,False,False,"wateranalytics.com.au, filtersystemsaustralia.com.au",,,,,
best supplier for water filtration systems melbourne,,,,,,,,,,,,,,,,,,4,,,,False,False,"homewaterfiltration.com.au, cleanandclearwater.com.au, pureflowfiltration.com.au, wateranalytics.com.au",,,,,
countertop water filter cooler,,,,,,,,,,,,,,,,,,3,,,,False,False,"watercoolersuperstore.com.au, aquacoolerdirect.com.au, wateranalytics.com.au",,,,,
filtering lake water for shower,,,,,,,,,,,,,,,,,,3,,,,False,False,wateranalytics.com.au,hydrosmart.com.au,watego.com.au,,,
whole house water filter system perth,,,,,,,,,,,,,,,,,,3,,,,False,False,wateranalytics.com.au,"dolphinhomefiltration.com.au, neighbourhoodwaterfiltration.com.au, wateranalytics.com.au",,,,
whole house filtration perth,,,,,,,,,,,,,,,,,,17,27,,alkimosplumbingandgas.com.au,False,False,"puremainswater.com.au, pacerplumbing.com.au, aussienaturalfiltration.com.au","purewaterfiltration.com.au, completehomefiltration.com.au, westozwaterfilters.com.au, hydrotechgroup.com.au, waterfilterman.com.au, fullhousefiltration.com.au, wateranalytics.com.au, cloudtap.com.au, pacerplumbing.com.au, clearhavenwaterfiltration.com.au","osmosiswaterfilters.com.au, hydrotechgroup.com.au, waterfilterman.com.au, homewaterfiltration.com.au, wateranalytics.com.au, lumika.com.au","purewaterfiltration.com.au, wateranalytics.com.au","completehomefiltration.com.au, wateranalytics.com.au, filtersystemsaustralia.com.au, aquariuswaterfilters.com.au",
water filter canberra,,50,,,,,,,1.27,,1.27,0,,0,0.0,,0.0,16,36,,aquasafe.com.au,False,False,"primeplumbingservice.com.au, filtersystemsaustralia.com.au, purewatersystems.com.au, wateranalytics.com.au","filtersystemsaustralia.com.au, primeplumbingservice.com.au, bigspringswater.com.au, greatwaterfilters.com.au, waterscoaustralia.com.au, carefree.com.au, purewaterfiltration.com.au, wateranalytics.com.au, psifilters.com.au","filtersystemsaustralia.com.au, greatwaterfilters.com.au, primeplumbingservice.com.au, carawater.com.au, wateranalytics.com.au, valueh2o.com.au, bigspringswater.com.au, alkaviva.com.au","filteredfresh.com.au, comparewaterfilters.com.au, filtersystemsaustralia.com.au, wateranalytics.com.au, primeplumbingservice.com.au, waterscoaustralia.com.au",,
whole house filtration system cost,,16,,,,,,,,,,,,,,,,4,2,,reddit.com,False,False,,,"completehomefiltration.com.au, wateranalytics.com.au, purestwaterfiltration.com.au, homewaterfiltration.com.au",,,
in home water filtration system,,47,,,,,,,,,,,,,,,,2,17,,completehomefiltration.com.au,False,False,,,,,,
whole house iron filter,,,,0.483805697589481,0.516194302410519,0.216216216216216,0.293103445749108,0.706896545630202,,,,,,,,,,3,0,,cleanersofterwater.com,False,False,filtersystemsaustralia.com.au,"filtersystemsaustralia.com.au, wateranalytics.com.au, psifilters.com.au",,,,
best heat pumps for hot water in adelaide (south australia),,,,,,,,,,,,,,,,,,4,,,,False,False,"wateranalytics.com.au, istore.net.au, powerbay.com.au, fjrobertsplumbing-srp.com.au",,,,,
home filtration canberra,,,,,,,,,,,,,,,,,,24,,,,False,False,"wateranalytics.com.au, primeplumbingservice.com.au, purewaterfiltration.com.au, carefree.com.au, comparewaterfilters.com.au, greatwaterfilters.com.au","wateranalytics.com.au, primeplumbingservice.com.au, comparewaterfilters.com.au, valueh2o.com.au, filtersystemsaustralia.com.au, landing-pages.com.au, trendhs.com.au, hiflowwaterfilters.com.au, greatwaterfilters.com.au, carefree.com.au, purewaterfiltration.com.au, bigspringswater.com.au, billi.com.au, fullhousefiltration.com.au, filtermate.com.au, deltawater.com.au","wateranalytics.com.au, bigspringswater.com.au, carefree.com.au, billi.com.au, prestigeplumbingact.com.au, primeplumbingservice.com.au, greatwaterfilters.com.au, trendhs.com.au, filtersystemsaustralia.com.au, valueh2o.com.au, lpage.com.au, spencersonsplumbing.com.au, canberrahotwaterandplumbing.com.au, waterdropfilter.com.au, comparewaterfilters.com.au","wateranalytics.com.au, filteredfresh.com.au, comparewaterfilters.com.au, greatwaterfilters.com.au, primeplumbingservice.com.au, trendhs.com.au, filtersystemsaustralia.com.au, blissfulhome.com.au, billi.com.au, cleanmywater.com.au",,
water filter system perth,,40,,,,,,,,,,,,,,,,11,37,,reddit.com,False,False,,"purewaterfiltration.com.au, wateranalytics.com.au, westozwaterfilters.com.au, urbanfuture.com.au, cloudtap.com.au, hydrotechgroup.com.au, waterfilterman.com.au, hiltonplumbing.com.au","dolphinhomefiltration.com.au, cloudtap.com.au, wateranalytics.com.au","waterfilter.com.au, wateranalytics.com.au, cloudtap.com.au",,
house water filter system reviews,,,,,,,,,,,,,,,,,,3,17,,shieldwaterfilter.com.au,False,False,filtersystemsaustralia.com.au,"filtersystemsaustralia.com.au, wateranalytics.com.au","wateranalytics.com.au, filtersystemsaustralia.com.au","wateranalytics.com.au, urbanfuture.com.au",,
water filter installation byron bay,,,,,,,,,,,,,,,,,,6,,,,False,False,"homewaterfiltration.com.au, alkaway.com.au, comparewaterfilters.com.au, wateranalytics.com.au, greatwaterfilters.com.au",graywaterplumbing.com.au,,,,
fluoride filter for house,,,,,,,,,,,,,,,,,,2,,,,False,False,"filtersystemsaustralia.com.au, wateranalytics.com.au",wateranalytics.com.au,,,,
hydronic heating boilers,,11,,0.405222222222222,0.594777777777778,0.433333333333333,,,2.89,,2.89,0,,0,0.0,,0.0,18,5,,dpphydronics.com.au,False,False,google.com,comfortheat.com.au,"huntheat.com.au, hydroheat.com.au, cambro.com.au, dpphydronics.com.au, allclimatesolutions.net.au, heataire.au","homefirstservices.com.au, aqueductheating.com.au",,"homefirstservices.com.au, aqueductheating.com.au"
nsw hot water upgrades,,,,,,,,,,,,,,,,,,15,5,,renewableproducts.com.au,False,False,sanden-hot-water.com.au,"sanden-hot-water.com.au, sydneywidehotwater.com.au, todayplumbing.au, reece.com.au, jrgasandwater.com.au, air-purification.com.au","goodbyegas.com.au, sanden-hot-water.com.au",sanden-hot-water.com.au,"rheem.com.au, sanden-hot-water.com.au, irwinsplumbing.com.au, iansplumbing.com.au, fallonsolutions.com.au","wateranalytics.com.au, fallonsolutions.com.au, sanden-hot-water.com.au, bunnings.com.au, simplyhotwaterperth.com.au"
best whole house water filter sydney,,,,,,,,,,,,,,,,,,4,,,,False,False,"cleanandclearwater.com.au, wateranalytics.com.au, homewaterfiltration.com.au, purestwaterfiltration.com.au",,,,,
storage gas hot water system,,20,,,,,,,,,,,,,,,,14,1,,thermann.com.au,False,False,emberplumbingperth.com.au,"reliableplumberperth.com.au, perthfirstplumbing.com.au, hiltonplumbing.com.au",reece.com.au,bestcoast.com.au,"richtek.com.au, reliableplumberperth.com.au, hotwatersolutionswa.com.au, provistaplumbing.com.au","richtek.com.au, hiltonplumbing.com.au, perthfirstplumbing.com.au, hotwatersolutionswa.com.au, auscoplumbingandgas.com.au"
split heat pump hot water,,19,,,,,,,5.51,,5.51,0,,0,0.0,,0.0,4,2,,rheem.com.au,False,False,,powerbay.com.au,"wateranalytics.com.au, rinnai.com.au, appliancesonline.com.au",,,
water filtration ripley,,,,,,,,,,,,,,,,,,4,,,,False,False,google.com,homewaterfiltration.com.au,"dolphinhomefiltration.com.au, wateranalytics.com.au, homewaterfiltration.com.au",,,
residential water filtration,,,,,,,,,,,,,,,,,,3,,,,False,False,"cleanandclearwater.com.au, homewaterfiltration.com.au, wateranalytics.com.au",homewaterfiltration.com.au,,,,
3 stage whole house water filter,,,,,,,,,,,,,,,,,,10,,,,False,False,"waterfilter.com.au, hydrotechgroup.com.au, filtersystemsaustralia.com.au, wateranalytics.com.au, completehomefiltration.com.au, jrgasandwater.com.au","filtersystemsaustralia.com.au, aquala.au, wateranalytics.com.au, puretec.com.au, mywaterfilter.com.au, micronwaterfilters.com.au",,,,
compare hot water systems,,26,,,,,,,,,,,,,,,,6,2,,energy.gov.au,False,False,fallonsolutions.com.au,"wateranalytics.com.au, powerbay.com.au, choice.com.au, rinnai.com.au, fallonsolutions.com.au, installedtoday.com.au",,,,
air to water heat pump system,,,,,,,,,,,,0,,0,2.09,,2.09,14,,,,False,False,"wateranalytics.com.au, reclaimenergy.com.au, hitechhotwater.com.au, mhiaa.com.au, huntheat.com.au, macon.com.cn, evoheat.com.au, ahhac.com.au, reece.com.au, rheem.com.au","mhiaa.com.au, wateranalytics.com.au, ahhac.com.au, solahart.com.au, sanden-hot-water.com.au, huntheat.com.au, hitechhotwater.com.au, haierhome.com.au, comfortheat.com.au",,,,
water filter system brisbane,,39,,,,,,,,,,,,,,,,2,22,,brisbanewaterfilter.com.au,False,False,,,,"wateranalytics.com.au, completehomefiltration.com.au",,
gas instant hot water system,,20,,,,,,,3.98,,3.98,0,,0,28.37,,28.37,18,0,,hotwaterprofessionals.com.au,False,False,,unrivalledpg.com.au,,"reece.com.au, hiltonplumbing.com.au, sarrosplumbing.com.au, intecplumbing.net, reliableplumberperth.com.au","rinnai.com.au, pacerplumbing.com.au, hotwatersolutionswa.com.au, hiltonplumbing.com.au, sarrosplumbing.com.au, perthfirstplumbing.com.au",
whole house reverse osmosis water system cost,,,,,,,,,,,,,,,,,,2,,,,False,False,"wateranalytics.com.au, filtersystemsaustralia.com.au",filtersystemsaustralia.com.au,,,,
hot water heat pump prices,,19,,,,,,,2.69,,2.69,0,,0,0.0,,0.0,2,3,,solarchoice.net.au,False,False,,"istore.net.au, wateranalytics.com.au",,,,
what is the best reverse osmosis water filter system,,,,,,,,,,,,,,,,,,6,,,,True,False,"waterdropfilter.com.au, filtersystemsaustralia.com.au, waterscoaustralia.com.au, wateranalytics.com.au",waterdropfilter.com.au,"alkaviva.com.au, waterdropfilter.com.au","drinkrippl.com, filtersystemsaustralia.com.au, waterdropfilter.com.au",,
water heater pump,,,,0.444916533604297,0.555083466395703,0.421686746987952,0.416666657986111,0.583333321180556,2.69,,2.69,0,,0,46.32,,46.32,9,8,,energy.gov,False,False,google.com,"1stchoicehotwater.com.au, reece.com.au, theplumbinggang.com, wateranalytics.com.au, thermastore.com.au",1stchoicehotwater.com.au,"speedyhotwater.com.au, evoheat.com.au, rheem.com.au",,
home filtration system rockingham,,,,,,,,,,,,,,,,,,13,,,,False,False,"purewaterfiltration.com.au, cloudtap.com.au, westflowfiltration.com.au, hiltonplumbing.com.au, wateranalytics.com.au, westozwaterfilters.com.au, waterfilterman.com.au, bestcoast.com.au, protocol-plumbing.com.au, comparewaterfilters.com.au, urbanfuture.com.au, nexahomesolutions.com.au","wateranalytics.com.au, protocol-plumbing.com.au, hiltonplumbing.com.au, purewaterfiltration.com.au, cloudtap.com.au, westozwaterfilters.com.au","wateranalytics.com.au, urbanfuture.com.au, obplumbprosolutions.com",,,
what is the best water filtration system for home use,,,,,,,,,,,,,,,,,,3,,,,True,False,"wateranalytics.com.au, filtersystemsaustralia.com.au",wateranalytics.com.au,"wateranalytics.com.au, filtersystemsaustralia.com.au, waterdropfilter.com.au",,,
city water filter system,,,,,,,,,,,,,,,,,,5,,,,False,False,"filtersystemsaustralia.com.au, alkalineworld.com.au, wateranalytics.com.au","filtersystemsaustralia.com.au, thinkwater.com.au, psifilters.com.au, wateranalytics.com.au",filtersystemsaustralia.com.au,,,
water to heat pump,,,,,,,,,,,,,,,,,,5,10,,energyaustralia.com.au,False,False,,,"sunshineplumb.com.au, evoheat.com.au, australiangreensolution.com.au, wateranalytics.com.au",,,
best water treatment systems,,,,,,,,,,,,,,,,,,5,,,,False,False,pacificwater.com.au,"pureflowfiltration.com.au, wateranalytics.com.au, cleanandclearwater.com.au, fullhousefiltration.com.au",,,,
water filter systems australia,,,,,,,,,2.13,,2.13,0,,0,37.82,,37.82,12,43,,makwater.com.au,False,False,filtersystemsaustralia.com.au,filtersystemsaustralia.com.au,"filtersystemsaustralia.com.au, philips.com.au, cleanandclearwater.com.au, filteredwatersolutions.com.au","filtersystemsaustralia.com.au, purewatersystems.com.au, aquala.au, waterscoaustralia.com.au, wateranalytics.com.au, filteredwatersolutions.com.au, mywaterfilter.com.au, cloudtap.com.au, waterfilter.com.au",,
whole home water filter and softener,,,,,,,,,,,,,,,,,,4,,,,False,False,filtersystemsaustralia.com.au,"filpure.com.au, wateranalytics.com.au, purestwaterfiltration.com.au",wateranalytics.com.au,,,
whole house water filter limescale,,,,,,,,,,,,,,,,,,7,,,,False,False,"completehomefiltration.com.au, filtersystemsaustralia.com.au, wateranalytics.com.au, cleanandclearwater.com.au, filtap.com.au, filpure.com.au","completehomefiltration.com.au, wateranalytics.com.au, cleanandclearwater.com.au, waterfilter.com.au, filtersystemsaustralia.com.au",,,,
water filter system for water tank,,,,,,,,,1.0,,1.0,0,,0,0.0,,0.0,5,17,,tankshop.com.au,False,False,"puretec.com.au, aussienaturalfiltration.com.au, advancedfiltrationsystems.com.au, wateranalytics.com.au",,,,,
whole house water filters melbourne,,26,,,,,,,,,,,,,,,,3,18,,waterfilter.com.au,False,False,,,,,"wateranalytics.com.au, filtap.com.au, filtersystemsaustralia.com.au",
water filtration house,,,,,,,,,,,,,,,,,,5,13,,freshwatersystems.com.au,False,False,"filtersystemsaustralia.com.au, wateranalytics.com.au, cleanandclearwater.com.au, waterfilter.com.au",,completehomefiltration.com.au,,,completehomefiltration.com.au
best whole house filtration,,,,,,,,,,,,,,,,,,3,11,,waterfilter.com.au,False,False,,,,,completehomefiltration.com.au,"completehomefiltration.com.au, wateranalytics.com.au, cleanandclearwater.com.au"
best whole house water filtration system perth,,26,,,,,,,,,,,,,,,,5,23,,reddit.com,False,False,,"bestcoast.com.au, wateranalytics.com.au, dolphinhomefiltration.com.au, purewaterfiltration.com.au, puremainswater.com.au",,,,
how does a heat pump water heater work,,18,,,,,,,,,,,,,,,,7,0,,energyaustralia.com.au,True,False,,"powerbay.com.au, wateranalytics.com.au, samedayhotwaterservice.com.au, ecoflow.com, cocleanenergyfund.com, fresh-energy.org, choice.com.au","choice.com.au, samedayhotwaterservice.com.au",,,
victorian hot water upgrades,,13,,,,,,,,,,,,,,,,35,3,,energy.vic.gov.au,False,False,,"atcplumbing.com.au, vichotwater.com.au","carbonsavers.com.au, vichotwater.com.au, irwinsplumbing.com.au, rheem.com.au, vicproenergyupgrades.com.au, seheatingandcooling.com.au","carbonsavers.com.au, goodbyegas.com.au, vichotwater.com.au, myxpertplumber.com.au, rheem.com.au, australiangreensolution.com.au, ipromiseaustralia.com.au","vichotwater.com.au, carbonsavers.com.au, optenergy.com.au, australiangreensolution.com.au, energy.vic.gov.au, energytick.com.au, kingandsonsplumbing.com.au, thedrainmate.com.au, austarenergy.com.au, gjbradding.com.au, goodbyegas.com.au, gstore.com.au, goldsure.com.au","alder.com.au, vichotwater.com.au, australiangreensolution.com.au, carbonsavers.com.au, goldsure.com.au, energy.vic.gov.au"
big blue whole house water filter system,,,,,,,,,,,,,,,,,,7,,,,False,False,"filtersystemsaustralia.com.au, psifilters.com.au, ebay.com.au","filtersystemsaustralia.com.au, wateranalytics.com.au, waterfilter.net.au","mywaterfilter.com.au, purewatersystems.com.au, filtersystemsaustralia.com.au",,,
what is the average cost of a whole house water filtration system,,,,,,,,,,,,,,,,,,1,,,,True,False,wateranalytics.com.au,,,,,
house water filtration system cost,,16,,,,,,,,,,,,,,,,4,3,,reddit.com,False,False,,,"wateranalytics.com.au, filtersystemsaustralia.com.au, turboplumbing.com.au, westflowfiltration.com.au",,,
sand filter for home,,,,,,,,,,,,,,,,,,3,,,,False,False,"filtersystemsaustralia.com.au, thinkwater.com.au, wateranalytics.com.au",filtersystemsaustralia.com.au,,,,
reverse osmosis water filter perth,,22,,,,,,,2.01,,2.01,0,,0,101.93,,101.93,8,9,,water2water.com.au,False,False,,"filtersystemsaustralia.com.au, waterdropfilter.com.au, purewaterfiltration.com.au, wateranalytics.com.au","filtersystemsaustralia.com.au, purewaterfiltration.com.au, neighbourhoodwaterfiltration.com.au, cloudtap.com.au, wateranalytics.com.au, waterdropfilter.com.au, hiltonplumbing.com.au, westozwaterfilters.com.au",,"filtersystemsaustralia.com.au, waterdropfilter.com.au, wateranalytics.com.au",
electronic heat pump,,,,,,,,,,,,,,,,,,13,,,,False,False,"reece.com.au, reclaimenergy.com.au, hitechhotwater.com.au, accreditedpower.com.au, sanden-hot-water.com.au, glowgreenltd.com, octopus.energy, wateranalytics.com.au, hotwater2u.com.au","hitechhotwater.com.au, reece.com.au, haierhome.com.au, reclaimenergy.com.au, evoheat.com.au, drleakplumbing.com.au, ahhac.com.au",,,,
water softener and filter system,,,,,,,,,,,,,,,,,,3,,,,False,False,filtersystemsaustralia.com.au,wateranalytics.com.au,thinkwater.com.au,,,
3 stage whole house filtration system perth,,,,,,,,,,,,,,,,,,19,,,,False,False,"aussienaturalfiltration.com.au, wateranalytics.com.au, purewaterfiltration.com.au, filtersystemsaustralia.com.au, shieldwaterfilter.com.au, google.com, filtermate.com.au, waterfilterman.com.au","cloudtap.com.au, wateranalytics.com.au, clearhavenwaterfiltration.com.au, filtersystemsaustralia.com.au","aquariuswaterfilters.com.au, hydrotechgroup.com.au, westozwaterfilters.com.au, cloudtap.com.au, purewaterfiltration.com.au, bestcoast.com.au","dolphinhomefiltration.com.au, filtersystemsaustralia.com.au, wateranalytics.com.au, bestcoast.com.au, aquariuswaterfilters.com.au, cloudtap.com.au, hydrotechgroup.com.au, westozwaterfilters.com.au, neighbourhoodwaterfiltration.com.au, completehomefiltration.com.au","waterfilter.com.au, wateranalytics.com.au, cloudtap.com.au, neighbourhoodwaterfiltration.com.au, filtersystemsaustralia.com.au, westozwaterfilters.com.au","westflowfiltration.com.au, waterfilter.com.au"
water filter external,,59,,,,,,,1.7,,1.7,0,,0,0.0,,0.0,4,21,,filtersystemsaustralia.com.au,False,False,,,,,,
whole house rainwater filtration system,,,,,,,,,1.25,,1.25,0,,0,0.0,,0.0,4,6,,irrigearyass.com.au,False,False,wateranalytics.com.au,"wateranalytics.com.au, filtersystemsaustralia.com.au, puretec.com.au, cloudtap.com.au",,,,
hot water efficiency programs,,,,,,,,,,,,,,,,,,15,,,,False,False,agl.com.au,"useprofessionaltrades.com.au, hotwater.com.au, agl.com.au, abaplumbing.com.au, rightnowplumbingadelaide.com.au","hotwater.com.au, calladelaideexpertplumbing.com.au, agl.com.au, jousto.com.au, reece.com.au, chbp.com.au","hotwater.com.au, reclaimenergy.com.au","hotwater.com.au, madimack.com, reclaimenergy.com.au, wateranalytics.com.au","hotwater.com.au, wateranalytics.com.au, reclaimenergy.com.au, adelaidewesthotwater.com.au"
filterwall,,,,,,,,,,,,,,,,,,11,,,,False,False,"wateranalytics.com.au, filtersystemsaustralia.com.au, thewaterfiltrationcompany.com.au, revolutionaryfiltration.com.au, filteredwatersolutions.com.au, oxfordandnelson.com.au, asctanks.com.au, cassbrothers.com.au, ozfilterwarehouse.com.au, purpleduck.com.au","buildmat.com.au, asctanks.com.au, filtersystemsaustralia.com.au, wateranalytics.com.au, revolutionaryfiltration.com.au, oxfordandnelson.com.au",,,,
free hot water system nsw,,16,,,,,,,,,,,,,,,,3,4,,nsw.gov.au,False,False,,"powerbay.com.au, sanden-hot-water.com.au",,wateranalytics.com.au,,
mains water filter,,37,,,,,,,1.89,,1.89,0,,0,3.09,,3.09,6,25,,aquastream.com.au,False,False,filtersystemsaustralia.com.au,filtersystemsaustralia.com.au,"purpleduck.com.au, cleanandclearwater.com.au",,"filtersystemsaustralia.com.au, alkaviva.com.au, wateranalytics.com.au",
best heat pump hot water australia,,21,,,,,,,,,,,,,,,,19,1,,solarchoice.net.au,False,False,"fallonsolutions.com.au, agl.com.au, solarchoice.net.au, germantech.com.au","evoheat.com.au, fallonsolutions.com.au, choice.com.au, sanden-hot-water.com.au, 1stchoicehotwater.com.au","newgensolar.com.au, kmsservices.com.au, wateranalytics.com.au, choice.com.au","adelaidehillshotwater.com.au, iansplumbing.com.au, fallonsolutions.com.au, sarrosplumbing.com.au, wateranalytics.com.au, evoheat.com.au, appliancesonline.com.au, newgensolar.com.au",,"newgensolar.com.au, evoheat.com.au, sanden-hot-water.com.au, mhiaa.com.au, hiltonplumbing.com.au"
what is the best home water filter,,,,,,,,,,,,,,,,,,1,,,,True,False,wateranalytics.com.au,,,,,
water filter system for melbourne office,,,,,,,,,,,,,,,,,,3,,,,False,False,"cleanandclearwater.com.au, greatwaterfilters.com.au, wateranalytics.com.au",,,,,
water filter installation toowoomba qld,,,,,,,,,,,,,,,,,,1,,,,False,False,wateranalytics.com.au,,,,,
whole house calcite filter,,,,,,,,,,,,,,,,,,4,,,,False,False,filtersystemsaustralia.com.au,filtersystemsaustralia.com.au,"filtersystemsaustralia.com.au, thinkwater.com.au, wateranalytics.com.au, springwellwater.com",,,
water filtration comparison,,,,,,,,,,,,,,,,,,1,,,,False,False,wateranalytics.com.au,,,,,
whole house filter fluoride,,,,,,,,,,,,,,,,,,4,10,,aquasafe.com.au,False,False,,,,"completehomefiltration.com.au, filtersystemsaustralia.com.au, wateranalytics.com.au, puretec.com.au",,
complete home filtration cost,,16,,,,,,,0.72,,0.72,0,,0,10.23,,10.23,5,5,,completehomefiltration.com.au,False,False,,"wateranalytics.com.au, comparewaterfilters.com.au, filtersystemsaustralia.com.au",completehomefiltration.com.au,,"completehomefiltration.com.au, wateranalytics.com.au, westflowfiltration.com.au, filtersystemsaustralia.com.au",
reviews on whole house water filtration systems,,13,,,,,,,,,,,,,,,,2,1,,filtersystemsaustralia.com.au,False,False,,,,,,
ro water filtration systems for home,,,,,,,,,,,,,,,,,,6,,,,False,False,royolwater.com,"filtersystemsaustralia.com.au, wateranalytics.com.au, psifilters.com.au, waterdropfilter.com.au","drinkrippl.com, filtersystemsaustralia.com.au",,,
water filtration for kitchen sink,,17,,,,,,,,,,,,,,,,4,5,,purewatersystems.com.au,False,False,,advancedfiltrationsystems.com.au,,"inflowfilter.com, filtersystemsaustralia.com.au, wateranalytics.com.au",,
filtration system installer perth,,,,,,,,,,,,,,,,,,28,,,,False,False,"puremainswater.com.au, plumbdog.com.au, intecplumbing.com.au, aussienaturalfiltration.com.au","blufrog.com.au, waterfilterman.com.au, pacerplumbing.com.au","hydrotechgroup.com.au, urbanfuture.com.au, osmosiswaterfilters.com.au, perthplumbingco.com.au, puremainswater.com.au, completehomefiltration.com.au, aquariuswaterfilters.com.au, irwinsplumbing.com.au, hiltonplumbing.com.au, purewaterfiltration.com.au, westozwaterfilters.com.au, waterfilterman.com.au, carefree.com.au, clearhavenwaterfiltration.com.au, cloudtap.com.au, neighbourhoodwaterfiltration.com.au, wardsplumbingwa.com","clear2o.com.au, dolphinhomefiltration.com.au, cloudtap.com.au, puremainswater.com.au, bestcoast.com.au, perthplumbingco.com.au, purewaterfiltration.com.au","hydrotechgroup.com.au, bestcoast.com.au, puremainswater.com.au, cloudtap.com.au, perthplumbingco.com.au, neighbourhoodwaterfiltration.com.au, urbanfuture.com.au, waterfilter.com.au","puremainswater.com.au, hiltonplumbing.com.au, urbanfuture.com.au, wateranalytics.com.au, neighbourhoodwaterfiltration.com.au, bestcoast.com.au, westflowfiltration.com.au"
whole house magnetic water softener,,,,,,,,,1.91,,1.91,0,,0,0.0,,0.0,5,3,,clearwaterarizona.com,False,False,carefree.com.au,carefree.com.au,"filtersystemsaustralia.com.au, hydrosmart.com.au, mywaterfilter.com.au","hydrosmart.com.au, wateranalytics.com.au, filtersystemsaustralia.com.au",,
types of home water filtration systems,,,,,,,,,,,,,,,,,,3,,,,False,False,"wateranalytics.com.au, puremainswater.com.au, aussienaturalfiltration.com.au",,,,,
water filter perth installation,,,,,,,,,,,,,,,,,,13,,,,False,False,"wateranalytics.com.au, greatwaterfilters.com.au, puremainswater.com.au, plumbingbros.com.au, google.com, shenton.com.au, hiltonplumbing.com.au, nexahomesolutions.com.au, dolphinhomefiltration.com.au","wateranalytics.com.au, westflowfiltration.com.au, hiltonplumbing.com.au, westozwaterfilters.com.au, blufrog.com.au, plumbingbros.com.au, hydrotechgroup.com.au, greatwaterfilters.com.au",,,,
complete water filtration,,28,,,,,,,,,,,,,,,,3,19,,completehomefiltration.com.au,False,False,,,wateranalytics.com.au,,,
heat pump hot water gold coast,,,,,,,,,1.75,,1.75,0,,0,0.0,,0.0,27,,,,False,False,"thermastore.com.au, google.com, kmsservices.com.au","kevsplumbing.com.au, irwinsplumbing.com.au, kmsservices.com.au, fallonsolutions.com.au, moriartyplumbing.com.au, oceansideservices.com.au, nobleenergyco.com.au","irwinsplumbing.com.au, evoheat.com.au, goldcoasthotwaterspecialists.com.au, fallonsolutions.com.au, kmsservices.com.au, kevsplumbing.com.au","irwinsplumbing.com.au, speedyhotwater.com.au, kevsplumbing.com.au","evoheat.com.au, kmsservices.com.au, irwinsplumbing.com.au, iansplumbing.com.au, baysideachw.com, fallonsolutions.com.au","dansplumbing.com.au, evoheat.com.au, wateranalytics.com.au, rheem.com.au, reclaimenergy.com.au, kmsservices.com.au, irwinsplumbing.com.au, solargain.com.au"
whole home water filtration reviews,,,,,,,,,,,,,,,,,,4,15,,halowater.com,False,False,"cloudtap.com.au, urbanfuture.com.au, wateranalytics.com.au, filtersystemsaustralia.com.au",,,,,
home water filtration system cost perth,,21,,,,,,,,,,,,,,,,15,11,,reddit.com,False,False,"wateranalytics.com.au, puremainswater.com.au, google.com, nexahomesolutions.com.au, aussienaturalfiltration.com.au","wateranalytics.com.au, westflowfiltration.com.au, cloudtap.com.au, purewaterfiltration.com.au","purewaterfiltration.com.au, cloudtap.com.au, wateranalytics.com.au, waterfilterman.com.au, urbanfuture.com.au, westflowfiltration.com.au","dolphinhomefiltration.com.au, purewaterfiltration.com.au, wateranalytics.com.au, puremainswater.com.au, neighbourhoodwaterfiltration.com.au, cloudtap.com.au",,
home filtration perth,,,,,,,,,,,,,,,,,,6,,,,False,False,puremainswater.com.au,"homewaterfiltration.com.au, wateranalytics.com.au, hiltonplumbing.com.au, greatwaterfilters.com.au, cloudtap.com.au","homewaterfiltration.com.au, wateranalytics.com.au","homewaterfiltration.com.au, wateranalytics.com.au",,
heat pump installation quote adelaide free,,,,,,,,,,,,,,,,,,6,,,,False,False,"beasleypoolheating-srp.com.au, adelaidewesthotwater.com.au, agl.com.au","raa.com.au, wateranalytics.com.au, sunenergy.com.au",,,,
rain water filtration system,,,,,,,,,,,,,,,,,,11,6,,tankshop.com.au,False,False,"waterfilter.com.au, uvguard.com, wateranalytics.com.au, puretec.com.au","wateranalytics.com.au, puretec.com.au, filtersystemsaustralia.com.au, completehomefiltration.com.au, daveywater.com","puretec.com.au, wateranalytics.com.au, filtersystemsaustralia.com.au, daveywater.com, akhelec.com, homewaterfiltration.com.au, southlandfiltration.com.au, cloudtap.com.au",,,
water filter company near me,,,,,,,,,,,,,,,,,,3,,,,False,False,thinkwater.com.au,"thinkwater.com.au, wateranalytics.com.au",thinkwater.com.au,"thinkwater.com.au, aquapax.com.au",,
hot water system perth,,34,,,,,,,,,,,,,,,,31,12,,hiltonplumbing.com.au,False,False,"reflexplumbingandgas.com, unrivalledpg.com.au, irwinsplumbing.com.au, fixor.com.au, google.com, hotwatersystemsperth.com.au, oncallhotwater.com.au",oncallhotwater.com.au,"hiltonplumbing.com.au, irwinsplumbing.com.au, westcoasttrades.com.au, fixor.com.au, hotwatersolutionswa.com.au, evoheat.com.au, bunnings.com.au, reliableplumberperth.com.au, sarrosplumbing.com.au, oncallhotwater.com.au, drsparkyelectrical.com.au, bluewaveplumbing.com.au","richtek.com.au, hiltonplumbing.com.au, sarrosplumbing.com.au, irwinsplumbing.com.au, fixor.com.au, citybeachplumbing.com.au, mastertradesgroup.com.au, westcoasttrades.com.au, hotwatersolutionswa.com.au, bunnings.com.au","westcoasttrades.com.au, irwinsplumbing.com.au, richtek.com.au, bunnings.com.au, fixor.com.au, hiltonplumbing.com.au","westcoasttrades.com.au, hiltonplumbing.com.au, richtek.com.au, smithsplumbing.au, irwinsplumbing.com.au, auscoplumbingandgas.com.au"
best heat pump hot water system australia,,23,,,,,,,3.21,,3.21,0,,0,22.25,,22.25,11,1,,solarchoice.net.au,False,False,fallonsolutions.com.au,"fallonsolutions.com.au, reece.com.au, agl.com.au","fallonsolutions.com.au, salmonplumbing.com.au, agl.com.au, envirosun.au","fallonsolutions.com.au, sanden-hot-water.com.au","choice.com.au, istore.net.au, samedayhotwaterservice.com.au, wateranalytics.com.au",
ro for home,,,,,,,,,,,,,,,,,,6,,,,False,False,"filtersystemsaustralia.com.au, philips.com.au","filtersystemsaustralia.com.au, waterfilter.net.au, waterdropfilter.com.au","drinkrippl.com, waterdropfilter.com.au, filtersystemsaustralia.com.au, wateranalytics.com.au",,,
water filtration install,,,,,,,,,,,,,,,,,,4,,,,False,False,"wateranalytics.com.au, cleanandclearwater.com.au, filtap.com.au, pureflowfiltration.com.au",,,,,
hot water system energy efficiency adelaide,,,,,,,,,,,,,,,,,,18,,,,False,False,"harveytrades.com.au, google.com, hotwater.com.au, hotwatertek.com.au, agl.com.au, adelaidewesthotwater.com.au, saexpressplumbing.com.au, irwinsplumbing.com.au","hotwatertek.com.au, saexpressplumbing.com.au, harveytrades.com.au","hotwater.com.au, hotwatertek.com.au, irwinsplumbing.com.au, vortplumbing.com.au, useprofessionaltrades.com.au","hotwatertek.com.au, aquatekplumbers.com.au, hotwater.com.au, saexpressplumbing.com.au, bunnings.com.au, irwinsplumbing.com.au, lpage.com.au","hotwatertek.com.au, adelaidehillshotwater.com.au","saexpressplumbing.com.au, lpage.com.au, pure-electric.com.au, hotwater.com.au, adelaidewesthotwater.com.au, wateranalytics.com.au"
what is the best water filtration system,,6,,0.362,0.638,0.333333333333333,,,,,,,,,,,,5,4,,reddit.com,True,False,,"wateranalytics.com.au, filtersystemsaustralia.com.au, culligan.com.au, puretec.com.au",greatwaterfilters.com.au,,,
complete filtration,,20,,,,,,,0.13,,0.13,0,,0,5.04,,5.04,6,7,,completehomefiltration.com.au,False,False,,"cleanandclearwater.com.au, wateranalytics.com.au, homewaterfiltration.com.au, filtap.com.au, landing-pages.com.au",completehomefiltration.com.au,,,
home water filtration system perth,,24,,,,,,,,,,,,,,,,13,15,,reddit.com,False,False,"meanmother.com.au, wateranalytics.com.au, nexahomesolutions.com.au, dolphinhomefiltration.com.au, puremainswater.com.au, google.com","wateranalytics.com.au, comparewaterfilters.com.au, cloudtap.com.au","comparewaterfilters.com.au, wateranalytics.com.au, cloudtap.com.au, aquariuswaterfilters.com.au, purewaterfiltration.com.au, hiltonplumbing.com.au","dolphinhomefiltration.com.au, puremainswater.com.au, purewaterfiltration.com.au, wateranalytics.com.au, hydrotechgroup.com.au, urbanfuture.com.au",wateranalytics.com.au,"wateranalytics.com.au, cloudtap.com.au, puremainswater.com.au"
water filtration system perth,,39,,,,,,,2.55,,2.55,0,,0,0.0,,0.0,32,35,,reddit.com,False,False,"puremainswater.com.au, aussienaturalfiltration.com.au, google.com, inflowfilter.com, waterfilterman.com.au, filtermate.com.au, nexahomesolutions.com.au","wateranalytics.com.au, shieldwaterfilter.com.au, clearhavenwaterfiltration.com.au, blufrog.com.au, centurionaprs.com, waterfilterman.com.au, cloudtap.com.au, completehomefiltration.com.au, nexahomesolutions.com.au, flowpure.com, filtersystemsaustralia.com.au, nobleplumbingandgas.com.au","waterfilterman.com.au, westflowfiltration.com.au, wateranalytics.com.au, aquariuswaterfilters.com.au, purewaterfiltration.com.au, oleology.com.au, minthomefiltration.com, hydrotechgroup.com.au, cloudtap.com.au, westozwaterfilters.com.au, centurionaprs.com, completehomefiltration.com.au, martincoelectrical.com.au, hiltonplumbing.com.au, urbanfuture.com.au, clearhavenwaterfiltration.com.au","dolphinhomefiltration.com.au, puremainswater.com.au, wateranalytics.com.au, westozwaterfilters.com.au, cloudtap.com.au, urbanfuture.com.au",,"westflowfiltration.com.au, senicoplumbingandgas.com.au, neighbourhoodwaterfiltration.com.au, waterfilter.com.au, bestcoast.com.au, wateranalytics.com.au, aquariuswaterfilters.com.au"
water heating systems,,24,,,,,,,5.44,,5.44,0,,0,5.72,,5.72,21,1,,energy.gov.au,False,False,,"fasthotwater.com.au, solahart.com.au, rheem.com.au, sydneychoice.au, mrflowhotwater.com.au, hitechhotwater.com.au, servicetoday.com.au","solahart.com.au, hitechhotwater.com.au, wilcoplumbing.com.au, servicetoday.com.au",,"hitechhotwater.com.au, fasthotwater.com.au, wateranalytics.com.au, hotwaterplumber.au, rheem.com.au, drleakplumbing.com.au, dansplumbing.com.au, ahhac.com.au, wilcoplumbing.com.au","hitechhotwater.com.au, fasthotwater.com.au, wateranalytics.com.au, rheem.com.au, solarchoice.net.au, hotwaterplumber.au, dansplumbing.com.au, vortplumbing.com.au, drleakplumbing.com.au, reclaimenergy.com.au, servicetoday.com.au, mintplumbingandrelining.com.au, devexsystems.com.au, plumbinganddrainstoday.com.au"
water filtration plumber wagga wagga nsw,,,,,,,,,,,,,,,,,,1,,,,False,False,wateranalytics.com.au,,,,,
electric heat pump system,,,,,,,,,,,,,,,,,,7,,,,False,False,"solahart.com.au, agl.com.au, powerbay.com.au, wateranalytics.com.au, kdec.com.au","reece.com.au, agl.com.au, daikin.com.au",,,,
hot water systems rockhampton,,26,,,,,,,2.15,,2.15,0,,0,0.0,,0.0,8,17,,jjkerrsappliances.com.au,False,False,,"lthplumbing.com.au, solahartrockhampton.com.au",,rheem.com.au,"bunnings.com.au, reece.com.au, solahart.com.au, plumbcall.com.au","solahartrockhampton.com.au, wateranalytics.com.au, bunnings.com.au"
heat pump hot water services,,,,,,,,,,,,,,,,,,23,7,,energy.gov,False,False,"emberplumbingperth.com.au, fallonsolutions.com.au","fallonsolutions.com.au, solarwise.com.au, speedyhotwater.com.au, theplumbinggang.com","carbonsavers.com.au, reece.com.au, easyelectricsec.com.au, powerbay.com.au, acplumbing.com.au, fixor.com.au, bestcoast.com.au, green.com.au",waldronheatingcooling.com.au,"newgensolar.com.au, solarchoice.net.au, samedayhotwaterservice.com.au, wateranalytics.com.au, climateplus.com.au",
best hot water systems adelaide,,,,,,,,,,,,,,,,,,22,,,,False,False,"adelaidehotwater.net.au, irwinsplumbing.com.au, harveytrades.com.au, saexpressplumbing.com.au","adelaidehotwater.net.au, irwinsplumbing.com.au","vortplumbing.com.au, adelaidehotwater.net.au, irwinsplumbing.com.au, hotwatertek.com.au, iansplumbing.com.au, useprofessionaltrades.com.au","aquatekplumbers.com.au, adelaidehotwater.net.au, abaplumbing.com.au, irwinsplumbing.com.au, hotwatertek.com.au, hotwater.com.au, lpage.com.au, iansplumbing.com.au","bensplumbing.com.au, abaplumbing.com.au, irwinsplumbing.com.au",bensplumbing.com.au
complete home filtration system price,,21,,,,,,,,,,,,,,,,2,4,,completehomefiltration.com.au,False,False,,"wateranalytics.com.au, hiltonplumbing.com.au",,,,
water filtration system australia,,68,,,,,,,,,,,,,,,,13,32,,wfa.com.au,False,False,,,,"koalaplumbingadelaide.com.au, wateranalytics.com.au, completehomefiltration.com.au, homewaterfiltration.com.au, ovio.com, filtersystemsaustralia.com.au, filtap.com.au","filtersystemsaustralia.com.au, oleology.com.au, purewatersystems.com.au, wateranalytics.com.au, waterscoaustralia.com.au, waterdropfilter.com.au, cloudtap.com.au",
heat pump water system,,10,,,,,,,,,,,,,,,,2,0,,nsw.gov.au,False,False,,,,"wateranalytics.com.au, rinnai.com.au",,
complete home water filtration system,,39,,,,,,,2.14,,2.14,0,,0,1.09,,1.09,3,18,,completehomefiltration.com.au,False,False,wateranalytics.com.au,"thinkwater.com.au, wateranalytics.com.au, filtersystemsaustralia.com.au",,,,
rapid/x6 heat pump queensland,,,,,,,,,,,,,,,,,,30,,,,False,False,"installedtoday.com.au, jrgasandwater.com.au, powrhouse.au, dspg.com.au","installedtoday.com.au, kmsservices.com.au","powrhouse.au, reece.com.au, pure-electric.com.au, jrgasandwater.com.au, mahoneydasilva.com.au, evoheat.com.au, kmsservices.com.au, rgrplumbingservices.com.au, installedtoday.com.au, dspg.com.au, wilsonhotwater.com.au","kmsservices.com.au, reece.com.au, powrhouse.au, installedtoday.com.au, evoheat.com.au, wilsonhotwater.com.au, dspg.com.au, solarchoice.net.au, pure-electric.com.au","oceansideservices.com.au, sanden-hot-water.com.au, kmsservices.com.au, powrhouse.au, reece.com.au, evoheat.com.au, wilsonhotwater.com.au, expertplumbing.com.au","kmsservices.com.au, evoheat.com.au, powrhouse.au, baysideachw.com"
how does a heat pump hot water system work,,14,,,,,,,2.11,,2.11,0,,0,0.0,,0.0,5,0,,energyaustralia.com.au,True,False,,"samedayhotwaterservice.com.au, choice.com.au","powerbay.com.au, wateranalytics.com.au, samedayhotwaterservice.com.au, ecoflow.com","samedayhotwaterservice.com.au, choice.com.au",,
heat pump hot water queensland,,,,,,,,,,,,,,,,,,38,,,,False,False,"google.com, kmsservices.com.au, installedtoday.com.au, thermastore.com.au, evoheat.com.au","evoheat.com.au, nobleenergyco.com.au, dspg.com.au","evoheat.com.au, wateranalytics.com.au, kmsservices.com.au","wateranalytics.com.au, evoheat.com.au, australiangreensolution.com.au, rheem.com.au, reece.com.au, green.com.au, kmsservices.com.au, haierhome.com.au","fallonsolutions.com.au, voltoraindustries.com.au, kmsservices.com.au, charlietheplumber.com.au, wateranalytics.com.au, evoheat.com.au, australiangreensolution.com.au, rheem.com.au, sanden-hot-water.com.au, solargain.com.au, advancedsolarandbatteries.com.au, baysideachw.com, wulfe.au","24hrplumbingservices.com.au, wateranalytics.com.au, evoheat.com.au, solargain.com.au, bunnings.com.au, kmsservices.com.au, australiangreensolution.com.au, bensplumbing.com.au, solaplumb.com.au, makeeverydropcount.com.au, kingandsonsheatingandcooling.com.au, dspg.com.au, irwinsplumbing.com.au"
home filtration systems,,,,,,,,,,,,,,,,,,4,43,,puretec.com.au,False,False,,"wateranalytics.com.au, filtersystemsaustralia.com.au, hydrotechgroup.com.au",,,,
best whole house water filter australia,,23,,,,,,,2.88,,2.88,0,,0,3.0,,3.0,10,9,,puretec.com.au,False,False,,,,,"completehomefiltration.com.au, wateranalytics.com.au, waterfilter.com.au, puretec.com.au, hydrotechgroup.com.au, fullhousewaterfiltration.com.au, filtap.com.au","wateranalytics.com.au, cleanandclearwater.com.au, filtersystemsaustralia.com.au, homewaterfiltration.com.au"
whole house reverse osmosis water filtration system,,,,,,,,,,,,,,,,,,4,,,,False,False,"waterfilter.com.au, filtersystemsaustralia.com.au, wateranalytics.com.au, hydrotechgroup.com.au",,,,,
complete home filtration brisbane,,21,,,,,,,,,,,,,,,,6,15,,completehomefiltration.com.au,False,False,,"homewaterfiltration.com.au, wateranalytics.com.au, filteredwatersolutions.com.au, jilawater.com.au","homewaterfiltration.com.au, wateranalytics.com.au, filteredwatersolutions.com.au, filtersystemsaustralia.com.au, australianmade.com.au",,,
reverse osmosis water filter whole house,,,,,,,,,2.69,,2.69,0,,0,0.0,,0.0,5,16,,freshwatersystems.com.au,False,False,filtersystemsaustralia.com.au,"filtersystemsaustralia.com.au, wateranalytics.com.au, psifilters.com.au",drinkrippl.com,,,
water filter system adelaide,,27,,,,,,,,,,,,,,,,1,21,,tankdoctor.com.au,False,False,,,,,,
water filtration systems melbourne,,,,,,,,,3.54,,3.54,0,,0,0.0,,0.0,9,29,,freshwatersystems.com.au,False,False,google.com,"filtap.com.au, pureflowfiltration.com.au, greatwaterfilters.com.au, filtermate.com.au",filtersystemsaustralia.com.au,"waterfilter.com.au, wateranalytics.com.au, cleanandclearwater.com.au",,
heat pumps hot water systems,,,,,,,,,,,,,,,,,,13,10,,energy.gov,False,False,"solahart.com.au, fallonsolutions.com.au, 1stchoicehotwater.com.au, plumbstargroup.com, salmonplumbing.com.au","fallonsolutions.com.au, hitechhotwater.com.au, salmonplumbing.com.au, speedyhotwater.com.au, solahart.com.au","theplumbinggang.com, solahart.com.au, wateranalytics.com.au, fallonsolutions.com.au, installedtoday.com.au, powerbay.com.au","acplumbing.com.au, solahart.com.au, kmsservices.com.au",,
countertop alkaline water machine,,,,,,,,,,,,,,,,,,3,,,,False,False,alkaviva.com.au,"alkaway.com.au, alkaviva.com.au, wateranalytics.com.au",alkaviva.com.au,,,
ecogenica heat pump,,8,,,,,,,,,,,,,,,,6,4,,ecogenica.com.au,False,False,,reece.com.au,wateranalytics.com.au,"wateranalytics.com.au, appliancesonline.com.au, choice.com.au",,simplyhotwaterperth.com.au
water filters whole house,,,,,,,,,,,,,,,,,,7,12,,freshwatersystems.com.au,False,False,"completehomefiltration.com.au, filtersystemsaustralia.com.au, thewaterfiltrationcompany.com.au, filpure.com.au, cleanandclearwater.com.au","completehomefiltration.com.au, filtersystemsaustralia.com.au, wateranalytics.com.au, filtap.com.au, cleanandclearwater.com.au",,,,completehomefiltration.com.au
soda water on tap,,,,,,,,,,,,,,,,,,2,5,,zipwater.com,False,False,"wateranalytics.com.au, sodatap.com.au",,,,,
heat pump hot water system installation,,20,,,,,,,,,,,,,,,,29,3,,nsw.gov.au,False,False,"todayplumbing.au, welldonplumbing.com.au, acplumbing.com.au, fallonsolutions.com.au","fallonsolutions.com.au, goldcoasthotwaterspecialists.com.au, todayplumbing.au, acplumbing.com.au","fallonsolutions.com.au, acplumbing.com.au, irwinsplumbing.com.au, outrightplumbing.com.au, solahartsunshinecoast.com.au, jrgasandwater.com.au, sunpakhotwater.com.au, solahart.com.au, allcityservices.com.au, rheem.com.au, wilcoplumbing.com.au, fixnflow.com.au, installedtoday.com.au","sunpakhotwater.com.au, solahartsunshinecoast.com.au, suncityhotwater.com.au, goldcoasthotwaterspecialists.com.au, speedyhotwater.com.au, theplumbinggang.com, installedtoday.com.au, turboplumbingsolutions.com.au","turboplumbingsolutions.com.au, brisbaneplumbinganddrainage.com.au, acplumbing.com.au, brisbanehotwaterplumbers.com.au, suncityhotwater.com.au, northlakesplumbingqld.com.au, solargain.com.au, irwinsplumbing.com.au, theplumbinggang.com, iansplumbing.com.au, wateranalytics.com.au","suncityhotwater.com.au, thehotwaterco.com.au, solahartsunshinecoast.com.au, hotwaterheroes.com.au, yourplumbingmates.com.au"
heat pump hot water reviews,,,,,,,,,1.04,,1.04,0,,0,2.95,,2.95,12,8,,sjhotwaterbrisbane.com.au,False,False,"qplumbinglocal.com.au, solarchoice.net.au, solahart.com.au, solarwise.com.au, jrgasandwater.com.au","solahart.com.au, choice.com.au, staticplumbers.com.au, salmonplumbing.com.au, jrgasandwater.com.au","sanden-hot-water.com.au, salmonplumbing.com.au, choice.com.au","wateranalytics.com.au, solahart.com.au, installedtoday.com.au, sanden-hot-water.com.au, choice.com.au","phwservices.com.au, choice.com.au",
whole house water filters,,,,0.508143259917201,0.491856740082799,0.353120243531202,0.33176470510173,0.668235292545329,1.73,,1.73,1,,1,312.35,,312.35,8,12,,freshwatersystems.com.au,False,False,google.com,filtersystemsaustralia.com.au,"thehomewaterfilterguy.com.au, puretec.com.au, filtersystemsaustralia.com.au, wateranalytics.com.au","filtersystemsaustralia.com.au, wateranalytics.com.au, cloudtap.com.au, micronwaterfilters.com.au",,
hard water filter for house,,,,0.536285714285714,0.463714285714286,0.257142857142857,0.192307684911243,0.80769227662722,,,,0,,0,26.91,,26.91,21,,,,False,False,"puretec.com.au, wateranalytics.com.au, realwater.au","wateranalytics.com.au, thinkwater.com.au, filtersystemsaustralia.com.au, psifilters.com.au","homewaterfiltration.com.au, wateranalytics.com.au, comparewaterfilters.com.au, mywaterfilter.com.au","wateranalytics.com.au, thinkwater.com.au, filtersystemsaustralia.com.au, daveywater.com","completehomefiltration.com.au, filpure.com.au, cleanandclearwater.com.au, filtap.com.au","completehomefiltration.com.au, wateranalytics.com.au, filtap.com.au, filpure.com.au, cleanandclearwater.com.au, fullhousewaterfiltration.com.au"
offline filtration in sydney,,,,,,,,,,,,,,,,,,9,,,,False,False,wateranalytics.com.au,cleanandclearwater.com.au,"russellfinex.com, vafmemstar.com.au, fltr.com.au","purific.com, revolutionaryfiltration.com.au, prwater.com.au",indux.com.au,
water filter installed,,,,,,,,,5.98,,5.98,0,,0,0.0,,0.0,6,11,,hillsirrigation.com.au,False,False,"cleanandclearwater.com.au, installedtoday.com.au","completehomefiltration.com.au, cleanandclearwater.com.au, wateranalytics.com.au, puretec.com.au, filtap.com.au",,,,
water filtration system for business,,,,,,,,,,,,,,,,,,1,,,,False,False,wateranalytics.com.au,,,,,
rain water tank filter system perth,,,,,,,,,,,,,,,,,,9,,,,False,False,"aussienaturalfiltration.com.au, aquastream.com.au, rainfilltanks.com.au, filtermate.com.au",waterfilter.com.au,"wateranalytics.com.au, daveywater.com, puretec.com.au, aquala.au",,,
instant gas hot water system perth,,20,,,,,,,6.46,,6.46,0,,0,0.0,,0.0,15,3,,hiltonplumbing.com.au,False,False,"oncallhotwater.com.au, sarrosplumbing.com.au, hotwatersystemsperth.com.au","sarrosplumbing.com.au, unrivalledpg.com.au, oncallhotwater.com.au, gxrplumbing.com.au, reece.com.au, jimsplumbing.com.au","reece.com.au, oncallhotwater.com.au, sarrosplumbing.com.au, gxrplumbing.com.au, unrivalledpg.com.au","sarrosplumbing.com.au, countrycomfortwaterheater.com.au",hiltonplumbing.com.au,"richtek.com.au, hiltonplumbing.com.au"
scale reduction water perth,,,,,,,,,,,,,,,,,,5,,,,False,False,"uk-water-filters.co.uk, ecobud.com.au","wateranalytics.com.au, purewaterfiltration.com.au, hydrosmart.com.au",,,,
heat pump systems brisbane,,,,,,,,,,,,,,,,,,38,,,,False,False,"speedyhotwater.com.au, staticplumbers.com.au, solahart.com.au, sjkcollective.com.au, thehotwatergang.com.au, google.com, fallonsolutions.com.au, salmonplumbing.com.au, hitechhotwater.com.au, plumbform.com.au, rheem.com.au, turboplumbingsolutions.com.au, brisbanehotwaterplumbers.com.au, installedtoday.com.au, evoheat.com.au, haierhome.com.au, jrgasandwater.com.au, solarchoice.net.au, qplumbinglocal.com.au, daikin.com.au, brisbanehotwaterservices.com.au, dspg.com.au, theplumbinggang.com, mhiaa.com.au","solahart.com.au, evoheat.com.au, solarwise.com.au, salmonplumbing.com.au, thehotwatergang.com.au, staticplumbers.com.au, victorvoltage.com.au, diamondairenergy.com.au, kmsservices.com.au, turboplumbingsolutions.com.au, brisbaneflowplumbing.com.au, fallonsolutions.com.au, mhiaa.com.au, sjkcollective.com.au, haierhome.com.au, theplumbinggang.com, dspg.com.au, lwplumbing.com.au, qplumbinglocal.com.au, speedyhotwater.com.au, solahartgoldcoast.com.au, jrgasandwater.com.au","evoheat.com.au, theplumbinggang.com, green.com.au, salmonplumbing.com.au, solarchoice.net.au, solahart.com.au, solarwise.com.au, speedyhotwater.com.au, thehotwatergang.com.au, mhiaa.com.au, fallonsolutions.com.au, hitechhotwater.com.au, brisbaneplumbinganddrainage.com.au, dspg.com.au","theplumbinggang.com, speedyhotwater.com.au, solahart.com.au, solarwise.com.au, diamondairandenergy.com.au, turboplumbingsolutions.com.au, sjkcollective.com.au, salmonplumbing.com.au, evoheat.com.au, rheem.com.au, fallonsolutions.com.au, solarchoice.net.au","solahart.com.au, theplumbinggang.com, mhiaa.com.au, wateranalytics.com.au, salmonplumbing.com.au, sjkcollective.com.au, diamondairandenergy.com.au, airritemech.com.au, baysideair.com.au, evoheat.com.au, solarwise.com.au, turboplumbingsolutions.com.au, speedyhotwater.com.au, integratedtradeservices.com.au",
complete home water filtration system perth,,,,,,,,,,,,,,,,,,18,,,,False,False,"google.com, wateranalytics.com.au, puremainswater.com.au, waterscoaustralia.com.au, clearhavenwaterfiltration.com.au, dolphinhomefiltration.com.au, nexahomesolutions.com.au","wateranalytics.com.au, hiltonplumbing.com.au","waterfilterman.com.au, purewaterfiltration.com.au, wateranalytics.com.au, urbanfuture.com.au, hydrotechgroup.com.au, cloudtap.com.au, aquariuswaterfilters.com.au, hiltonplumbing.com.au","dolphinhomefiltration.com.au, puremainswater.com.au, purewaterfiltration.com.au, cloudtap.com.au, pure2o.com.au, wateranalytics.com.au, bestcoast.com.au","wateranalytics.com.au, cloudtap.com.au, westozwaterfilters.com.au","cloudtap.com.au, wateranalytics.com.au"
best water filter for perth,,,,,,,,,,,,,,,,,,11,,,,False,False,"puremainswater.com.au, inflowfilter.com, google.com, aquastream.com.au, nexahomesolutions.com.au, waterscoaustralia.com.au, clearhavenwaterfiltration.com.au","wateranalytics.com.au, alkaviva.com.au, westflowfiltration.com.au, inflowfilter.com, waterdropfilter.com.au",,,,
whole house water filter adelaide,,28,,,,,,,2.0,,2.0,0,,0,0.0,,0.0,8,21,,reddit.com,False,False,"abaplumbing.com.au, filtersystemsaustralia.com.au, purewaterfiltration.com.au, wateranalytics.com.au, ctfiltration.com.au, google.com, puratap.com.au",,"wateranalytics.com.au, filtersystemsaustralia.com.au, comparewaterfilters.com.au",,,
hard water treatment at home,,,,,,,,,,,,,,,,,,5,,,,False,False,"carefree.com.au, wateranalytics.com.au, hydrosmart.com.au, filtersystemsaustralia.com.au",waterfilter.com.au,,,,
best water filters home,,,,,,,,,,,,,,,,,,4,11,,purewatersystems.com.au,False,False,,,,,,"completehomefiltration.com.au, cleanandclearwater.com.au, wateranalytics.com.au, purestwaterfiltration.com.au"
whole home filtration system,,26,,0.630382231404959,0.369617768595041,0.454545454545454,0.249999989583334,0.749999968750001,,,,,,,,,,8,15,,filtersystemsaustralia.com.au,False,False,"filtersystemsaustralia.com.au, wateranalytics.com.au, thinkwater.com.au, psifilters.com.au",filtersystemsaustralia.com.au,,wateranalytics.com.au,,"completehomefiltration.com.au, wateranalytics.com.au"
best water system for home,,,,,,,,,,,,,,,,,,3,,,,False,False,"wateranalytics.com.au, filtersystemsaustralia.com.au, comparewaterfilters.com.au",,,,,
cheapest water purifier,,,,,,,,,,,,,,,,,,2,,,,False,False,"temu.com, wateranalytics.com.au",,,,,
water purification company,,,,,,,,,4.44,,4.44,0,,0,0.47,,0.47,6,57,,athenawater.com.au,False,False,"ecpwaterfilter.com, hydrochem.com.au, centurionaprs.com, wateranalytics.com.au","ecpwaterfilter.com, aquapax.com.au, prwater.com.au, hydrochem.com.au",,,,
reverse osmosis perth,,,,,,,,,1.6,,1.6,0,,0,15.53,,15.53,40,19,,solenis.com,False,False,"google.com, purewatersystems.com.au, puretec.com.au, aussienaturalfiltration.com.au, tappwater.com.au, jimsplumbing.com.au, wateranalytics.com.au","filtersystemsaustralia.com.au, completehomefiltration.com.au, kuvings.com.au, clearhavenwaterfiltration.com.au, purewaterfiltration.com.au, westozwaterfilters.com.au, waterfilterman.com.au, blufrog.com.au, membraneshop.com.au, wateranalytics.com.au, puretec.com.au, aussienaturalfiltration.com.au, google.com","osmosiswaterfilters.com.au, cloudtap.com.au, makwater.com.au, westflowfiltration.com.au, waterdropfilter.com.au, membraneshop.com.au, filtersystemsaustralia.com.au, purewaterfiltration.com.au, hydrotechgroup.com.au, waterfilterman.com.au, clear2o.com.au, westozwaterfilters.com.au, clearhavenwaterfiltration.com.au, completehomefiltration.com.au","neighbourhoodwaterfiltration.com.au, clear2o.com.au, osmosiswaterfilters.com.au, ovio.com, hydrotechgroup.com.au, makwater.com.au, purewaterfiltration.com.au, h2ostores.com, waterdropfilter.com.au, waterscoaustralia.com.au, waterfilter.net.au, waterfilter.com.au, filtersystemsaustralia.com.au, completehomefiltration.com.au, westozwaterfilters.com.au, bestcoast.com.au, cloudtap.com.au, membraneshop.com.au, waterfilterman.com.au, wateranalytics.com.au","cloudtap.com.au, wateranalytics.com.au, hydrotechgroup.com.au, dolphinhomefiltration.com.au, waterfilter.com.au, filtersystemsaustralia.com.au, westflowfiltration.com.au, clear2o.com.au, makwater.com.au, greatwaterfilters.com.au, osmosiswaterfilters.com.au, neighbourhoodwaterfiltration.com.au","waterfilter.com.au, cloudtap.com.au, wateranalytics.com.au, westozwaterfilters.com.au, filtersystemsaustralia.com.au, neighbourhoodwaterfiltration.com.au, hydrotechgroup.com.au, aquariuswaterfilters.com.au, makwater.com.au"
hot water heater comparison,,,,,,,,,,,,,,,,,,23,,,,False,False,"choice.com.au, samedayhotwaterservice.com.au, google.com, hotwater.com.au, agl.com.au, andrewevansplumbing.com.au",choice.com.au,"hotwater.com.au, abaplumbing.com.au, saexpressplumbing.com.au, samedayhotwaterservice.com.au, useprofessionaltrades.com.au","aquatekplumbers.com.au, hotwater.com.au, agl.com.au, andrewevansplumbing.com.au, samedayhotwaterservice.com.au, hotwatertek.com.au, choice.com.au","reece.com.au, hotwater.com.au, andrewevansplumbing.com.au, hotwatertek.com.au, wateranalytics.com.au, choice.com.au, reclaimenergy.com.au, levelau.com.au, abaplumbing.com.au, jackslocalplumbing.com.au","hotwater.com.au, andrewevansplumbing.com.au, choice.com.au, samedayhotwaterservice.com.au, aquatekplumbers.com.au, irwinsplumbing.com.au, bensplumbing.com.au, jackslocalplumbing.com.au, reece.com.au"
whole house water softener system,,,,,,,,,,,,,,,,,,6,1,,clearwaterarizona.com,False,False,"filtersystemsaustralia.com.au, hydrosmart.com.au, wateranalytics.com.au, carefree.com.au, alkaviva.com.au, comparewaterfilters.com.au",filtersystemsaustralia.com.au,filtersystemsaustralia.com.au,,,
water purification in home,,35,,,,,,,,,,,,,,,,2,13,,puretec.com.au,False,False,,,,,,
charcoal water filtration system for home,,,,,,,,,,,,,,,,,,3,5,,nourishedlife.com.au,False,False,"filtersystemsaustralia.com.au, alkaviva.com.au, wateranalytics.com.au",filtersystemsaustralia.com.au,,,,
filter water house,,,,,,,,,,,,,,,,,,6,,,,False,False,"completehomefiltration.com.au, cleanandclearwater.com.au, purestwaterfiltration.com.au, filpure.com.au, filtap.com.au","completehomefiltration.com.au, cleanandclearwater.com.au, wateranalytics.com.au",,,,
best hot water heat pump australia,,21,,,,,,,1.05,,1.05,0,,0,0.0,,0.0,11,2,,solarchoice.net.au,False,False,,,evoheat.com.au,"baysideachw.com, evoheat.com.au, sanden-hot-water.com.au, reece.com.au, newgensolar.com.au",simplyhotwaterperth.com.au,"solarchoice.net.au, newgensolar.com.au, evoheat.com.au, climateplus.com.au, sanden-hot-water.com.au, wateranalytics.com.au, bensplumbing.com.au, mhiaa.com.au"
heat pump hot water rebate nsw,,16,,,,,,,2.43,,2.43,0,,0,0.0,,0.0,10,2,,nsw.gov.au,False,False,,sanden-hot-water.com.au,"fallonsolutions.com.au, sanden-hot-water.com.au",fallonsolutions.com.au,"fallonsolutions.com.au, wateranalytics.com.au, sanden-hot-water.com.au","simplyhotwaterperth.com.au, sanden-hot-water.com.au"
water filtration near me,,,,,,,,,4.72,,4.72,0,,0,0.0,,0.0,5,21,,alkimosplumbingandgas.com.au,False,False,thinkwater.com.au,filtersystemsaustralia.com.au,"wateranalytics.com.au, daveywater.com","thinkwater.com.au, pearlfiltration.com.au",,
home filtration system cost,,15,,,,,,,1.92,,1.92,0,,0,7.44,,7.44,13,4,,completehomefiltration.com.au,False,False,,,,,,"completehomefiltration.com.au, homewaterfiltration.com.au, wateranalytics.com.au"
point of entry water filter perth,,,,,,,,,,,,,,,,,,4,,,,False,False,"google.com, clearhavenwaterfiltration.com.au, aussienaturalfiltration.com.au","wateranalytics.com.au, clearhavenwaterfiltration.com.au",,,,
whole home water purification system,,,,,,,,,,,,,,,,,,3,10,,freshwatersystems.com.au,False,False,aquastream.com.au,wateranalytics.com.au,completehomefiltration.com.au,completehomefiltration.com.au,,
heat pump hot water nsw,,17,,,,,,,,,,,,,,,,24,3,,nsw.gov.au,False,False,"sanden-hot-water.com.au, sydneywidehotwater.com.au, wateranalytics.com.au, istore.net.au, thermastore.com.au","sanden-hot-water.com.au, powerbay.com.au, sydneywidehotwater.com.au",,"sanden-hot-water.com.au, evoheat.com.au, rheem.com.au, agl.com.au, wateranalytics.com.au, green.com.au","sydneywidehotwater.com.au, reclaimenergy.com.au, rheem.com.au, wateranalytics.com.au, sanden-hot-water.com.au, wulfe.au",24hrplumbingservices.com.au
air source pump,,,,,,,,,,,,,,,,,,7,,,,False,False,"hitechhotwater.com.au, reclaimenergy.com.au, drleakplumbing.com.au, wateranalytics.com.au","huntheat.com.au, hitechhotwater.com.au, wateranalytics.com.au, reece.com.au, haierhome.com.au",,,,
full house water filtration systems,,,,,,,,,,,,,,,,,,1,28,,teamsmartfix.com.au,False,False,wateranalytics.com.au,,,,,
domestic water filtration systems,,,,,,,,,4.33,,4.33,0,,0,0.0,,0.0,2,,,,False,False,filtersystemsaustralia.com.au,wateranalytics.com.au,"filtersystemsaustralia.com.au, wateranalytics.com.au",,,
what is heat pump water heater,,7,,,,,,,,,,,,,,,,6,0,,energyaustralia.com.au,True,False,,"powerbay.com.au, choice.com.au","agl.com.au, hitechhotwater.com.au, accreditedpower.com.au, powerbay.com.au, choice.com.au",wateranalytics.com.au,,
water analytics australia,,18,,,,,,,,,,,,,,,,1,15,,wateranalytics.com.au,False,False,,wateranalytics.com.au,wateranalytics.com.au,,,wateranalytics.com.au
reclaim heat pump hot water,,13,,,,,,,,,,,,,,,,15,2,,reclaimenergy.com.au,False,False,powrhouse.au,pumpswap.com.au,"1stchoicehotwater.com.au, jrgasandwater.com.au, sanden-hot-water.com.au, acplumbing.com.au, reece.com.au, salmonplumbing.com.au, fallonsolutions.com.au",reece.com.au,"wateranalytics.com.au, energypeople.com.au, appliancesonline.com.au, fallonsolutions.com.au",
water softener and filtration system,,,,0.591671258034894,0.408328741965106,0.333333333333333,,,,,,,,,,,,4,,,,False,False,"wateranalytics.com.au, thinkwater.com.au, filtersystemsaustralia.com.au",filtersystemsaustralia.com.au,"wateranalytics.com.au, thinkwater.com.au, filtersystemsaustralia.com.au, springwellwater.com",,,
whole house rainwater filter system,,,,,,,,,1.53,,1.53,0,,0,0.0,,0.0,3,14,,irrigearyass.com.au,False,False,"puretec.com.au, wateranalytics.com.au, bgwatersolutions.com.au",,,,,
water filter system price,,43,,,,,,,,,,0,,0,1.25,,1.25,5,12,,aquasafe.com.au,False,False,,"puratap.com.au, wateranalytics.com.au, purewaterfiltration.com.au, hotwater.com.au, filtersystemsaustralia.com.au",,,,
whole house water filtration sydney,,,,,,,,,,,,,,,,,,3,,,,False,False,google.com,"wateranalytics.com.au, cleanandclearwater.com.au",,,,
under sink water chiller,,9,,0.605665294924554,0.394334705075446,0.259259259259259,,,1.16,,1.16,0,,0,5.17,,5.17,21,0,,waterfiltersaustralia.com.au,False,False,"inflowfilter.com, waterfilterdistributors.com.au, water-filter-sentry.com.au, smarth2o.com.au, coolerfridges.com","cleanandclearwater.com.au, billi.com.au, filtersystemsaustralia.com.au, aquacoolerdirect.com.au","filpure.com.au, water-filter-sentry.com.au, aquacoolerdirect.com.au, filtersystemsaustralia.com.au, cleanandclearwater.com.au, waterfilter.net.au, watercoolersuperstore.com.au, zipwater.com","completehomefiltration.com.au, cleanandclearwater.com.au, billi.com.au, aquacoolerdirect.com.au","zipwater.com, water-filter-sentry.com.au, amazon.com.au, billi.com.au, wateranalytics.com.au, valueh2o.com.au, filtap.com.au, filteredwatersolutions.com.au, waterdropfilter.com.au, aquacoolerdirect.com.au, waterfilter.net.au, filtersystemsaustralia.com.au",watercoolershop.com.au
home filtration water system,,,,,,,,,,,,,,,,,,3,20,,aquasafe.com.au,False,False,,,,,,
best home water filtration system australia,,30,,,,,,,,,,,,,,,,1,13,,puretec.com.au,False,False,wateranalytics.com.au,,,,,
large whole house water filter,,,,,,,,,,,,,,,,,,1,,,,False,False,wateranalytics.com.au,,,,,
water filter installation near me,,19,,,,,,,4.1,,4.1,0,,0,0.0,,0.0,26,3,,bunnings.com.au,False,False,,"wateranalytics.com.au, pureforsure.com.au",wateranalytics.com.au,,,"wateranalytics.com.au, ndaplumbingperth.com.au, jilawater.com.au, cloudtap.com.au, greatwaterfilters.com.au, floworxplumbing.com.au, cleanandclearwater.com.au, filtap.com.au, filteredwatersolutions.com.au, easycareplumbingmelb.com.au, waterfilterguy.com.au, homewaterfiltration.com.au, completehomefiltration.com.au, lwplumbing.com.au, ovio.com, aquala.au, yourlocaltradesman.com.au, southaussieplumbing.com.au"
water filter for hard water,,,,0.451300219138057,0.548699780861943,0.378378378378378,0.347826071833649,0.652173884688092,,,,,,,,,,14,,,,False,False,"wellverti.com.au, inflowfilter.com, waterscoaustralia.com.au, aquaserve.com.au, zazenalkalinewater.com.au, google.com, shieldwaterfilter.com.au","lovable.app, waterfilter.direct, wellverti.com.au, inflowfilter.com","waterfilter.com.au, wellverti.com.au, filpure.com.au",filtersystemsaustralia.com.au,"waterscoaustralia.com.au, filtersystemsaustralia.com.au, cloudtap.com.au, wateranalytics.com.au",
whole home filtration,,,,,,,,,,,,,,,,,,30,10,,freshwatersystems.com.au,False,False,"wateranalytics.com.au, google.com, waterfilter.com.au, filtersforyou.com.au, filtersystemsaustralia.com.au, aewaterfilters.com, shieldwaterfilter.com.au, mrsplashplumbing.com.au","wateranalytics.com.au, google.com, filtersystemsaustralia.com.au, waterfilter.com.au, safemains.com.au, puretec.com.au, purpleduck.com.au","cleanandclearwater.com.au, wateranalytics.com.au, networkplumbing.com.au, filtersystemsaustralia.com.au, cameronsplumbing.com.au, safemains.com.au, purestwaterfiltration.com.au, purpleduck.com.au, filpure.com.au, filtap.com.au, landing-pages.com.au, lovable.app, minthomefiltration.com","wateranalytics.com.au, smartenergy.co, cleanandclearwater.com.au, filtersystemsaustralia.com.au, cameronsplumbing.com.au, purestwaterfiltration.com.au, filtap.com.au, safemains.com.au, filpure.com.au, networkplumbing.com.au","smartenergy.co, wateranalytics.com.au, cleanandclearwater.com.au, waterfilter.com.au, filtersystemsaustralia.com.au, filtap.com.au, filpure.com.au, purestwaterfiltration.com.au, reactiveplumbingandelectrical.com.au","wateranalytics.com.au, purestwaterfiltration.com.au, cleanandclearwater.com.au, thewaterfiltrationcompany.com.au, filpure.com.au, springwellwater.com, filtersystemsaustralia.com.au, smartenergy.co, wilcoplumbing.com.au, filtap.com.au, waterfilter.com.au"
heat pump for hot water,,,,,,,,,2.84,,2.84,0,,0,24.44,,24.44,13,5,,energy.gov,False,False,"salmonplumbing.com.au, hitechhotwater.com.au, solahart.com.au, google.com","solahart.com.au, fallonsolutions.com.au, atcplumbing.com.au, powerbay.com.au, prestigeplumbingact.com.au, acplumbing.com.au","theplumbinggang.com, wateranalytics.com.au, solahart.com.au, fallonsolutions.com.au, agl.com.au","acplumbing.com.au, reece.com.au, solahart.com.au, theplumbinggang.com",,
home water filtration adelaide,,,,,,,,,,,,,,,,,,3,,,,False,False,wateranalytics.com.au,wateranalytics.com.au,"wateranalytics.com.au, purewaterfiltration.com.au, hotwater.com.au",,,
water testing analysis,,,,,,,,,,,,,,,,,,5,,,,False,False,"wateranalytics.com.au, safewaterlab.com.au, sustainablewatersolutions.com.au, amscorpscientific.com","wateranalytics.com.au, altsa.com.au",,,,
heat pump hot water perth,,22,,,,,,,7.96,,7.96,0,,0,0.81,,0.81,25,11,,heatpumpsperthwa.com.au,False,False,"perthfirstplumbing.com.au, auscoplumbingandgas.com.au, unrivalledpg.com.au",emberplumbingperth.com.au,"hiltonplumbing.com.au, hotwatersolutionswa.com.au, urbanfuture.com.au, solahart.com.au, evoheat.com.au, solargain.com.au, auscoplumbingandgas.com.au, element47.com.au, hitechhotwater.com.au","hiltonplumbing.com.au, urbanfuture.com.au, richtek.com.au, evoheat.com.au, pipemasters-plumbingandgas.com.au, solahart.com.au",,"haierhome.com.au, hotwatersolutionswa.com.au, wateranalytics.com.au, hiltonplumbing.com.au, richtek.com.au, urbanfuture.com.au, sarrosplumbing.com.au, drsparkyelectrical.com.au"
heat pump system cost,,,,0.818852751169526,0.181147248830474,0.611940298507463,0.153846147928994,0.846153813609469,0.45,,0.45,0,,0,6.54,,6.54,3,,,,False,False,"powerbay.com.au, solarchoice.net.au, wateranalytics.com.au",,,,,
best heat pumps australia,,17,,,,,,,2.04,,2.04,0,,0,0.0,,0.0,11,1,,euroheat.com.au,False,False,"madimack.com, google.com, fallonsolutions.com.au",,"solarwise.com.au, sanden-hot-water.com.au, wateranalytics.com.au, choice.com.au, evoheat.com.au, solarchoice.net.au, speedyhotwater.com.au, reece.com.au",,,
whole house water system,,,,,,,,,,,,,,,,,,4,,,,False,False,"filtersystemsaustralia.com.au, wateranalytics.com.au","filtersystemsaustralia.com.au, smartenergy.co, wateranalytics.com.au","filtersystemsaustralia.com.au, wateranalytics.com.au, thinkwater.com.au",,,
whole house water filter melbourne,,26,,,,,,,2.99,,2.99,0,,0,0.0,,0.0,9,17,,filtersystemsaustralia.com.au,False,False,"purewaterfiltration.com.au, google.com, distillo.com.au",,,,,"wateranalytics.com.au, filtersystemsaustralia.com.au, filtap.com.au"
uv light for well water,,,,0.813801652892562,0.186198347107438,0.350649350649351,0.5799999884,0.4199999916,,,,,,,,,,4,,,,False,False,"filtersystemsaustralia.com.au, puretec.com.au, psifilters.com.au, wateranalytics.com.au",,,,,
home drinking water filtration,,28,,0.552142857142857,0.447857142857143,0.330357142857143,0.306666662577778,0.693333324088889,,,,0,,0,1.89,,1.89,3,14,,purewatersystems.com.au,False,False,,"wateranalytics.com.au, filtersystemsaustralia.com.au, puretec.com.au",,,,
best whole house filter,,,,0.487,0.513,0.166666666666667,0.0399999984000001,0.959999961600001,,,,,,,,,,2,5,,healthywaterways.org,False,False,filtersystemsaustralia.com.au,wateranalytics.com.au,,,,
best whole house reverse osmosis system,,,,0.232290629244002,0.767709370755998,0.297872340425532,0.393939382001837,0.606060587695134,,,,,,,,,,5,,,,False,False,filtersystemsaustralia.com.au,"filtersystemsaustralia.com.au, cuiyuantrade.com, psifilters.com.au, wateranalytics.com.au, comparewaterfilters.com.au",,,,
water filter installation mandurah,,,,,,,,,,,,,,,,,,5,,,,False,False,"wateranalytics.com.au, plumbingbros.com.au, westozwaterfilters.com.au","greatwaterfilters.com.au, wateranalytics.com.au, plumbingbros.com.au, pacerplumbing.com.au",,,,
home water filtration system cost,,16,,0.783392857142857,0.216607142857143,0.392857142857143,,,1.33,,1.33,0,,0,21.84,,21.84,20,6,,fluidplumbingservices.com.au,False,False,,"wateranalytics.com.au, comparewaterfilters.com.au, thinkwater.com.au",,,"wateranalytics.com.au, filpure.com.au, thehomewaterfilterguy.com.au, philips.com.au, filtap.com.au, neighbourhoodwaterfiltration.com.au, purewaterfiltration.com.au, westozwaterfilters.com.au, completehomefiltration.com.au, homewaterfiltration.com.au","filpure.com.au, wateranalytics.com.au, purestwaterfiltration.com.au, cleanandclearwater.com.au, westozwaterfilters.com.au, cloudtap.com.au, filtap.com.au, filtersystemsaustralia.com.au, jilawater.com.au, daveywater.com, fullhousewaterfiltration.com.au, revolutionaryfiltration.com.au"
ro purifier price,,,,,,,,,,,,,,,,,,6,,,,False,False,"lovable.app, wateranalytics.com.au, cleanandclearwater.com.au, philips.com.au, filtersystemsaustralia.com.au, waterdropfilter.com.au",,,,,
water filtration mandurah,,,,,,,,,,,,,,,,,,2,,,,False,False,"wateranalytics.com.au, google.com",wateranalytics.com.au,,,,
heatpump hot water systems,,,,,,,,,,,,,,,,,,9,,,,False,False,"fallonsolutions.com.au, salmonplumbing.com.au, solahart.com.au, hitechhotwater.com.au, plumbstargroup.com, 1stchoicehotwater.com.au, brisbanehotwaterservices.com.au, installedtoday.com.au, wateranalytics.com.au","hitechhotwater.com.au, solahart.com.au",,,,
what is the best water purification system,,,,0.317222222222222,0.682777777777778,0.25,,,,,,,,,,,,2,,,,True,False,"culligan.com.au, wateranalytics.com.au",,,,,
water purification systems for home,,,,0.463967374576793,0.536032625423207,0.508771929824561,0.0714285688775511,0.928571395408164,3.87,,3.87,0,,0,0.0,,0.0,2,25,,filtersystemsaustralia.com.au,False,False,wateranalytics.com.au,,,,,waterfilter.com.au
heat pump for hot water heating system,,,,,,,,,,,,,,,,,,11,6,,energy.gov,False,False,"phwservices.com.au, evoheat.com.au, rozelleplumbing.com.au, mrflowplumbing.com.au","fallonsolutions.com.au, wateranalytics.com.au, acplumbing.com.au, gstore.com.au, powerbay.com.au, reece.com.au, appliancesonline.com.au",,,,
melbourne water purifier,,,,,,,,,,,,,,,,,,26,,,,False,False,"waterscoaustralia.com.au, inflowfilter.com, google.com","cleanandclearwater.com.au, alkaviva.com.au, auspurifiers.com.au, wateranalytics.com.au, comparewaterfilters.com.au, amazon.com.au, greatwaterfilters.com.au, cuckooaustralia.com.au, waterscoaustralia.com.au","purewaterfiltration.com.au, filteredwatersolutions.com.au, waterscoaustralia.com.au, tryselene.com.au, pureflowfiltration.com.au, cleanandclearwater.com.au, wateranalytics.com.au, fullhousefiltration.com.au, expertplumbing.com.au, auspurifiers.com.au","cleanandclearwater.com.au, expertplumbing.com.au, waterscoaustralia.com.au, aquacoolerdirect.com.au","cleanandclearwater.com.au, pureflowfiltration.com.au, filtap.com.au, greatwaterfilters.com.au","cleanandclearwater.com.au, waterdropfilter.com.au, pureflowfiltration.com.au, filteredwatersolutions.com.au, demandfiltration.com.au"
whole home ro system,,,,0.760765432098766,0.239234567901235,0.288888888888889,0.687499978515626,0.312499990234375,,,,,,,,,,3,,,,False,False,"filtersystemsaustralia.com.au, wateranalytics.com.au, psifilters.com.au",filtersystemsaustralia.com.au,,,,
hydrogen fontaine,,,,,,,,,,,,,,,,,,23,,,,False,False,"corerecovery.com.au, alkaway.com.au, holyh2o.com.au, hydrogenhealth.net.au, hydrogenwaterh2o.com, google.com","corerecovery.com.au, hydrozenwater.store, alkaway.com.au, hydrogenhealth.net.au, hydrogenmachines.com.au, wateranalytics.com.au, hydrogenwaterh2o.com, qlifetoday.com, holyh2o.com.au","lumati.com, drinkhrw.com, inhaleh2.com, qlifetoday.com, tokui.com.au, alkaway.com.au, hydrozenwater.store, wateranalytics.com.au, suyzekom.com, corerecovery.com.au, hydrogenhealth.net.au","lumati.com, hlth-shop.com","lumati.com, neocalm.store, holyhydrogen.com, amazon.com, echowater.com, drinkh2tab.com, e-energyusa.com, hydrogen4health.com","holyhydrogen.com, inhaleh2.com"
entire home water filtration system,,25,,,,,,,,,,,,,,,,1,9,,puretec.com.au,False,False,,,wateranalytics.com.au,,,
ro water purifier for home,,,,,,,,,,,,,,,,,,3,,,,False,False,"drinkrippl.com, filtersystemsaustralia.com.au, wateranalytics.com.au",,,,,
what is a heat pump hot water system,,19,,,,,,,1.71,,1.71,0,,0,3.94,,3.94,13,0,,energyaustralia.com.au,True,False,"choice.com.au, samedayhotwaterservice.com.au, google.com, salmonplumbing.com.au, germantech.com.au, solarwise.com.au","fallonsolutions.com.au, samedayhotwaterservice.com.au, prestigeplumbingact.com.au, powerbay.com.au, appliancesonline.com.au, salmonplumbing.com.au, ecoflow.com","powerbay.com.au, samedayhotwaterservice.com.au, choice.com.au, appliancesonline.com.au, salmonplumbing.com.au, fallonsolutions.com.au","wateranalytics.com.au, samedayhotwaterservice.com.au","kmsservices.com.au, samedayhotwaterservice.com.au, choice.com.au",
reclaim hot water heat pump,,12,,,,,,,,,,,,,,,,6,2,,reclaimenergy.com.au,False,False,powrhouse.au,"fallonsolutions.com.au, prestigeplumbingact.com.au, gstore.com.au, powrhouse.au",,"wateranalytics.com.au, powrhouse.au, acplumbing.com.au",,
whole house water filtration system perth,,,,,,,,,3.17,,3.17,0,,0,0.0,,0.0,19,19,,alkimosplumbingandgas.com.au,False,False,"wateranalytics.com.au, puremainswater.com.au, aquastream.com.au, google.com, nexahomesolutions.com.au","wateranalytics.com.au, cloudtap.com.au, hiltonplumbing.com.au","purewaterfiltration.com.au, wateranalytics.com.au, aquariuswaterfilters.com.au, hiltonplumbing.com.au, comparewaterfilters.com.au, cloudtap.com.au, pacerplumbing.com.au","wateranalytics.com.au, pure2o.com.au, dolphinhomefiltration.com.au, purewaterfiltration.com.au, puremainswater.com.au, bestcoast.com.au, westozwaterfilters.com.au, urbanfuture.com.au",wateranalytics.com.au,wateranalytics.com.au
heat pumps perth,,18,,,,,,,5.13,,5.13,0,,0,14.49,,14.49,17,8,,heatpumpsperth.com.au,False,False,hiltonplumbing.com.au,positiveenergy.com.au,"hiltonplumbing.com.au, hotwatersolutionswa.com.au, urbanfuture.com.au, langlerair.com.au, solahart.com.au","urbanfuture.com.au, hotwatersolutionswa.com.au, sarrosplumbing.com.au","hotwatersolutionswa.com.au, urbanfuture.com.au","urbanfuture.com.au, hotwatersolutionswa.com.au, hiltonplumbing.com.au, evoheat.com.au, drsparkyelectrical.com.au, richtek.com.au"
home water systems near me,,,,,,,,,,,,,,,,,,4,,,,False,False,thinkwater.com.au,"thinkwater.com.au, carefree.com.au, wateranalytics.com.au, daveywater.com",,,,
water filtration whole house,,,,,,,,,,,,,,,,,,5,20,,simplyfiltration.com.au,False,False,"wateranalytics.com.au, filtersystemsaustralia.com.au, cleanandclearwater.com.au, puretec.com.au",,,,,
heat pump hot water central coast,,,,,,,,,,,,,,,,,,24,,,,False,False,"istore.net.au, obrienplumbingandroofing.com.au, google.com, solahartcentralcoast.com.au, hoganhotwaterandair.com.au, clearwaterplumbingnsw.com.au, elyonplumbercentralcoast.com.au, sanden-hot-water.com.au","obrienplumbingandroofing.com.au, agl.com.au, wateranalytics.com.au, lordsplumbing.com.au, solahartcentralcoast.com.au","fluidplumbingservices.com.au, istore.net.au, fixnflow.com.au, hotwater.com.au, sanden-hot-water.com.au","istore.net.au, rheem.com.au, reece.com.au, fluidplumbingservices.com.au, fixnflow.com.au, clearwaterplumbingnsw.com.au, claysplumbing.com.au, wateranalytics.com.au, powerbay.com.au","hotwatersystemsnewcastle.com.au, clearwaterplumbingnsw.com.au, fluidplumbingservices.com.au","hotwaterprofessionals.com.au, partridgeplumbing.com.au, claysplumbing.com.au, lordsplumbing.com.au, hoganhotwaterandair.com.au, newcastlehotwaterrepairs.com.au, fluidplumbingservices.com.au, rheem.com.au"
water treatment services,,6,,0.342290809327846,0.657709190672154,0.481481481481481,,,5.92,,5.92,0,,0,5.32,,5.32,19,4,,watertreat.com.au,False,False,"hydrochem.com.au, google.com","cleanteqwater.com, hydrochem.com.au","cleanteqwater.com, hydrochem.com.au, centurionaprs.com, fileder.co.uk, aquascience.com.au, filtecwater.com, scaada.com.au","completehomefiltration.com.au, cleanteqwater.com, wateranalytics.com.au, prwater.com.au, hydrochem.com.au, centurionaprs.com, qmaxpumping.com.au, lutra.com.au, waterfilter.direct, lpage.com.au, scaada.com.au","cleanteqwater.com, carefree.com.au, hydrochem.com.au, lutra.com.au, centurionaprs.com","prwater.com.au, cleanteqwater.com, centurionaprs.com, hydrochem.com.au"
reverse osmosis water system for home,,20,,0.195947521865889,0.804052478134111,0.408163265306122,0.37931033174792,0.620689633769323,1.38,,1.38,0,,0,0.0,,0.0,6,8,,filtersystemsaustralia.com.au,False,False,filtersystemsaustralia.com.au,,"wateranalytics.com.au, purewaterfiltration.com.au","drinkrippl.com, filtersystemsaustralia.com.au, waterfilter.net.au, wateranalytics.com.au",,
whole home water filtration perth,,,,,,,,,,,,,,,,,,20,,,,False,False,"wateranalytics.com.au, aquastream.com.au, puremainswater.com.au, nexahomesolutions.com.au","wateranalytics.com.au, cloudtap.com.au, greatwaterfilters.com.au, hiltonplumbing.com.au, filtermate.com.au, pumpsnpipes.com","wateranalytics.com.au, purewaterfiltration.com.au, clearhavenwaterfiltration.com.au, comparewaterfilters.com.au, cloudtap.com.au, hiltonplumbing.com.au, waterfilterman.com.au, aquariuswaterfilters.com.au, hydrotechgroup.com.au","dolphinhomefiltration.com.au, cloudtap.com.au, puremainswater.com.au, wateranalytics.com.au, clear2o.com.au, ecovenza.com","cloudtap.com.au, wateranalytics.com.au, puremainswater.com.au","waterfilter.com.au, cloudtap.com.au, wateranalytics.com.au, urbanfuture.com.au, aquariuswaterfilters.com.au"
water filtration plumber geelong vic,,,,,,,,,,,,,,,,,,1,,,,False,False,wateranalytics.com.au,,,,,
rapid/x6 heat pump perth,,,,,,,,,,,,,,,,,,19,,,,False,False,"hiltonplumbing.com.au, powrhouse.au, reece.com.au, hotwatersystemsperth.com.au, plumberperth.net.au","hiltonplumbing.com.au, powrhouse.au, kalamundaplumbing.com.au, pure-electric.com.au, hurricaneair.com.au, reece.com.au",hiltonplumbing.com.au,"powrhouse.au, hiltonplumbing.com.au, cadenceplumbingperth.com.au, reece.com.au, solargain.com.au","cadenceplumbingperth.com.au, hiltonplumbing.com.au, powrhouse.au, solargain.com.au, papasplumbingandgas.com.au, rheem.com.au","hiltonplumbing.com.au, powrhouse.au, solargain.com.au, papasplumbingandgas.com.au, kalamundaplumbing.com.au, reclaimenergy.com.au"
best house water filter system,,19,,,,,,,,,,,,,,,,4,13,,aquasafe.com.au,False,False,,filtersystemsaustralia.com.au,,"wateranalytics.com.au, filtersystemsaustralia.com.au, daveywater.com, waterfilter.net.au",,
offline filtration in nsw,,,,,,,,,,,,,,,,,,8,,,,False,False,"wateranalytics.com.au, google.com",russellfinex.com,"pearlfiltration.com.au, fltr.com.au, vafmemstar.com.au, brotherfiltration.com",fltr.com.au,"fltr.com.au, russellfinex.com","indux.com.au, fltr.com.au, russellfinex.com, wateranalytics.com.au"
victorian energy upgrades program hot water,,,,,,,,,6.66,,6.66,0,,0,0.0,,0.0,45,5,,agl.com.au,False,False,"rozeair.com.au, pure-electric.com.au, google.com, baysideachw.com, racv.com.au","racv.com.au, greenuser.com.au","goldsure.com.au, carbonsavers.com.au, australiangreensolution.com.au, rheem.com.au, ecovantage.com.au, solargain.com.au, haierhome.com.au, solarchoice.net.au, baysideachw.com, secvictoria.com.au, easyelectricsec.com.au, reece.com.au, evoheat.com.au, racv.com.au, greensource.net.au, optenergy.com.au, seheatingandcooling.com.au","gstore.com.au, offgassolutions.com.au, carbonsavers.com.au, goldsure.com.au, australiangreensolution.com.au, ecoorigin.com.au, hot-water-melbourne.com.au, optenergy.com.au, evoheat.com.au, baysideachw.com, solar.vic.gov.au, rheem.com.au","australiangreensolution.com.au, carbonsavers.com.au, rheem.com.au, energy.vic.gov.au, hot-water-melbourne.com.au, ecoorigin.com.au, solar.vic.gov.au, optenergy.com.au, wilsonhotwater.com.au, greensource.net.au, enquirytoday.com.au, gjbradding.com.au, goldsure.com.au","optenergy.com.au, australiangreensolution.com.au, carbonsavers.com.au, 247northmelbourneplumber.com.au, australianenergyupgrades.com.au, newimageplumbing.net.au, ontimeplumbingmelb.com.au, ecoorigin.com.au, rheem.com.au, alder.com.au, newgensolar.com.au, energy.vic.gov.au, solargain.com.au, greenenv.com.au, evoheat.com.au, enquirytoday.com.au, hot-water-melbourne.com.au, coldflow.net.au, haierhome.com.au"
water filtration companies,,,,0.384744801512287,0.615255198487713,0.391304347826087,0.0714285688775511,0.928571395408164,2.05,,2.05,0,,0,6.09,,6.09,18,,,,False,False,"prwater.com.au, ecpwaterfilter.com, thinkwater.com.au","wateranalytics.com.au, ecpwaterfilter.com, aquapax.com.au, hydrochem.com.au","ecpwaterfilter.com, wateranalytics.com.au, hydrochem.com.au, uvguard.com, southlandfiltration.com.au, filtecwater.com, greatwaterfilters.com.au, ovio.com, valueh2o.com.au, bespokewater.com.au","collisbrosplumbing.com.au, bespokewater.com.au, hydrochem.com.au, filtap.com.au, cleanandclearwater.com.au, filtecwater.com, homewaterfiltration.com.au, wateranalytics.com.au, neighbourhoodwaterfiltration.com.au, greatwaterfilters.com.au",,
house filtration system,,,,0.695,0.305,0.366666666666667,,,,,,,,,,,,31,,,,False,False,"wateranalytics.com.au, google.com, shieldwaterfilter.com.au, filtermate.com.au, waterfilter.com.au, filtersforyou.com.au, mrsplashplumbing.com.au","wateranalytics.com.au, smarth2o.com.au, waterfilter.com.au","networkplumbing.com.au, filtersystemsaustralia.com.au, wateranalytics.com.au, cleanandclearwater.com.au, filpure.com.au, thinkwater.com.au, comparewaterfilters.com.au, lovable.app","filtersystemsaustralia.com.au, smartenergy.co, wateranalytics.com.au, purestwaterfiltration.com.au, cleanandclearwater.com.au, cameronsplumbing.com.au, filtap.com.au, networkplumbing.com.au","smartenergy.co, waterfilter.com.au, filtap.com.au, reactiveplumbingandelectrical.com.au, filtersystemsaustralia.com.au, cleanandclearwater.com.au, purestwaterfiltration.com.au, filpure.com.au, wateranalytics.com.au, aquastream.com.au","cleanandclearwater.com.au, filpure.com.au, filtersystemsaustralia.com.au, wateranalytics.com.au, purestwaterfiltration.com.au, filtap.com.au, cameronsplumbing.com.au, smartenergy.co, thinkwater.com.au, waterfilter.com.au"
water filter for home without electricity,,,,,,,,,,,,,,,,,,5,,,,False,False,"purafion.com, wateranalytics.com.au, blissfulhome.com.au, earthtank.com.au, filtersystemsaustralia.com.au",,,,,
pure water filtration,,,,,,,,,,,,0,,0,6.35,,6.35,13,36,,cooeewater.com.au,False,False,"purewaterfiltration.com.au, tryselene.com.au",purewaterfiltration.com.au,"smartenergy.co, wateranalytics.com.au, cleanandclearwater.com.au, waterfilter.direct, incrediblypure.com.au, waterfilter.com.au, purewatersystems.com.au","alkaviva.com.au, saferwater.com","purewaterfiltration.com.au, wateranalytics.com.au, cleanandclearwater.com.au","purewatersystems.com.au, puurefilters.com, waterfilter.com.au, cleanandclearwater.com.au, wateranalytics.com.au, filtersystemsaustralia.com.au"
water filter for house,,,,0.646074849632435,0.353925150367565,0.432835820895522,0.289473676592798,0.710526297091413,1.86,,1.86,0,,0,0.0,,0.0,9,15,,purestwaterfiltration.com.au,False,False,,"completehomefiltration.com.au, wateranalytics.com.au, puremainswater.com.au, filtersystemsaustralia.com.au","filtersystemsaustralia.com.au, wateranalytics.com.au, philips.com.au, homewaterfiltration.com.au, waterfilterdistributors.com.au, filteredwatersolutions.com.au, cleanandclearwater.com.au",,,
free hot water system for nsw,,,,,,,,,,,,,,,,,,14,,,,False,False,"sanden-hot-water.com.au, google.com",sanden-hot-water.com.au,"sanden-hot-water.com.au, atomichotwater.com.au, powerbay.com.au","rheem.com.au, sanden-hot-water.com.au, atomichotwater.com.au","wateranalytics.com.au, simplyhotwaterperth.com.au, sanden-hot-water.com.au, atomichotwater.com.au, energytick.com.au, baysideachw.com, powerbay.com.au, sarroshotwater.com.au","sanden-hot-water.com.au, wateranalytics.com.au, accreditedpower.com.au, goodbyegas.com.au, simplyhotwaterperth.com.au, dspg.com.au, hiltonplumbing.com.au"
whole home water filtration system mandurah,,,,,,,,,,,,,,,,,,10,,,,False,False,"wateranalytics.com.au, urbanfuture.com.au, westozwaterfilters.com.au, protocol-plumbing.com.au, cloudtap.com.au, purewaterfiltration.com.au, google.com","protocol-plumbing.com.au, urbanfuture.com.au, westflowfiltration.com.au, bhcplumbingwa.com.au, wateranalytics.com.au, westozwaterfilters.com.au, homewaterfiltration.com.au, google.com",,,,
drinking water filter system for home,,,,,,,,,3.7,,3.7,0,,0,173.79,,173.79,12,,,,False,False,"ecovera.au, waterfilter.com.au, purewaterfiltration.com.au","wateranalytics.com.au, hiltonplumbing.com.au, hydrotechgroup.com.au",filtersystemsaustralia.com.au,"thewaterfiltrationcompany.com.au, filpure.com.au, wateranalytics.com.au, completehomefiltration.com.au, cleanandclearwater.com.au","completehomefiltration.com.au, filtap.com.au, wateranalytics.com.au, filtersystemsaustralia.com.au",
water tank filtration system,,,,,,,,,1.44,,1.44,0,,0,27.72,,27.72,8,2,,electel.net.au,False,False,"filtersystemsaustralia.com.au, puretec.com.au, thinkwater.com.au, wateranalytics.com.au, filtermate.com.au, hydrosmart.com.au",filtersystemsaustralia.com.au,"filtersystemsaustralia.com.au, wateranalytics.com.au, puretec.com.au, asctanks.com.au",,completehomefiltration.com.au,
reverse osmosis filter sydney,,21,,,,,,,,,,,,,,,,19,13,,filtersystemsaustralia.com.au,False,False,"wateranalytics.com.au, waterscoaustralia.com.au, google.com, aquaserve.com.au, filtersforyou.com.au, cleanandclearwater.com.au, aewaterfilters.com, filtersystemsaustralia.com.au","cleanandclearwater.com.au, google.com","filtap.com.au, cleanandclearwater.com.au, purewaterfiltration.com.au, filtersystemsaustralia.com.au, wateranalytics.com.au, lovable.app, minthomefiltration.com",filtersystemsaustralia.com.au,"filtap.com.au, waterfilter.com.au, cleanandclearwater.com.au, filteredwatersolutions.com.au, filpure.com.au, bespokewater.com.au","filtersystemsaustralia.com.au, filtap.com.au, filpure.com.au"
complete home water filtration,,12,,,,,,,2.92,,2.92,0,,0,0.0,,0.0,6,7,,completehomefiltration.com.au,False,False,"homewaterfiltration.com.au, distillo.com.au, realwater.au, waterscoaustralia.com.au",waterfilter.com.au,"waterfilter.com.au, wateranalytics.com.au",,,
victorian government hot water replacement scheme,,11,,,,,,,,,,,,,,,,51,1,,energy.vic.gov.au,False,False,"agl.com.au, kingandsonsplumbing.com.au, energysaversco.com, gstore.com.au, hotwaterprofessionals.com.au, beelplumbing.com.au, localplumbinggroup.com.au, racv.com.au, solahartgeelong.com.au, expertplumbing.com.au, pure-electric.com.au, google.com","greenuser.com.au, kingandsonsplumbing.com.au, racv.com.au, smartenergytechnologies.com.au, carbonsavers.com.au","australiangreensolution.com.au, secvictoria.com.au, solargain.com.au, carbonsavers.com.au, goldsure.com.au, solarchoice.net.au, ecovantage.com.au, racv.com.au, colbycool.com.au, optenergy.com.au","goldsure.com.au, carbonsavers.com.au, australiangreensolution.com.au, solar.vic.gov.au, wilsonhotwater.com.au, tapmanplumbing.com.au, australianenergyupgrades.com.au, secvictoria.com.au, evoheat.com.au, unrivalledpg.com.au, energyupgrader.com.au","carbonsavers.com.au, australiangreensolution.com.au, optenergy.com.au, goldsure.com.au, gjbradding.com.au, rheem.com.au, wilsonhotwater.com.au, austarenergy.com.au, energy.vic.gov.au, ecoorigin.com.au, kingandsonsplumbing.com.au, energyupgrader.com.au","optenergy.com.au, ecoorigin.com.au, australianenergyupgrades.com.au, australiangreensolution.com.au, energy.vic.gov.au, borderheatingandcooling.com.au, carbonsavers.com.au, kingandsonsplumbing.com.au, rheem.com.au, t-corp.com.au, rgrplumbingservices.com.au, enquirytoday.com.au, goldsure.com.au"
water filter perth cost,,,,,,,,,,,,,,,,,,2,,,,False,False,aquastream.com.au,wateranalytics.com.au,,,,
water filtration plumber mackay qld,,,,,,,,,,,,,,,,,,2,,,,False,False,"wateranalytics.com.au, thebisiplumber.com.au",,,,,
water purifier price,,,,,,,,,1.19,,1.19,0,,0,0.0,,0.0,3,12,,justdial.com,False,False,wateranalytics.com.au,"philips.com.au, wtw.org",,,,
heat pumps hot water,,,,,,,,,,,,,,,,,,19,4,,agl.com.au,False,False,google.com,"hitechhotwater.com.au, rheem.com.au, wateranalytics.com.au, evoheat.com.au, fixnflow.com.au, wilcoplumbing.com.au, drleakplumbing.com.au, reece.com.au, reclaimenergy.com.au, agl.com.au, appliancesonline.com.au","hitechhotwater.com.au, reclaimenergy.com.au, reece.com.au, solarchoice.net.au, sanden-hot-water.com.au, solahart.com.au, drleakplumbing.com.au, wateranalytics.com.au, haierhome.com.au",,,
water testing perth,,11,,,,,,,1.49,,1.49,0,,0,21.07,,21.07,6,8,,health.wa.gov.au,False,False,,"westsoilandwater.com.au, aquascience.com.au","wateranalytics.com.au, hydrotechgroup.com.au, westsoilandwater.com.au, westflowfiltration.com.au, safewaterlab.com.au",,,
wollongong water filters,,,,,,,,,,,,,,,,,,25,,,,False,False,"thewateralchemists.com.au, google.com, shieldwaterfilter.com.au, waterscoaustralia.com.au","thewateralchemists.com.au, inflowfilter.com, cleanandclearwater.com.au, wateranalytics.com.au","eliteplumbinggroup.com, google.com, watershop.com.au, filpure.com.au, cleannectarine.com.au, filtap.com.au, inflowfilter.com, cleanandclearwater.com.au","eliteplumbinggroup.com, filtap.com.au, filpure.com.au, watershop.com.au, cleanandclearwater.com.au","filtap.com.au, cleanandclearwater.com.au, waterfilter.com.au, filpure.com.au, filteredwatersolutions.com.au, watershop.com.au","filtap.com.au, cleanandclearwater.com.au, completehomefiltration.com.au, filtersystemsaustralia.com.au, filteredwatersolutions.com.au, waterfilter.com.au, essentialservicesgroup.com.au, culligan.com.au"
water filters wollongong,,42,,,,,,,2.31,,2.31,0,,0,1.98,,1.98,24,31,,hydrosafe.au,False,False,"purewatersystems.com.au, southernfiltration.com.au, inflowfilter.com, thewateralchemists.com.au, waterscoaustralia.com.au, shieldwaterfilter.com.au, google.com","wateranalytics.com.au, purewatersystems.com.au, filtersystemsaustralia.com.au, mrsplashplumbing.com.au","eliteplumbinggroup.com, cleanandclearwater.com.au, filtap.com.au, google.com, southernfiltration.com.au, filtersystemsaustralia.com.au, psifilters.com.au, filpure.com.au, watershop.com.au","filtap.com.au, eliteplumbinggroup.com","filtap.com.au, waterfilter.com.au, filpure.com.au, thewateralchemists.com.au, wateranalytics.com.au, dolphinhomefiltration.com.au","cleanandclearwater.com.au, filtap.com.au, filtersystemsaustralia.com.au"
water experts,,,,,,,,,,,,,,,,,,1,,,,False,False,wateranalytics.com.au,,,,,
under sink water filtration system sydney,,,,,,,,,,,,,,,,,,29,,,,False,False,"filtersforyou.com.au, aquaserve.com.au, cleanandclearwater.com.au, freshfilteredwater.com.au, google.com, waterfilterdistributors.com.au, aewaterfilters.com, waterscoaustralia.com.au, waterfilter.net.au, filpure.com.au, filteredwatersolutions.com.au","cleanandclearwater.com.au, filtersystemsaustralia.com.au, comparewaterfilters.com.au, minthomefiltration.com, filtap.com.au, wateranalytics.com.au, earthtank.com.au, holyh2o.com.au, linkplumbing.com.au, google.com","filtap.com.au, filtersystemsaustralia.com.au, filpure.com.au, cleanandclearwater.com.au, lovable.app, wateranalytics.com.au, buildmat.com.au, doulton.com, filteredwatersolutions.com.au","filpure.com.au, filtap.com.au, purewaterfiltration.com.au, cleanandclearwater.com.au","filtap.com.au, waterfilter.com.au, filpure.com.au, cleanandclearwater.com.au, filteredwatersolutions.com.au","filtap.com.au, cleanandclearwater.com.au"
whole house water filtration,,,,0.519263958953875,0.480736041046125,0.265560165975104,0.276836156628044,0.723163837722238,1.89,,1.89,2,,2,716.13,,716.13,10,22,,freshwatersystems.com.au,False,False,waterfilter.com.au,aquastream.com.au,"filtersystemsaustralia.com.au, wateranalytics.com.au","filtersystemsaustralia.com.au, wateranalytics.com.au, puretec.com.au, daveywater.com, cleanandclearwater.com.au","wateranalytics.com.au, filtersystemsaustralia.com.au, puretec.com.au",filtersystemsaustralia.com.au
heat pump hot water cylinder,,29,,,,,,,0.73,,0.73,0,,0,3.7,,3.7,23,4,,rheem.com.au,False,False,"fallonsolutions.com.au, google.com, brisbanehotwaterservices.com.au, agl.com.au, appliancesonline.com.au","fallonsolutions.com.au, brisbanehotwaterservices.com.au, reece.com.au, agl.com.au","reece.com.au, theplumbinggang.com, thermastore.com.au, 1stchoicehotwater.com.au","fallonsolutions.com.au, wateranalytics.com.au, reece.com.au, appliancesonline.com.au, choice.com.au, istore.net.au","reece.com.au, fallonsolutions.com.au, evoheat.com.au, iansplumbing.com.au",
hot water systems central coast,,24,,,,,,,23.46,,23.46,0,,0,0.33,,0.33,46,10,,centralcoasthotwater.com.au,False,False,"wateriteplumbingsealing.com.au, advancedplumbingcare.com, marksplumbingcentralcoast.com.au, hitechhotwater.com.au, google.com, fluidplumbingservices.com.au, elyonplumbercentralcoast.com.au, impactelectrical.com.au, clearwaterplumbingnsw.com.au, obrienplumbingandroofing.com.au, infrontplumbing.com.au, claysplumbing.com.au","hitechhotwater.com.au, lordsplumbing.com.au, miracle-plumbing.com, wateriteplumbingsealing.com.au, rheem.com.au, samedayhomeservices.com.au, obrienplumbingandroofing.com.au, jetworksplumbing.com.au, wilcoplumbing.com.au, plumbingdoctors.com.au, clearwaterplumbingnsw.com.au, marksplumbingcentralcoast.com.au","localchoice.com.au, fixnflow.com.au, wateriteplumbingsealing.com.au, solahart.com.au, plumbingdoctors.com.au, obrienppc.com, 1upplumbing.com.au, coastplumber.com.au, impactelectrical.com.au, partridgeplumbing.com.au, beachsideplumbingandgas.com.au, bunnings.com.au, completecoastplumbing.com.au, hoganhotwaterandair.com.au, obrienplumbingandroofing.com.au, fluidplumbingservices.com.au, trueflowplumbing.net.au","wateriteplumbingsealing.com.au, infinityhotwater.com.au, obrienppc.com, trueflowplumbing.net.au, coastplumber.com.au, fixnflow.com.au, bunnings.com.au, hitechhotwater.com.au, plumbingdoctors.com.au","coastplumber.com.au, craigsplumbing.com.au, newcastlehotwaterservice.com.au, hitechhotwater.com.au, bunnings.com.au, plumbingdoctors.com.au, wateriteplumbingsealing.com.au, completecoastplumbing.com.au, infinityhotwater.com.au, champion-plumbing.com.au, heatpumpboys.com.au, clearwaterplumbingnsw.com.au",coastplumber.com.au
air heat pump system,,,,,,,,,,,,,,,,,,11,,,,False,False,"wateranalytics.com.au, reclaimenergy.com.au, hitechhotwater.com.au, reece.com.au, green.com.au, solahart.com.au, choice.com.au, drleakplumbing.com.au, ahhac.com.au, huntheat.com.au","hitechhotwater.com.au, solahart.com.au, haierhome.com.au, reece.com.au, green.com.au",,,,
water analytics,,11,,,,,,,,,,,,,,,,2,12,,wateranalytics.com.au,False,False,"wateranalytics.com.au, waterscoaustralia.com.au",wateranalytics.com.au,,,,
clean water at home,,,,,,,,,,,,,,,,,,2,,,,False,False,"wateranalytics.com.au, blissfulhome.com.au",,,,,
heat pump hot water system reviews,,9,,,,,,,1.56,,1.56,0,,0,0.0,,0.0,9,1,,solarchoice.net.au,False,False,"solarchoice.net.au, solahart.com.au, hitechhotwater.com.au, agl.com.au, rheem.com.au, jrgasandwater.com.au","salmonplumbing.com.au, jrgasandwater.com.au, choice.com.au","wateranalytics.com.au, choice.com.au",,,
hydronic heat pump,,11,,0.180714285714286,0.819285714285714,0.25,,,2.05,,2.05,0,,0,39.44,,39.44,33,5,,huntheat.com.au,False,False,google.com,"intaflo.com, solsticeplumbing.com.au","huntheat.com.au, reece.com.au, intaflo.com, fallonsolutions.com.au, haierhome.com.au, baysideachw.com, comfortheat.com.au","trimech.com.au, huntheat.com.au, daikin.com.au, intaflo.com, danfoss.com, reece.com.au, hydroheat.com.au, dpphydronics.com.au, cambro.com.au, tcksolar.com.au, wateranalytics.com.au, gippslandhydronics.com.au, ahhac.com.au, allseasonshvac.com.au","trimech.com.au, huntheat.com.au, intaflo.com, daikin.com.au","heataire.au, tcksolar.com.au, mckinnonheating.com.au, intaflo.com"
best water filters in australia,,,,,,,,,,,,,,,,,,5,18,,filtersystemsaustralia.com.au,False,False,,,,,,
heat pump rebate nsw,,12,,,,,,,,,,0,,0,0.25,,0.25,7,1,,nsw.gov.au,False,False,sanden-hot-water.com.au,sanden-hot-water.com.au,"reece.com.au, sanden-hot-water.com.au, greenuser.com.au, solarbatterygroup.com.au, buildmat.com.au, wateranalytics.com.au, powerbay.com.au",,,
whole home water purification systems,,,,,,,,,,,,,,,,,,3,,,,False,False,"waterfilter.com.au, wateranalytics.com.au, puremainswater.com.au",,,,,
solar hybrid water heater,,,,,,,,,,,,,,,,,,11,,,,False,False,positiveenergy.com.au,"gstore.com.au, solargain.com.au, hot-water-melbourne.com.au, wateranalytics.com.au, carbonsavers.com.au, solar.vic.gov.au, rheem.com.au, mahoneydasilva.com.au, solarflow.com.au, envirosun.au",hot-water-melbourne.com.au,"rheem.com.au, solargain.com.au, gstore.com.au, solarflow.com.au",rheem.com.au,
drinking water testing,,,,0.532655749377003,0.467344250622997,0.452830188679245,0.206896544589774,0.793103420927468,2.07,,2.07,0,,0,42.86,,42.86,2,7,,manjimup.wa.gov.au,False,False,"wateranalytics.com.au, sigmaaldrich.com",wateranalytics.com.au,,,,
ultraviolet water treatment system,,,,,,,,,,,,,,,,,,4,0,,makwater.com.au,False,False,"ultraaqua.com, filtersystemsaustralia.com.au, wateranalytics.com.au",uvguard.com,uvguard.com,,,
best limescale treatment for whole house,,,,,,,,,,,,,,,,,,5,,,,False,False,filtersystemsaustralia.com.au,"filtersystemsaustralia.com.au, wateranalytics.com.au, activflo.com.au","wateranalytics.com.au, filtersystemsaustralia.com.au, carefree.com.au","wateranalytics.com.au, alkaviva.com.au",,
hard water to soft water filter,,,,,,,,,,,,,,,,,,3,,,,False,False,"hydrosmart.com.au, filtersystemsaustralia.com.au, wateranalytics.com.au",,,,,
whole house fluoride filter,,,,,,,,,1.13,,1.13,0,,0,2.93,,2.93,10,7,,quora.com,False,False,"wateranalytics.com.au, filtersystemsaustralia.com.au, puretec.com.au, fullhousewaterfiltration.com.au, waterscoaustralia.com.au","wateranalytics.com.au, aquala.au, filtersystemsaustralia.com.au, puretec.com.au, homewaterfiltration.com.au, waterscoaustralia.com.au, cloudtap.com.au, micronwaterfilters.com.au",,,,
whole house water softener and filter system,,,,,,,,,,,,,,,,,,7,,,,False,False,"filtersystemsaustralia.com.au, thinkwater.com.au, wateranalytics.com.au","wateranalytics.com.au, filtersystemsaustralia.com.au","completehomefiltration.com.au, wilcoplumbing.com.au, wateranalytics.com.au, filpure.com.au, purestwaterfiltration.com.au","completehomefiltration.com.au, wateranalytics.com.au, filtersystemsaustralia.com.au, purestwaterfiltration.com.au",,
water softener for hard water,,15,,,,,,,,,,,,,,,,4,2,,clarencewaterfilters.com.au,False,False,,"hydrosmart.com.au, wateranalytics.com.au, filtersystemsaustralia.com.au",,,,
under sink water filters wollongong,,,,,,,,,,,,,,,,,,19,,,,False,False,"shieldwaterfilter.com.au, pearlwaterfilters.com.au, cleanandclearwater.com.au","filtap.com.au, filteredwatersolutions.com.au, cleanandclearwater.com.au, filtersystemsaustralia.com.au, novoh2o.com.au, psifilters.com.au, filpure.com.au, wateranalytics.com.au, greatwaterfilters.com.au, inflowfilter.com","filtap.com.au, filteredwatersolutions.com.au, cleanandclearwater.com.au","filtap.com.au, filteredwatersolutions.com.au, cleanandclearwater.com.au, filpure.com.au, waterfilter.com.au","filteredwatersolutions.com.au, filtap.com.au, cleanandclearwater.com.au, filtersystemsaustralia.com.au","filtap.com.au, cleanandclearwater.com.au, puretec.com.au, filtersystemsaustralia.com.au, essentialservicesgroup.com.au"
whole house water filter perth,,17,,,,,,,1.99,,1.99,0,,0,40.33,,40.33,14,25,,waterfilter.com.au,False,False,"wateranalytics.com.au, puremainswater.com.au, nexahomesolutions.com.au, aquastream.com.au, dolphinhomefiltration.com.au","hydrotechgroup.com.au, wateranalytics.com.au, purewaterfiltration.com.au, urbanfuture.com.au, filtersystemsaustralia.com.au, comparewaterfilters.com.au, hiltonplumbing.com.au",purewaterfiltration.com.au,,"wateranalytics.com.au, filtersystemsaustralia.com.au",
filtration system for home,,,,,,,,,,,,,,,,,,4,13,,freshwatersystems.com.au,False,False,"wateranalytics.com.au, filtersystemsaustralia.com.au, cleanandclearwater.com.au",,,,completehomefiltration.com.au,
water filtration systems for the home,,,,,,,,,2.14,,2.14,0,,0,6.37,,6.37,5,17,,freshwatersystems.com.au,False,False,"waterfilter.com.au, google.com, aquastream.com.au, wateranalytics.com.au","aquastream.com.au, wateranalytics.com.au, waterfilter.com.au",wateranalytics.com.au,completehomefiltration.com.au,,completehomefiltration.com.au
water filteration wollongong,,,,,,,,,,,,,,,,,,21,,,,False,False,"aquaserve.com.au, google.com, wateranalytics.com.au, shieldwaterfilter.com.au","wateranalytics.com.au, filpure.com.au, cleanandclearwater.com.au, filteredwatersolutions.com.au, hydrosmart.com.au, comparewaterfilters.com.au, purewaterfiltration.com.au","purpleduck.com.au, google.com, filpure.com.au, filtap.com.au, safemains.com.au, wateranalytics.com.au, comparewaterfilters.com.au, minthomefiltration.com, cleanandclearwater.com.au, greengroupplumbing.com.au","filtap.com.au, wateranalytics.com.au","filtap.com.au, wateranalytics.com.au","wateranalytics.com.au, filtersystemsaustralia.com.au, filtap.com.au, filteredwatersolutions.com.au, cleanandclearwater.com.au"
best water filtration systems for whole house,,,,,,,,,,,,,,,,,,4,19,,waterfilter.com.au,False,False,,,,,,completehomefiltration.com.au
healthy water systems,,,,,,,,,,,,,,,,,,5,,,,False,False,"purewatersystems.com.au, filtersystemsaustralia.com.au",filtersystemsaustralia.com.au,"carefree.com.au, filtersystemsaustralia.com.au, natureflow.io, wateranalytics.com.au",,,
home water filter system cost,,19,,,,,,,,,,,,,,,,9,8,,reddit.com,False,False,,,,,,"wateranalytics.com.au, purewaterfiltration.com.au, completehomefiltration.com.au, jilawater.com.au, filteredwatersolutions.com.au, homewaterfiltration.com.au, filtap.com.au, filtermate.com.au, waterfilterguy.com.au"
home water solutions,,,,0.69077910734562,0.30922089265438,0.467289719626168,,,,,,,,,,,,4,,,,False,False,"demandfiltration.com.au, homewaterfiltration.com.au, google.com","homewaterfiltration.com.au, wateranalytics.com.au","homewaterfiltration.com.au, wateranalytics.com.au",,,
rainwater purification,,,,,,,,,,,,,,,,,,6,3,,tankdoctor.com.au,False,False,"puretec.com.au, filtersystemsaustralia.com.au, thinkwater.com.au, psifilters.com.au",,"aquapax.com.au, puretec.com.au, thinkwater.com.au, wateranalytics.com.au",,,
filter water systems,,,,,,,,,2.08,,2.08,0,,0,2.9,,2.9,7,38,,cooeewater.com.au,False,False,"filtersystemsaustralia.com.au, novoh2o.com.au, cleanandclearwater.com.au, wateranalytics.com.au, filpure.com.au","filtersystemsaustralia.com.au, filpure.com.au","waterfilter.com.au, filtersystemsaustralia.com.au, cleanandclearwater.com.au, wateranalytics.com.au",filtersystemsaustralia.com.au,,
hot water pump system,,,,,,,,,2.34,,2.34,0,,0,4.05,,4.05,10,7,,energy.gov,False,False,"installedtoday.com.au, fallonsolutions.com.au, solahart.com.au, wateranalytics.com.au, brisbanehotwaterservices.com.au, salmonplumbing.com.au","solahart.com.au, fallonsolutions.com.au, hitechhotwater.com.au, istore.net.au","theplumbinggang.com, solahart.com.au, nibe.co.uk","fallonsolutions.com.au, solahart.com.au, theplumbinggang.com",,
house water filter systems,,,,,,,,,3.47,,3.47,0,,0,0.0,,0.0,6,17,,filtersystemsaustralia.com.au,False,False,,,,,"wateranalytics.com.au, filtersystemsaustralia.com.au, waterscoaustralia.com.au, micronwaterfilters.com.au, fullhousewaterfiltration.com.au",waterfilter.com.au
under sink water filter perth,,45,,,,,,,2.04,,2.04,0,,0,0.0,,0.0,23,17,,filtersystemsaustralia.com.au,False,False,"hiltonplumbing.com.au, google.com, aussienaturalfiltration.com.au, wateranalytics.com.au","hiltonplumbing.com.au, cloudtap.com.au, urbanfuture.com.au, greatwaterfilters.com.au, shieldwaterfilter.com.au, aussienaturalfiltration.com.au, google.com","westflowfiltration.com.au, hiltonplumbing.com.au, filtersystemsaustralia.com.au, blufrog.com.au, cloudtap.com.au, wateranalytics.com.au, psifilters.com.au","waterfilter.com.au, purewaterfiltration.com.au, wateranalytics.com.au, cloudtap.com.au, neighbourhoodwaterfiltration.com.au, hiltonplumbing.com.au, greatwaterfilters.com.au, filtersystemsaustralia.com.au, westflowfiltration.com.au, water2.com, inflowfilter.com","cloudtap.com.au, urbanfuture.com.au, waterfilter.com.au, westflowfiltration.com.au, greatwaterfilters.com.au","waterfilter.com.au, hiltonplumbing.com.au, cloudtap.com.au, hydrotechgroup.com.au, shenton.com.au, greatwaterfilters.com.au, filtersystemsaustralia.com.au, urbanfuture.com.au, wateranalytics.com.au, micronwaterfilters.com.au, waterdropfilter.com.au, waterfilter.net.au, puretec.com.au"
whole house water filtration system cost,,20,,0.525555555555556,0.474444444444444,0.333333333333333,,,,,,,,,,,,4,5,,fluidplumbingservices.com.au,False,False,wateranalytics.com.au,,"wateranalytics.com.au, thinkwater.com.au, filtersystemsaustralia.com.au, daveywater.com",,,
reverse osmosis drinking water filtration system,,,,,,,,,,,,,,,,,,14,,,,False,False,"puretec.com.au, philips.com.au, filtersforyou.com.au, aquala.au, waterscoaustralia.com.au, google.com, shieldwaterfilter.com.au","filtersystemsaustralia.com.au, cleanandclearwater.com.au, philips.com.au, tappwater.com.au, wateranalytics.com.au, waterscoaustralia.com.au",filtersystemsaustralia.com.au,filtersystemsaustralia.com.au,filtersystemsaustralia.com.au,filtersystemsaustralia.com.au
home water filtration system service,,,,,,,,,,,,,,,,,,33,,,,False,False,"filtersforyou.com.au, aquaserve.com.au, mrsplashplumbing.com.au, brisbaneflowplumbing.com.au, aewaterfilters.com, salmonplumbing.com.au, plumbingbros.com.au","filtap.com.au, cleanandclearwater.com.au, networkplumbing.com.au, samedayhomeservices.com.au, lovable.app, collisbrosplumbing.com.au, mrfixplumbing.com.au, jaycoplumbing.com.au, wateranalytics.com.au, spsplumbers.com.au","cleanandclearwater.com.au, samedayhomeservices.com.au, fullhousewaterfiltration.com.au, collisbrosplumbing.com.au, filteredwatersolutions.com.au, filtap.com.au","emergencyhomeservices.com.au, filtap.com.au, cleanandclearwater.com.au, fullhousewaterfiltration.com.au, cameronsplumbing.com.au, wilcoplumbing.com.au, hydraflo.com.au, collisbrosplumbing.com.au, samedayhomeservices.com.au","emergencyhomeservices.com.au, filtap.com.au, cleanandclearwater.com.au, thewaterfiltrationcompany.com.au, fixnflow.com.au, mrfixplumbing.com.au, filpure.com.au, wilcoplumbing.com.au, fullhousewaterfiltration.com.au, filteredwatersolutions.com.au","filtap.com.au, wateranalytics.com.au, cleanandclearwater.com.au, fullhousewaterfiltration.com.au, thewaterfiltrationcompany.com.au, purpleduck.com.au, wilcoplumbing.com.au, jaycoplumbing.com.au, emergencyhomeservices.com.au"
household water filter,,53,,0.552142857142857,0.447857142857143,0.321428571428571,,,1.51,,1.51,0,,0,66.72,,66.72,4,28,,filtersystemsaustralia.com.au,False,False,,"filtersystemsaustralia.com.au, wateranalytics.com.au, puretec.com.au, alkaviva.com.au",,,,
home filtration,,39,,,,,,,,,,,,,,,,9,29,,completehomefiltration.com.au,False,False,"google.com, inflowfilter.com, aquastream.com.au, puremainswater.com.au","wateranalytics.com.au, aquastream.com.au",aquariuswaterfilters.com.au,wateranalytics.com.au,,
house water filter system,,38,,0.708475665748393,0.291524334251607,0.439393939393939,0.378378368151936,0.621621604821038,,,,,,,,,,10,14,,filtersystemsaustralia.com.au,False,False,wateranalytics.com.au,"filtersystemsaustralia.com.au, pureflowfiltration.com.au","homewaterfiltration.com.au, filtersystemsaustralia.com.au",,"filtersystemsaustralia.com.au, filpure.com.au, wateranalytics.com.au, cleanandclearwater.com.au, waterfilterdistributors.com.au, puretec.com.au",
reverse osmosis water filter perth wa,,,,,,,,,,,,,,,,,,7,,,,False,False,"filtersystemsaustralia.com.au, carawater.com.au","purewaterfiltration.com.au, filtersystemsaustralia.com.au, wateranalytics.com.au","hydrotechgroup.com.au, cloudtap.com.au, neighbourhoodwaterfiltration.com.au, purewaterfiltration.com.au, filtersystemsaustralia.com.au",,,
air to water heat pump,,15,,0.482620027434842,0.517379972565158,0.275132275132275,0.248175180670254,0.751824812030476,3.02,,3.02,0,,0,22.34,,22.34,11,4,,daikin.com,False,False,,,,,"wateranalytics.com.au, reece.com.au, hitechhotwater.com.au, gippslandhydronics.com.au, mhiaa.com.au, macon.com.cn","wateranalytics.com.au, mhiaa.com.au, hitechhotwater.com.au, solarchoice.net.au, reclaimenergy.com.au, solahart.com.au, haierhome.com.au, sanden-hot-water.com.au"
water filter for eczema perth,,,,,,,,,,,,,,,,,,11,,,,False,False,"watego.com.au, google.com, inflowfilter.com, dolphinhomefiltration.com.au, ecobud.com.au, wateranalytics.com.au","wellverti.com.au, alkaviva.com.au, inflowfilter.com, holyh2o.com.au, wateranalytics.com.au, aussienaturalfiltration.com.au, filteredbeauty.com.au",,,,
water softening systems,,4,,0.600883487654321,0.399116512345679,0.430555555555556,0.29268291969066,0.707317055919096,1.8,,1.8,0,,0,8.09,,8.09,3,0,,harveynorman.com.au,False,False,,wateranalytics.com.au,,,completehomefiltration.com.au,"completehomefiltration.com.au, wateranalytics.com.au, hydrosmart.com.au"
undersink water filter perth,,,,,,,,,1.36,,1.36,0,,0,0.0,,0.0,33,23,,aussienaturalfiltration.com.au,False,False,"hiltonplumbing.com.au, google.com, aussienaturalfiltration.com.au, jimsplumbing.com.au, shieldwaterfilter.com.au","hiltonplumbing.com.au, purewatersystems.com.au, filtersystemsaustralia.com.au, blufrog.com.au, greatwaterfilters.com.au, google.com","cloudtap.com.au, hiltonplumbing.com.au, inflowfilter.com, waterdropfilter.com.au, h2ostores.com","waterfilter.com.au, floworxplumbing.com.au, aquariuswaterfilters.com.au, purewaterfiltration.com.au, hiltonplumbing.com.au, hydrotechgroup.com.au, cloudtap.com.au, waterfilter.net.au, inflowfilter.com, waterscoaustralia.com.au, waterdropfilter.com.au, wateranalytics.com.au, neighbourhoodwaterfiltration.com.au, filtersystemsaustralia.com.au, blissfulhome.com.au","cloudtap.com.au, waterfilter.com.au, hiltonplumbing.com.au, urbanfuture.com.au, puretec.com.au, wateranalytics.com.au, filtersystemsaustralia.com.au","waterscoaustralia.com.au, inflowfilter.com, waterfilter.com.au, cloudtap.com.au, urbanfuture.com.au, westflowfiltration.com.au, wateranalytics.com.au"
drinking water filter system,,10,,0.663133174791914,0.336866825208086,0.402298850574713,0.355769227348373,0.644230763036243,2.83,,2.83,0,,0,8.73,,8.73,5,8,,filtersystemsaustralia.com.au,False,False,,,wateranalytics.com.au,"completehomefiltration.com.au, filtap.com.au, waterfilter.net.au, wateranalytics.com.au, cleanandclearwater.com.au",,
drinking water filter installation ballina,,,,,,,,,,,,,,,,,,6,,,,False,False,google.com,wateranalytics.com.au,"homewaterfiltration.com.au, valueh2o.com.au, wateranalytics.com.au, pacificsprings.com.au, nicheplumbingbyronbay.com",,,
water filtration system service,,,,,,,,,,,,,,,,,,27,,,,False,False,"aquaserve.com.au, filtersforyou.com.au, hydrochem.com.au, google.com","spsplumbers.com.au, centurionaprs.com, linkplumbing.com.au","jaycoplumbing.com.au, spsplumbers.com.au, filpure.com.au, cleanandclearwater.com.au, samedayhomeservices.com.au, filtersystemsaustralia.com.au, collisbrosplumbing.com.au, centurionaprs.com, filteredwatersolutions.com.au, minthomefiltration.com, purpleduck.com.au","wateranalytics.com.au, samedayhomeservices.com.au, filpure.com.au, collisbrosplumbing.com.au, uvguard.com, cleanandclearwater.com.au, wilcoplumbing.com.au","emergencyhomeservices.com.au, jaycoplumbing.com.au, filtersystemsaustralia.com.au, cleanandclearwater.com.au, filteredwatersolutions.com.au, wilcoplumbing.com.au, filtap.com.au",emergencyhomeservices.com.au
whole house water treatment systems,,,,0.552863395337093,0.447136604662907,0.311926605504587,,,,,,,,,,,,9,11,,freshwatersystems.com.au,False,False,"cleanandclearwater.com.au, wateranalytics.com.au, filtap.com.au, cuiyuantrade.com",homewaterfiltration.com.au,wateranalytics.com.au,filtersystemsaustralia.com.au,waterfilter.com.au,completehomefiltration.com.au
whole house reverse osmosis,,19,,0.645099129801097,0.354900870198903,0.293981481481481,0.350819670980919,0.649180325740392,2.74,,2.74,0,,0,0.35,,0.35,7,7,,waterfilter.com.au,False,False,,"filtersystemsaustralia.com.au, fullhousefiltration.com.au, pureflowfiltration.com.au, cleanandclearwater.com.au, tryselene.com.au",wateranalytics.com.au,,"filtersystemsaustralia.com.au, drinkrippl.com, wateranalytics.com.au",
water filter installation gold coast qld,,,,,,,,,,,,,,,,,,1,,,,False,False,wateranalytics.com.au,,,,,
heat pump water heater system,,,,,,,,,,,,,,,,,,11,6,,energy.gov,False,False,"picklesplumbingandelectrical-srp.com.au, climateplus.com.au, firstchoiceplumbingcanberra.com.au, todayplumbing.au, actewagl.com.au",atcplumbing.com.au,"nibe.co.uk, wateranalytics.com.au, heatpumpboys.com.au","canberrahotwatersystems.com.au, econrg.au",,
air source heat pump cost,,,,0.401952662721893,0.598047337278106,0.326923076923077,0.171428566530612,0.82857140489796,,,,0,,0,2.2,,2.2,10,,,,False,False,"reece.com.au, wateranalytics.com.au, hitechhotwater.com.au, accreditedpower.com.au, devexsystems.com.au, rheemthermal.com.au, drleakplumbing.com.au, green.com.au, agl.com.au","reece.com.au, wateranalytics.com.au, hitechhotwater.com.au, powerworldhp.com, drleakplumbing.com.au",,,,
fluoride reduction water filter,,,,,,,,,,,,,,,,,,18,4,,cooeewater.com.au,False,False,"shieldwaterfilter.com.au, alkalineworld.com.au, waterscoaustralia.com.au, google.com, zazenalkalinewater.com.au, inflowfilter.com, aquala.au, puretec.com.au, wellverti.com.au","waterscoaustralia.com.au, filtersystemsaustralia.com.au, puurefilters.com",ecobud.com.au,"waterscoaustralia.com.au, waterfilter.com.au, inflowfilter.com, filtersystemsaustralia.com.au, waterdropfilter.com.au","ecobud.com.au, bespokewater.com.au, waterfilter.com.au, waterscoaustralia.com.au",lushifilter.com
home water filtering systems,,,,,,,,,,,,,,,,,,3,19,,aquasafe.com.au,False,False,,"completehomefiltration.com.au, wateranalytics.com.au, puretec.com.au",,completehomefiltration.com.au,completehomefiltration.com.au,
tap water filtration perth,,,,,,,,,,,,,,,,,,6,,,,False,False,"puremainswater.com.au, wateranalytics.com.au, google.com","hiltonplumbing.com.au, wateranalytics.com.au, inflowfilter.com",purewaterfiltration.com.au,,,
heat pump hot water system prices,,,,,,,,,,,,,,,,,,20,1,,simplyhotwaterperth.com.au,False,False,"hitechhotwater.com.au, 1stchoicehotwater.com.au, ufoplumbing.com.au, solarchoice.net.au, solahart.com.au, google.com","sanden-hot-water.com.au, appliancesonline.com.au, theplumbinggang.com, brisbaneflowplumbing.com.au, hitechhotwater.com.au, speedyhotwater.com.au, evoheat.com.au, haierhome.com.au, todayplumbing.au, prestigeplumbingact.com.au, jrgasandwater.com.au","thehotwatergang.com.au, evoheat.com.au","reece.com.au, wateranalytics.com.au, appliancesonline.com.au, powerbay.com.au, theplumbinggang.com",,
reverse osmosis system for home,,,,0.442576177285319,0.557423822714681,0.302631578947368,0.415094331790673,0.584905649341403,1.51,,1.51,0,,0,0.01,,0.01,7,7,,philips.com.au,False,False,"puretec.com.au, aquala.au",filtersystemsaustralia.com.au,"filtersystemsaustralia.com.au, wateranalytics.com.au, psifilters.com.au, waterdropfilter.com.au",,,
whole home water softener,,,,0.640011806375443,0.359988193624557,0.298701298701299,0.462962954389575,0.537037027091907,,,,,,,,,,2,9,,waterfilter.com.au,False,False,wateranalytics.com.au,,,completehomefiltration.com.au,,
hard water filtration system,,25,,0.63848,0.36152,0.48,,,0.44,,0.44,0,,0,2.31,,2.31,24,13,,filtersystemsaustralia.com.au,False,False,"google.com, filtersforyou.com.au, inflowfilter.com, wateranalytics.com.au, aquaserve.com.au, shieldwaterfilter.com.au, filtersystemsaustralia.com.au, cleanandclearwater.com.au, purewaterfiltration.com.au, puretapaustralia.com.au","wateranalytics.com.au, mrsplashplumbing.com.au","filtersystemsaustralia.com.au, wateranalytics.com.au, cleanandclearwater.com.au, safemains.com.au, filtap.com.au, filpure.com.au, minthomefiltration.com, lovable.app","filtap.com.au, wateranalytics.com.au, cleanandclearwater.com.au, hydrosmart.com.au, safemains.com.au","cleanandclearwater.com.au, waterfilter.com.au, filtap.com.au, filteredwatersolutions.com.au, wateranalytics.com.au, filpure.com.au, filtersystemsaustralia.com.au","filtersystemsaustralia.com.au, filpure.com.au, wateranalytics.com.au, alkaviva.com.au, fullhousewaterfiltration.com.au, springwellwater.com, filtap.com.au, waterfilter.com.au, cleanandclearwater.com.au"
home water filtration systems cost,,,,,,,,,,,,,,,,,,4,11,,aquastream.com.au,False,False,,,completehomefiltration.com.au,,"completehomefiltration.com.au, wateranalytics.com.au, cleanandclearwater.com.au, purestwaterfiltration.com.au",completehomefiltration.com.au
rain water tank filter system,,15,,,,,,,,,,,,,,,,12,3,,tankshop.com.au,False,False,"puretec.com.au, shieldwaterfilter.com.au, aussienaturalfiltration.com.au, filtersystemsaustralia.com.au",,"filtersystemsaustralia.com.au, uvguard.com, puretec.com.au",thinkwater.com.au,uvguard.com,"cloudtap.com.au, puretec.com.au, filtermate.com.au, wateranalytics.com.au, filtersystemsaustralia.com.au"
best reverse osmosis water filtration system for home,,,,,,,,,,,,,,,,,,8,,,,False,False,"filtersystemsaustralia.com.au, wateranalytics.com.au, purewaterfiltration.com.au","filtersystemsaustralia.com.au, wateranalytics.com.au, waterfilter.net.au, waterdropfilter.com.au, comparewaterfilters.com.au","wateranalytics.com.au, filtersystemsaustralia.com.au, cloudtap.com.au, hydrotechgroup.com.au, waterdropfilter.com.au",,,
best water filter system for drinking water,,,,,,,,,,,,,,,,,,3,,,,False,False,"filtersystemsaustralia.com.au, culligan.com.au, wateranalytics.com.au",,,,,
the best water filtration system,,31,,,,,,,,,,,,,,,,3,11,,reddit.com,False,False,,,,,,
domestic heat pump water heater,,23,,,,,,,,,,,,,,,,4,3,,solarchoice.net.au,False,False,,"wateranalytics.com.au, fallonsolutions.com.au, gstore.com.au, powerbay.com.au",,,,
wollongong water filtration,,,,,,,,,,,,,,,,,,25,,,,False,False,"thewateralchemists.com.au, greatwaterfilters.com.au, filpure.com.au, aquaserve.com.au, southernfiltration.com.au, google.com, cleanandclearwater.com.au, wateranalytics.com.au, shieldwaterfilter.com.au","cleanandclearwater.com.au, wateranalytics.com.au","eliteplumbinggroup.com, filtap.com.au, cleanandclearwater.com.au, purpleduck.com.au, google.com, southernfiltration.com.au, minthomefiltration.com","eliteplumbinggroup.com, wateranalytics.com.au, cleanandclearwater.com.au, filtap.com.au, filpure.com.au","cleanandclearwater.com.au, filtap.com.au, daveywater.com, valueh2o.com.au, filpure.com.au","filtersystemsaustralia.com.au, filtap.com.au, cleanandclearwater.com.au, completehomefiltration.com.au, wateranalytics.com.au, alkaviva.com.au, filteredwatersolutions.com.au, valueh2o.com.au, watershop.com.au"
water filtration services,,60,,,,,,,,,,,,,,,,32,42,,completehomefiltration.com.au,False,False,"clearlyfiltered.com, uswatersystems.com, frizzlife.com, aquaserve.com.au, cleanandclearwater.com.au, hydrochem.com.au, mackenzysplumbing.com, leafhomewatersolutions.com, sweetwaterhomeservices.com, centurionaprs.com, mrsplashplumbing.com.au, ifilters.com","purewaterfiltration.com.au, hydrochem.com.au, wateranalytics.com.au, filtersystemsaustralia.com.au, aquatru.com, frizzlife.com, shieldwaterfilter.com.au, centurionaprs.com","hydrochem.com.au, filtersystemsaustralia.com.au, mypurewater.com, collisbrosplumbing.com.au, centurionaprs.com, purewaterfiltration.com.au, cleanandclearwater.com.au","hydrochem.com.au, fullhousewaterfiltration.com.au, wateranalytics.com.au, centurionaprs.com, waterfiltrationsupply.com, glacierfreshfilter.com, clearlyfiltered.com, uk-water-filters.co.uk, ifilters.com, wateranywhere.com",hydrochem.com.au,"hydrochem.com.au, kindwater.com, bluedropwater.com, filtersystemsaustralia.com.au, homedepot.com, aquakleartech.com.au"
ion exchange water softener,,6,,0.531349112426036,0.468650887573964,0.353846153846154,0.214285709183674,0.785714267006803,,,,,,,,,,6,0,,pentair.com,False,False,,,,"cleanteqwater.com, completehomefiltration.com.au, wateranalytics.com.au, thewaterfiltrationcompany.com.au, daveywater.com","completehomefiltration.com.au, filtersystemsaustralia.com.au, wateranalytics.com.au, cleanteqwater.com",
heat pumps for hot water heating systems,,23,,,,,,,1.01,,1.01,0,,0,2.0,,2.0,2,4,,choice.com.au,False,False,,"wateranalytics.com.au, powerbay.com.au",,,,
heat pump hot water hobart,,,,,,,,,,,,,,,,,,31,,,,False,False,"mulcahyelectrical.com.au, hobarthotwatergroup.com.au, modernhydronics.com.au, cityplumbing-srp.net.au, istore.net.au, google.com, rcboelectrical-srp.com.au","solahart.com.au, iwantenergy.com.au, egstas.com, daikin.com.au","solahart.com.au, auroraenergy.com.au, egstas.com, reece.com.au, wateranalytics.com.au, rosettagroup.com.au, southernair.com.au, rcboelectrical-srp.com.au, iwantenergy.com.au, hobarthotwatergroup.com.au, cmaxgroup.com.au","solahart.com.au, rosettagroup.com.au, cmaxgroup.com.au, reece.com.au, egstas.com, iwantenergy.com.au, southernair.com.au, auroraenergy.com.au, istore.net.au","rosettagroup.com.au, egstas.com, cmaxgroup.com.au, istore.net.au, local-plumbing-tas.com.au, solahart.com.au, reece.com.au, bunnings.com.au","cmaxgroup.com.au, egstas.com, southernair.com.au, wateranalytics.com.au, wefs.com.au, reclaimenergy.com.au, reece.com.au, solahart.com.au, istore.net.au, modernhydronics.com.au, envirosun.au, dtpowertech.com.au, solarscheme.com.au, rosettagroup.com.au, expertelectricaltas.com.au"
sparkling maker,,,,,,,,,,,,,,,,,,13,,,,False,False,"sodastream.com.au, google.com, sodatap.com.au, twenty39.com.au, 10bestdeals.co, wateranalytics.com.au, choice.com.au, kitchenwarehouse.com.au","sodastream.com.au, bevi.co, modawater.com","roamwater.com, sodastream.com.au","bevi.co, sodastream.com.ar, aarke.us",bevi.co,
water filtration brisbane,,,,,,,,,2.36,,2.36,0,,0,9.31,,9.31,12,29,,cooeewater.com.au,False,False,"purewaterfiltration.com.au, filtersystemsaustralia.com.au, google.com, leakfreeplumbingsolutions.com.au, fastfixdrains.com.au, pacificsprings.com.au, wateranalytics.com.au, homewaterfiltration.com.au, filtecwater.com","filtermate.com.au, greatwaterfilters.com.au",,,,completehomefiltration.com.au
in house water filter system,,28,,,,,,,,,,,,,,,,9,10,,filtersystemsaustralia.com.au,False,False,,filtersystemsaustralia.com.au,"bestcoast.com.au, aquastream.com.au",,"completehomefiltration.com.au, wateranalytics.com.au, purestwaterfiltration.com.au, filtersystemsaustralia.com.au, cleanandclearwater.com.au, filpure.com.au, filtap.com.au","completehomefiltration.com.au, wateranalytics.com.au, cleanandclearwater.com.au, filtap.com.au, purestwaterfiltration.com.au"
bore water filtration systems perth,,,,,,,,,,,,,,,,,,14,,,,False,False,"boresaver.com.au, aquastream.com.au, bluewaterbores.com, nexahomesolutions.com.au","hydrosmart.com.au, waterfilterman.com.au, cloudtap.com.au","waterfilterman.com.au, westflowfiltration.com.au, hydrosmart.com.au, wateranalytics.com.au, purewaterfiltration.com.au, allwestbr.com.au","hydrosmart.com.au, waterfilterman.com.au","boresaver.com.au, cloudtap.com.au, advantagebores.com.au, hydrotechgroup.com.au, dolphinhomefiltration.com.au",
water filter sparkling,,,,,,,,,,,,,,,,,,4,,,,False,False,waterdropfilter.com.au,"wateranalytics.com.au, sodatap.com.au, zipwater.com",,,,
domestic water treatment systems,,,,,,,,,,,,,,,,,,8,,,,False,False,"hydrosmart.com.au, suncityhotwater.com.au, sunshinecoastwaterfilters.com.au, filtersystemsaustralia.com.au, wateranalytics.com.au, trendhs.com.au, aquastream.com.au, puremainswater.com.au",,,,,
water purifier perth,,47,,,,,,,,,,,,,,,,23,44,,mywaterfilter.com.au,False,False,"wateranalytics.com.au, hiltonplumbing.com.au, google.com, puremainswater.com.au, waterscoaustralia.com.au, jimsplumbing.com.au, dolphinhomefiltration.com.au","waterscoaustralia.com.au, wateranalytics.com.au, inflowfilter.com, aussienaturalfiltration.com.au","purewaterfiltration.com.au, wateranalytics.com.au, waterdropfilter.com.au","wateranalytics.com.au, aquariuswaterfilters.com.au, hydrotechgroup.com.au, waterfilter.com.au, urbanfuture.com.au, neighbourhoodwaterfiltration.com.au, dolphinhomefiltration.com.au, puremainswater.com.au, purewaterfiltration.com.au, westflowfiltration.com.au","cloudtap.com.au, wateranalytics.com.au, urbanfuture.com.au, greatwaterfilters.com.au, waterfilter.net.au, waterfilter.com.au, hydrotechgroup.com.au","waterfilter.com.au, cloudtap.com.au, urbanfuture.com.au, wateranalytics.com.au, drinkrippl.com, westflowfiltration.com.au, puremainswater.com.au, hydrotechgroup.com.au"
what is the best water filter,,12,,0.574093983624066,0.425906016375934,0.39622641509434,,,,,,,,,,,,5,7,,reddit.com,True,False,,,,,,"waterscoaustralia.com.au, wateranalytics.com.au"
air heat pump,,,,0.4570625,0.5429375,0.425,0.173913035916825,0.826086920604916,,,,0,,0,0.61,,0.61,5,3,,agl.com.au,False,False,"sydmech.com.au, wateranalytics.com.au","wateranalytics.com.au, haierhome.com.au, solahart.com.au, mhiaa.com.au",,,,
water filtration system for entire home,,,,,,,,,,,,,,,,,,2,11,,aquasafe.com.au,False,False,,completehomefiltration.com.au,,completehomefiltration.com.au,"completehomefiltration.com.au, wateranalytics.com.au",
best water filtration systems for the home,,,,,,,,,,,,,,,,,,3,15,,goodhousekeeping.com,False,False,,,,,completehomefiltration.com.au,"completehomefiltration.com.au, wateranalytics.com.au, purestwaterfiltration.com.au"
water filter systems sydney,,,,,,,,,3.04,,3.04,0,,0,0.0,,0.0,17,32,,freshwatersystems.com.au,False,False,"hydraflo.com.au, filtersystemsaustralia.com.au, filtersforyou.com.au, aquaserve.com.au, google.com, cleanandclearwater.com.au","hydraflo.com.au, cleanandclearwater.com.au, collisbrosplumbing.com.au, rixsplumbing.com.au","wateranalytics.com.au, hydraflo.com.au, samedayhomeservices.com.au, filtap.com.au, cleanandclearwater.com.au, collisbrosplumbing.com.au, minthomefiltration.com","filtersystemsaustralia.com.au, purestwaterfiltration.com.au, filtap.com.au, cleanandclearwater.com.au, filpure.com.au, collisbrosplumbing.com.au",filpure.com.au,"clickcease.com, filtersystemsaustralia.com.au, filtap.com.au, purestwaterfiltration.com.au"
best home water filtration system,,20,,0.515733419209935,0.484266580790065,0.353448275862069,0.151111110439506,0.848888885116049,2.35,,2.35,0,,0,3.73,,3.73,9,10,,puretec.com.au,False,False,,wateranalytics.com.au,"wateranalytics.com.au, trendhs.com.au, sunshinecoastwaterfilters.com.au, filtersystemsaustralia.com.au","smartenergy.co, wateranalytics.com.au",filtersystemsaustralia.com.au,"wateranalytics.com.au, filtersystemsaustralia.com.au, sunshinecoastwaterfilters.com.au, waterfilter.net.au"
water filtration companies near me,,,,0.351804733727811,0.648195266272189,0.346153846153846,,,2.06,,2.06,0,,0,0.0,,0.0,6,,,,False,False,thinkwater.com.au,"thinkwater.com.au, wateranalytics.com.au, filtersystemsaustralia.com.au, cuiyuantrade.com","thinkwater.com.au, wateranalytics.com.au, aquapax.com.au, puratap.com.au",,,
heat pump newcastle,,,,,,,,,,,,,,,,,,15,,,,False,False,"heatpumpboys.com.au, hoganhotwaterandair.com.au, thepoolheatingco.com, amurray.com.au","heatpumpboys.com.au, dvacservices.com.au","heatpumpboys.com.au, hoganhotwaterandair.com.au, dvacservices.com.au, newcastleemergencyplumbing.com.au","heatpumpboys.com.au, picklesplumbingandelectrical-srp.com.au","tozerair.com.au, advantageplumbingsolutions.com.au","lordsplumbing.com.au, heatpumpboys.com.au"
heat pump water heaters pros and cons,,,,0.387489589530042,0.612510410469958,0.329268292682927,0.0727272714049587,0.927272710413224,,,,,,,,,,6,0,,energy.gov,False,False,"wateranalytics.com.au, powerbay.com.au, samedayhotwaterservice.com.au, choice.com.au","samedayhotwaterservice.com.au, choice.com.au, powerbay.com.au","appliancesonline.com.au, samedayhotwaterservice.com.au, choice.com.au, wateranalytics.com.au",newgensolar.com.au,,
home water filter,,46,,0.669277470780967,0.330722529219033,0.414335664335664,0.33432835721096,0.665671639803965,1.81,,1.81,0,,0,91.39,,91.39,4,24,,filtersystemsaustralia.com.au,False,False,,homewaterfiltration.com.au,,,"completehomefiltration.com.au, wateranalytics.com.au, filpure.com.au","completehomefiltration.com.au, wateranalytics.com.au"
affordable reverse osmosis water filter​,,,,,,,,,,,,,,,,,,16,,,,False,False,"waterscoaustralia.com.au, philips.com.au, inflowfilter.com, filtersforyou.com.au, wateranalytics.com.au, kuvings.com.au, google.com, shieldwaterfilter.com.au, kogan.com, tappwater.com.au","philips.com.au, filtersystemsaustralia.com.au, amazon.com.au",waterdropfilter.com.au,"ecpwaterfilter.com, filpure.com.au","filtersystemsaustralia.com.au, filpure.com.au","filpure.com.au, filtersystemsaustralia.com.au"
hot water installation melbourne,,31,,,,,,,22.21,,22.21,0,,0,5.4,,5.4,84,9,,atcplumbing.com.au,False,False,"callhomefirstservices.com.au, hotwatersolution.com.au, millbrookplumbers.com.au, 247northmelbourneplumber.com.au, plumbermelbournesuburb.com.au, irwinsplumbing.com.au, osheaplumbing.com.au, google.com, baysidelocalplumber.com.au, vichotwater.com.au, servicetoday.com.au, ontimeplumbingmelb.com.au, kingandsonsplumbing.com.au, thedrainmate.com.au, heatingcoolingsystems.com.au, outrightplumbing.com.au, triplezeroplumbing.com.au, firstoptionplumbing.com.au, mkplumb.com.au, eighteenpg.netlify.app, mdtradeworks.com.au, personalplumbingsolutions.com.au, fast-hotwater.com.au, titanplumbingandroofing.com.au, 24hourplumbing.net.au","outrightplumbing.com.au, vichotwater.com.au, irwinsplumbing.com.au, hotwatersolution.com.au, titanplumbingandroofing.com.au, 247melbourneplumbers.com.au, callhomefirstservices.com.au, millbrookplumbers.com.au, fast-hotwater.com.au, iansplumbing.com.au, rgrplumbingservices.com.au, lilleysplumbingandgasfitting.com.au, whitehorseplumbing.com.au, plumbermelbournesuburb.com.au, baysidelocalplumber.com.au, 247northmelbourneplumber.com.au, kingandsonsplumbing.com.au, westmelbourneplumbing.com.au, ontimeplumbingmelb.com.au, 24hourplumbing.net.au, homefirstservices.com.au, harryslocalplumbing.com.au, myplumbingservices.com.au, heatingcoolingsystems.com.au, malvernplumber.com.au, osheaplumbing.com.au, frankstonlocalplumbing.com.au, appeservices.com.au, personalplumbingsolutions.com.au, urgentcareplumbing.com.au, google.com","millbrookplumbers.com.au, vichotwater.com.au, frankstonlocalplumbing.com.au, irwinsplumbing.com.au, malvernplumber.com.au, callhomefirstservices.com.au, fixnflickplumbing.com, appeservices.com.au, hotwatersolution.com.au, myplumbingservices.com.au, baysidelocalplumber.com.au, rgrplumbingservices.com.au, servicetoday.com.au, alleasternplumbing.com.au, plumbermelbournesuburb.com.au, ontimeplumbingmelb.com.au, masterplumberservices.com.au, fast-hotwater.com.au, osheaplumbing.com.au, urgentcareplumbing.com.au, hotwaterprofessionals.com.au, cmplumbing.au, thedrainmate.com.au, atplumbingmelbourne.com.au, fixitrightplumbing.com.au, firstoptionplumbing.com.au, kingandsonsplumbing.com.au, southmelbournelocalplumber.com.au, titanplumbingandroofing.com.au, heatingcoolingsystems.com.au","irwinsplumbing.com.au, iansplumbing.com.au, hotwatersolution.com.au, vichotwater.com.au, localplumbermornington.com.au, callhomefirstservices.com.au, 24hourplumbing.net.au, ferntreegullylocalplumber.com.au, appeservices.com.au, ontimeplumbingmelb.com.au, triplezeroplumbing.com.au, lilleysplumbingandgasfitting.com.au, plumbermelbournesuburb.com.au, 247melbourneplumbers.com.au, royalflushed.com, baysidelocalplumber.com.au, titanplumbingandroofing.com.au, malvernplumber.com.au, frankstonlocalplumbing.com.au, kingandsonsplumbing.com.au, southmelbournelocalplumber.com.au, airify.au, rgrplumbingservices.com.au, samedayheating.com.au, alleasternplumbing.com.au, servicetoday.com.au, coopgroup.au, expertlocalplumber.com.au, millbrookplumbers.com.au, fixnflickplumbing.com, outrightplumbing.com.au, dandenongplumber.com.au, fixitrightplumbing.com.au, flowsafepl.com.au","kingandsonsplumbing.com.au, rgrplumbingservices.com.au, mcphersonplumbingvic.com.au, ontimeplumbingmelb.com.au, baysidelocalplumber.com.au, easycareplumbingmelb.com.au, atplumbingmelbourne.com.au, vichotwater.com.au, hotwatersolution.com.au, irwinsplumbing.com.au, servicetoday.com.au, iansplumbing.com.au, localplumbermornington.com.au, titanplumbingandroofing.com.au, pureflowplumbingvic.com.au, tapmanplumbing.com.au, callhomefirstservices.com.au, millbrookplumbers.com.au, mpng.com.au, firstoptionplumbing.com.au, expertlocalplumber.com.au, 24hourplumbing.net.au, thewaterboy.com.au, melbdrains.com.au","rgrplumbingservices.com.au, solahart.com.au, localplumbermornington.com.au"
home water filtration perth,,,,,,,,,2.28,,2.28,0,,0,0.0,,0.0,17,34,,alkimosplumbingandgas.com.au,False,False,"wateranalytics.com.au, richosplumbingandgas.com.au, google.com, aquastream.com.au, puremainswater.com.au","wateranalytics.com.au, westflowfiltration.com.au, hiltonplumbing.com.au, greatwaterfilters.com.au, coastrunnerplumbingandgas.com.au","waterfilterman.com.au, hydrotechgroup.com.au, purewaterfiltration.com.au, wateranalytics.com.au, aquariuswaterfilters.com.au, westflowfiltration.com.au, hiltonplumbing.com.au","pure2o.com.au, dolphinhomefiltration.com.au, wateranalytics.com.au, waterfilter.com.au, purewaterfiltration.com.au",hydrotechgroup.com.au,"wateranalytics.com.au, waterfilter.com.au, cloudtap.com.au"
hot water efficiency incentives,,,,,,,,,,,,,,,,,,9,,,,False,False,"google.com, agl.com.au",agl.com.au,"hotwater.com.au, hotwatertek.com.au, agl.com.au, adelaidewesthotwater.com.au","agl.com.au, hotwater.com.au, hotwatertek.com.au",reclaimenergy.com.au,"hotwater.com.au, hotwatertek.com.au"
whole house water softener,,15,,0.586876811026705,0.413123188973295,0.272566371681416,0.338199512559125,0.661800485007785,1.18,,1.18,0,,0,55.15,,55.15,4,3,,waterfilter.com.au,False,False,,"wateranalytics.com.au, bestcoast.com.au, filtersystemsaustralia.com.au, hiltonplumbing.com.au",,filtersystemsaustralia.com.au,,
house filter,,14,,0.778,0.222,0.7,,,1.25,,1.25,0,,0,0.0,,0.0,2,15,,filtersystemsaustralia.com.au,False,False,,"filtersystemsaustralia.com.au, wateranalytics.com.au",filtersystemsaustralia.com.au,,,
water softener systems,,,,0.579893544893413,0.420106455106587,0.359050445103858,0.31481481432899,0.685185184127801,1.7,,1.7,0,,0,0.02,,0.02,6,9,,energy.gov,False,False,"filtersystemsaustralia.com.au, completehomefiltration.com.au, wateranalytics.com.au, fullhousefiltration.com.au, hydrosmart.com.au",,,,,
water filter system for home,,48,,0.522130382260806,0.477869617739194,0.389140271493213,0.340740738216735,0.659259254375857,2.57,,2.57,0,,0,28.59,,28.59,21,15,,puretec.com.au,False,False,"wateranalytics.com.au, inflowfilter.com, waterfilter.com.au","waterfilter.com.au, filpure.com.au, wateranalytics.com.au, homewaterfiltration.com.au, filtersystemsaustralia.com.au, puratap.com.au","purestwaterfiltration.com.au, wateranalytics.com.au, homewaterfiltration.com.au",networkplumbing.com.au,"smartenergy.co, reactiveplumbingandelectrical.com.au, purestwaterfiltration.com.au, filtersystemsaustralia.com.au",wateranalytics.com.au
water tank filtration,,,,,,,,,1.47,,1.47,0,,0,14.15,,14.15,5,3,,electel.net.au,False,False,"filtersystemsaustralia.com.au, puretec.com.au, rainwaterfiltration.com.au, wateranalytics.com.au",,,,completehomefiltration.com.au,
fluoride water filter australia,,13,,,,,,,1.54,,1.54,0,,0,0.0,,0.0,22,5,,aquasafe.com.au,False,False,"waterscoaustralia.com.au, carawater.com.au, purewatersystems.com.au, inflowfilter.com, google.com, zazenalkalinewater.com.au, alkalineworld.com.au, ecobud.com.au, holyh2o.com.au, betterwaterbetteryou.com.au","waterscoaustralia.com.au, puretec.com.au","holyh2o.com.au, wateranalytics.com.au, waterscoaustralia.com.au, filtersystemsaustralia.com.au, kynandfolk.com, ecobud.com.au, tappwater.com.au, lovable.app","waterscoaustralia.com.au, ecobud.com.au, purewater4life.com.au, evolvedh2o.com, kynandfolk.com","waterfilter.com.au, waterscoaustralia.com.au",waterscoaustralia.com.au
home water treatment,,,,0.560828924162258,0.439171075837742,0.46031746031746,0.205882346885813,0.794117623702423,1.1,,1.1,0,,0,18.2,,18.2,1,,,,False,False,wateranalytics.com.au,,,,,
heat pumps hobart,,21,,,,,,,1.6,,1.6,0,,0,21.6,,21.6,29,19,,parrair.com.au,False,False,"mulcahyelectrical.com.au, sitelift.site, rcboelectrical-srp.com.au, google.com, auroraenergy.com.au","rcboelectrical-srp.com.au, sitelift.site","egstas.com, cetas.com.au, rcboelectrical-srp.com.au, southernair.com.au, cmaxgroup.com.au, greenerrace.com.au, mhiaa.com.au, auroraenergy.com.au, solahart.com.au, mitsubishielectric.com.au","southernair.com.au, egstas.com, modernhydronics.com.au, iwantenergy.com.au, cetas.com.au, solahart.com.au, cmaxgroup.com.au, niceandcoolhvac.com, obrien-energy.com.au, rcboelectrical-srp.com.au, auroraenergy.com.au, wefs.com.au","wefs.com.au, cmaxgroup.com.au, cetas.com.au, dtpowertech.com.au, contactgroup.com.au, egstas.com, southernair.com.au, solahart.com.au, rcboelectrical-srp.com.au","cmaxgroup.com.au, wateranalytics.com.au, cetas.com.au, djkelectricalair-srp.com.au, dtpowertech.com.au, wefs.com.au, egstas.com, modernhydronics.com.au, southernair.com.au"
entire house water filtration system,,,,,,,,,,,,,,,,,,6,14,,youtube.com,False,False,aquastream.com.au,"wateranalytics.com.au, aquastream.com.au, cloudtap.com.au, westozwaterfilters.com.au","wateranalytics.com.au, aquastream.com.au",,waterfilter.com.au,
water softener system commercial,,,,,,,,,,,,,,,,,,7,,,,False,False,"filtersystemsaustralia.com.au, fltr.com.au","demandfiltration.com.au, wateranalytics.com.au, filtersystemsaustralia.com.au, waterform.com.au","filtersystemsaustralia.com.au, hydrosmart.com.au",hillwater.com,,
best whole house water filtration and softener system,,,,0.366466532605573,0.633533467394427,0.313559322033898,0.234567898338668,0.765432089315653,,,,,,,,,,3,,,,False,False,"filtersystemsaustralia.com.au, wateranalytics.com.au",wateranalytics.com.au,"wateranalytics.com.au, filtersystemsaustralia.com.au, alkaviva.com.au",,,
water filters central coast,,33,,,,,,,4.57,,4.57,0,,0,14.98,,14.98,32,37,,centralcoastwaterfiltration.com.au,False,False,"purewatersystems.com.au, wateranalytics.com.au, culligan.com, waterscoaustralia.com.au, google.com, shieldwaterfilter.com.au, alkalineworld.com.au, zazenalkalinewater.com.au, cleanandclearwater.com.au","filtersystemsaustralia.com.au, purewatersystems.com.au, cleanandclearwater.com.au, wateranalytics.com.au, carawater.com.au, ecobud.com.au, inflowfilter.com","filtersystemsaustralia.com.au, wateranalytics.com.au, greatwaterfilters.com.au, comparewaterfilters.com.au, minthomefiltration.com, filteredwatersolutions.com.au, watershop.com.au, filpure.com.au","cleanandclearwater.com.au, filtersystemsaustralia.com.au, wateranalytics.com.au, filtap.com.au","filtersystemsaustralia.com.au, filteredwatersolutions.com.au","filtersystemsaustralia.com.au, waterfilter.com.au"
hot water heater upgrade,,,,,,,,,,,,,,,,,,23,,,,False,False,"agl.com.au, hotwater.com.au, marshallplumbingandrenovations.com, southadelaidepg.com.au","hotwater.com.au, rightnowplumbingadelaide.com.au, irwinsplumbing.com.au","hotwatertek.com.au, localchoice.com.au, irwinsplumbing.com.au, jackslocalplumbing.com.au, calladelaideexpertplumbing.com.au, levelau.com.au, hotwater.com.au, yourlocaltradesman.com.au, lpage.com.au, saexpressplumbing.com.au","reclaimenergy.com.au, hotwatertek.com.au, bensplumbing.com.au, irwinsplumbing.com.au, jackslocalplumbing.com.au, koalaplumbingadelaide.com.au, hotwater.com.au, localchoice.com.au","hotwater.com.au, lpage.com.au, reliableplumberadelaide.com.au, hotwatertek.com.au","lpage.com.au, saexpressplumbing.com.au, hotwater.com.au, andrewevansplumbing.com.au, hotwatertek.com.au, wateranalytics.com.au"
whole home water purification,,,,,,,,,,,,0,,0,2.21,,2.21,4,8,,freshwatersystems.com.au,False,False,wateranalytics.com.au,aquastream.com.au,wateranalytics.com.au,,,
full house filtration system,,24,,,,,,,,,,,,,,,,21,8,,puretec.com.au,False,False,"google.com, wateranalytics.com.au, waterfilter.com.au, filtersforyou.com.au, aquaserve.com.au, homefiltrationsystems.com, aewaterfilters.com, mrsplashplumbing.com.au","wateranalytics.com.au, filtersystemsaustralia.com.au, waterfilter.com.au, mrsplashplumbing.com.au, puretec.com.au, google.com","networkplumbing.com.au, cleanandclearwater.com.au, filtersystemsaustralia.com.au, purpleduck.com.au, wateranalytics.com.au, purestwaterfiltration.com.au, filpure.com.au, safemains.com.au, filtap.com.au, google.com","waterfilter.com.au, smartenergy.co, cleanandclearwater.com.au, filtap.com.au, filpure.com.au, purestwaterfiltration.com.au, fullhousewaterfiltration.com.au, filtersystemsaustralia.com.au, wateranalytics.com.au, networkplumbing.com.au","waterfilter.com.au, smartenergy.co, cleanandclearwater.com.au, filtap.com.au, purestwaterfiltration.com.au, reactiveplumbingandelectrical.com.au, filtersystemsaustralia.com.au, filpure.com.au","filtersystemsaustralia.com.au, wateranalytics.com.au, cleanandclearwater.com.au, filpure.com.au, fullhousewaterfiltration.com.au, smartenergy.co, purestwaterfiltration.com.au, filtap.com.au, puretec.com.au"
water filter installation service near me,,,,,,,,,3.17,,3.17,0,,0,0.0,,0.0,2,,,,False,False,"clear2o.com.au, wateranalytics.com.au",,,,,
best household water filter system,,22,,,,,,,,,,,,,,,,4,5,,puretec.com.au,False,False,,"filtersystemsaustralia.com.au, wateranalytics.com.au",,"wateranalytics.com.au, filtersystemsaustralia.com.au, thinkwater.com.au, waterdropfilter.com.au",,
all in one heat pump,,,,0.750718336483932,0.249281663516068,0.391304347826087,,,,,,,,,,,,7,2,,agl.com.au,False,False,australiangreensolution.com.au,"baysideachw.com, reece.com.au","micoeglobal.com, beasleypoolheating-srp.com.au","fallonsolutions.com.au, wateranalytics.com.au, reece.com.au",fallonsolutions.com.au,
heat pump for house,,,,,,,,,0.72,,0.72,0,,0,0.0,,0.0,19,6,,energy.gov,False,False,beasleypoolheating-srp.com.au,"crolp.com.au, allseasonshvac.com.au, rinnai.com.au, powerbay.com.au, evoheat.com.au, istore.net.au, gippslandhydronics.com.au, agl.com.au, air-purification.com.au","solahart.com.au, agl.com.au, solarbatterygroup.com.au, crolp.com.au, borderheatingandcooling.com.au, daikin.com.au","agl.com.au, daikin.com.au, wateranalytics.com.au, powerbay.com.au, dreamairconditioning.com.au, beasleypoolheating-srp.com.au, airconditioningguys.com.au, borderheatingandcooling.com.au, mitsubishielectric.com.au, bze.org.au",,
water filtration for house,,,,,,,,,2.16,,2.16,0,,0,0.0,,0.0,6,16,,aquasafe.com.au,False,False,"cleanandclearwater.com.au, wateranalytics.com.au, filtersystemsaustralia.com.au, pureflowfiltration.com.au",,,,,
water filtration system for home,,,,0.57023972050524,0.42976027949476,0.439344262295082,0.362573097294894,0.637426896857153,2.01,,2.01,0,,0,3.74,,3.74,17,17,,freshwatersystems.com.au,False,False,"google.com, waterfilter.com.au","filtersystemsaustralia.com.au, waterfilter.net.au, wateranalytics.com.au","wateranalytics.com.au, fullhousewaterfiltration.com.au, philips.com.au, puretec.com.au, completehomefiltration.com.au, waterfilterguy.com.au, waterfilterdistributors.com.au","cleanandclearwater.com.au, clickcease.com, puretec.com.au, daveywater.com, wateranalytics.com.au, homewaterfiltration.com.au, waterfilterdistributors.com.au, filtersystemsaustralia.com.au, filtap.com.au, revolutionaryfiltration.com.au",,
commercial water filtration system,,21,,0.321077276644642,0.678922723355358,0.296610169491525,,,4.41,,4.41,0,,0,0.0,,0.0,13,6,,filtersystemsaustralia.com.au,False,False,,demandfiltration.com.au,"filtersystemsaustralia.com.au, prwater.com.au",filtersystemsaustralia.com.au,purezza.com,"culligan.com.au, aquapax.com.au, wateranalytics.com.au, filtersystemsaustralia.com.au"
3 stage filtration system,,13,,,,,,,0.83,,0.83,0,,0,0.0,,0.0,14,2,,waterfilter.com.au,False,False,"filtersystemsaustralia.com.au, filtersforyou.com.au, shieldwaterfilter.com.au, google.com",filtersystemsaustralia.com.au,"filtersystemsaustralia.com.au, waterscoaustralia.com.au, wateranalytics.com.au, minthomefiltration.com","waterfilter.net.au, filtersystemsaustralia.com.au","filtersystemsaustralia.com.au, waterfilter.com.au, waterfilter.net.au, water-filter-sentry.com.au, alkaviva.com.au",filtersystemsaustralia.com.au
air source heat pump hot water,,45,,,,,,,0.65,,0.65,0,,0,2.66,,2.66,6,0,,energyaustralia.com.au,False,False,,,,"reclaimenergy.com.au, hitechhotwater.com.au, reece.com.au, rheem.com.au, wateranalytics.com.au, mhiaa.com.au","reclaimenergy.com.au, hitechhotwater.com.au, reece.com.au, rheem.com.au, wateranalytics.com.au",
heat pumps adelaide,,,,,,,,,3.38,,3.38,0,,0,3.21,,3.21,23,21,,rightnowplumbingadelaide.com.au,False,False,"harveytrades.com.au, irwinsplumbing.com.au, agl.com.au","hotwatertek.com.au, agl.com.au, andrewevansplumbing.com.au, beasleypoolheating-srp.com.au, istore.net.au",hotwatertek.com.au,"hotwatertek.com.au, evoheat.com.au, hotwater.com.au",hotwatertek.com.au,"hotwatertek.com.au, ehomes.au"
water ro price,,,,,,,,,,,,,,,,,,6,,,,False,False,"waterdropfilter.com.au, filtersystemsaustralia.com.au, psifilters.com.au, philips.com.au","homewaterfiltration.com.au, wateranalytics.com.au, waterdropfilter.com.au",,,,
central coast water filtration,,27,,,,,,,,,,,,,,,,13,28,,centralcoastwaterfiltration.com.au,False,False,"inflowfilter.com, google.com, waterscoaustralia.com.au",linkplumbing.com.au,"filtersystemsaustralia.com.au, carefree.com.au, collisbrosplumbing.com.au",wateranalytics.com.au,filtersystemsaustralia.com.au,filtersystemsaustralia.com.au
hard water filter for home,,,,,,,,,,,,,,,,,,8,,,,False,False,"completehomefiltration.com.au, wateranalytics.com.au, puretec.com.au, filtersystemsaustralia.com.au","wateranalytics.com.au, filpure.com.au, cleanandclearwater.com.au, puretec.com.au, filtap.com.au, filtersystemsaustralia.com.au, thehomewaterfilterguy.com.au",,,,
water filter system central coast,,,,,,,,,,,,,,,,,,21,,,,False,False,"google.com, wateranalytics.com.au","wateranalytics.com.au, greatwaterfilters.com.au, cleanandclearwater.com.au","cleanandclearwater.com.au, purestwaterfiltration.com.au, filtap.com.au, wateranalytics.com.au, safemains.com.au, purewaterfiltration.com.au, filteredwatersolutions.com.au, samedayhomeservices.com.au, comparewaterfilters.com.au, greatwaterfilters.com.au","cleanandclearwater.com.au, purestwaterfiltration.com.au, filteredwatersolutions.com.au, bespokewater.com.au, wateranalytics.com.au, filpure.com.au, filtap.com.au, inflowfilter.com","purestwaterfiltration.com.au, filtersystemsaustralia.com.au, wateranalytics.com.au, waterfilter.com.au, cleanandclearwater.com.au, filtap.com.au","purestwaterfiltration.com.au, filteredwatersolutions.com.au, cleanandclearwater.com.au, thewaterfiltrationcompany.com.au, filtap.com.au, filtersystemsaustralia.com.au, waterfilter.com.au, wateranalytics.com.au"
water filtration system cost,,20,,0.598,0.402,0.266666666666667,,,,,,,,,,,,2,3,,reddit.com,False,False,,,"wateranalytics.com.au, cleanandclearwater.com.au",,,
best water system for well water,,,,,,,,,,,,,,,,,,2,,,,False,False,"homewaterfiltration.com.au, wateranalytics.com.au",wateranalytics.com.au,,,,
heat pump hot water installation,,,,,,,,,,,,,,,,,,73,8,,euroheat.com.au,False,False,"lordsplumbing.com.au, welldonplumbing.com.au, fallonsolutions.com.au, fixlyplumbing.com.au, acplumbing.com.au, obrienplumbingandroofing.com.au, mdtradeworks.com.au, google.com, baysideachw.com, elyonplumbercentralcoast.com.au, mcclarenhvac.net, hoganhotwaterandair.com.au, theplumbinglifesaver.com.au, 048plumber.com.au, heatpumpboys.com.au, agl.com.au","cmplumbing.au, obrienplumbingandroofing.com.au, fallonsolutions.com.au, irwinsplumbing.com.au, atcplumbing.com.au","fallonsolutions.com.au, speedyhotwater.com.au, green.com.au, evoheat.com.au, heatpumpboys.com.au, newcastleemergencyplumbing.com.au, e-greenelectrical.com.au, hotwatersystemsnewcastle.com.au, carbonsavers.com.au, solahart.com.au, thehotwaterco.com.au, sunshinecoastplumbingandhotwater.com.au, suncityhotwater.com.au, trendhs.com.au, australiangreensolution.com.au, haierhome.com.au, rheem.com.au, myxpertplumber.com.au, barplumbing.com.au, qplumbinglocal.com.au, irwinsplumbing.com.au, agl.com.au, lordsplumbing.com.au, newcastlehotwaterrepairs.com.au, acplumbing.com.au, kmsservices.com.au, blackdiamondplumbingandgas.com.au, staticplumbers.com.au","fluidplumbingservices.com.au, carbonsavers.com.au, gstore.com.au, wateranalytics.com.au, rheem.com.au, iansplumbing.com.au, claysplumbing.com.au, lordsplumbing.com.au, newcastlehotwaterrepairs.com.au, agl.com.au, cdlplumbdraingas.com.au, advantageplumbingsolutions.com.au, solahart.com.au, allcityservices.com.au, fixnflow.com.au","newcastlehotwaterrepairs.com.au, newcastleplumbing.net.au, carbonsavers.com.au, cdlplumbdraingas.com.au, heatpumpboys.com.au, evoheat.com.au, lordsplumbing.com.au","cdlplumbdraingas.com.au, hoganhotwaterandair.com.au, newcastlehotwatersystem.au, lordsplumbing.com.au, newcastlehotwaterrepairs.com.au, bensplumbing.com.au, australiangreensolution.com.au, irwinsplumbing.com.au, carbonsavers.com.au, newcastleplumbing.net.au, heatpumpboys.com.au, hotwatersystemsnewcastle.com.au, evoheat.com.au"
fluoride water filter system,,13,,,,,,,,,,,,,,,,22,4,,aquasafe.com.au,False,False,"inflowfilter.com, alkalineworld.com.au, google.com, waterscoaustralia.com.au, puretec.com.au, shieldwaterfilter.com.au, zazenalkalinewater.com.au","wateranalytics.com.au, puretec.com.au","waterscoaustralia.com.au, filtersystemsaustralia.com.au, lovable.app, tappwater.com.au, wateranalytics.com.au, collisbrosplumbing.com.au, safemains.com.au, minthomefiltration.com, waterdropfilter.com.au, cleanandclearwater.com.au, alkaviva.com.au",waterfilter.com.au,"wateranalytics.com.au, waterscoaustralia.com.au, saferwater.com, filtersystemsaustralia.com.au, purezafilters.com",completehomefiltration.com.au
home water filtration system australia,,46,,,,,,,,,,,,,,,,10,24,,filtersystemsaustralia.com.au,False,False,,"homewaterfiltration.com.au, wateranalytics.com.au",,,,
heat pump installation south australia,,,,,,,,,,,,,,,,,,37,,,,False,False,"adelaidewesthotwater.com.au, solahart.com.au, google.com","wulfe.au, hotwater.com.au, green.com.au, beasleypoolheating-srp.com.au","axialelectric.com.au, conwaysplumbingservices.com, bosspoolheating.com.au, rheem.com.au, green.com.au, mahoneydasilva.com.au, masonacer.com.au, coopgroup.au, evoheat.com.au","reece.com.au, masonacer.com.au, mahoneydasilva.com.au, evoheat.com.au, rheem.com.au, conwaysplumbingservices.com","northerncomfortsystems.com, bmheatingandcooling.com, evoheat.com.au, masonacer.com.au, mhiaa.com.au","solargain.com.au, peninsulaheatpumps.com.au, evoheat.com.au, mahoneydasilva.com.au, offgridplumbing.com.au, conwaysplumbingservices.com, pure-electric.com.au, renviropower.com.au, wateranalytics.com.au, gstore.com.au, rheem.com.au, callneighbourhood.com.au"
heat pump hot water system tasmania,,,,,,,,,,,,,,,,,,33,,,,False,False,"mulcahyelectrical.com.au, egstas.com, rcboelectrical-srp.com.au, solahart.com.au, choice.com.au, hobarthotwatergroup.com.au, google.com, diverseplumbingroofingandgas.com.au, reece.com.au, wateranalytics.com.au, iwantenergy.com.au, auroraenergy.com.au","tmacplumbing.com, solahart.com.au, hobarthotwatergroup.com.au, iwantenergy.com.au, southernair.com.au, powerbay.com.au, rheem.com.au, reece.com.au, rcboelectrical-srp.com.au, coolrunningtasmania.com.au, google.com, choice.com.au, mulcahyelectrical.com.au, diverseplumbingroofingandgas.com.au","egstas.com, auroraenergy.com.au, reece.com.au, heatbosstasmania.com.au, southernair.com.au, solahart.com.au, haierhome.com.au, powerbay.com.au, lpage.au, rcboelectrical-srp.com.au, iwantenergy.com.au, cmaxgroup.com.au, daikin.com.au, hobarthotwatergroup.com.au, tmacplumbing.com","egstas.com, powerbay.com.au, wateranalytics.com.au, reece.com.au, coolrunningtasmania.com.au, cmaxgroup.com.au, solahart.com.au, rosettagroup.com.au, iwantenergy.com.au, contactgroup.com.au, auroraenergy.com.au, modernhydronics.com.au","solarscheme.com.au, egstas.com, envirosun.au, reece.com.au, lpage.au, solahart.com.au, wefs.com.au, haierhome.com.au, wateranalytics.com.au, southernair.com.au, solarincentives.com.au","egstas.com, wateranalytics.com.au, cmaxgroup.com.au, reece.com.au, solahart.com.au, reclaimenergy.com.au, solarscheme.com.au"
filtered water tap installation,,15,,,,,,,2.85,,2.85,0,,0,10.24,,10.24,2,2,,bunnings.com.au,False,False,,,,wateranalytics.com.au,,
best water system for house,,,,,,,,,,,,,,,,,,2,,,,False,False,"wateranalytics.com.au, filtersystemsaustralia.com.au",,,,,
chloramine filter whole house,,,,,,,,,,,,,,,,,,3,,,,False,False,filtersystemsaustralia.com.au,"filtersystemsaustralia.com.au, psifilters.com.au, wateranalytics.com.au",,,,
best water purifier system for home,,,,,,,,,,,,,,,,,,5,11,,quora.com,False,False,"wateranalytics.com.au, filtersystemsaustralia.com.au, alkaviva.com.au, purewaterfiltration.com.au",,completehomefiltration.com.au,,,
water filtration system service near me,,,,,,,,,,,,,,,,,,5,,,,False,False,thinkwater.com.au,wateranalytics.com.au,"thinkwater.com.au, filtersystemsaustralia.com.au, aquapax.com.au, centurionaprs.com",,,
​home water filter service​,,,,,,,,,,,,,,,,,,30,,,,False,False,"aquaserve.com.au, filtersforyou.com.au, lifesourcewater.com, eliterooter.com, wateranalytics.com.au, google.com, spsplumbers.com.au, mrsplashplumbing.com.au, brisbaneflowplumbing.com.au","mrsplashplumbing.com.au, wateranalytics.com.au",lovable.app,"vellaplumbinggroup.com.au, filpure.com.au, filteredwatersolutions.com.au","emergencyhomeservices.com.au, filtersystemsaustralia.com.au, fullhousewaterfiltration.com.au, wateranalytics.com.au, waterfilter.com.au, wilcoplumbing.com.au, filteredwatersolutions.com.au","emergencyhomeservices.com.au, fullhousewaterfiltration.com.au"
waterdrop a2,,6,,,,,,,,,,,,,,,,2,2,,waterdropfilter.com.au,False,False,,waterdropfilter.com.au,waterdropfilter.com.au,"waterdropfilter.com.au, wateranalytics.com.au",,
water monitoring,,,,,,,,,1.66,,1.66,0,,0,10.0,,10.0,4,9,,data.qld.gov.au,False,False,kallipr.com,"farmbot.com.au, completehomefiltration.com.au, wateranalytics.com.au, kallipr.com",,,,
heat pump system,,18,,0.664590571375507,0.335409428624493,0.504587155963303,0.276094275629471,0.723905722687027,0.4,,0.4,0,,0,80.14,,80.14,13,1,,agl.com.au,False,False,"powerbay.com.au, wateranalytics.com.au, beasleypoolheating-srp.com.au, choice.com.au, dreamairconditioning.com.au",,"fixnflow.com.au, hitechhotwater.com.au, green.com.au, reece.com.au, choice.com.au, sydmech.com.au, wateranalytics.com.au, drleakplumbing.com.au","solahart.com.au, reece.com.au, hitechhotwater.com.au, haierhome.com.au, wateranalytics.com.au",,
complete filtration systems,,18,,,,,,,,,,,,,,,,4,14,,completehomefiltration.com.au,False,False,filtersystemsaustralia.com.au,,"filtersystemsaustralia.com.au, wateranalytics.com.au",,filtersystemsaustralia.com.au,
whole house ro system,,19,,0.598,0.402,0.335135135135135,0.382113818031595,0.617886173838324,0.53,,0.53,0,,0,1.9,,1.9,5,13,,waterfilter.com.au,False,False,,"filtersystemsaustralia.com.au, psifilters.com.au, wateranalytics.com.au","cleanandclearwater.com.au, filtersystemsaustralia.com.au, fullhousefiltration.com.au",wateranalytics.com.au,filtersystemsaustralia.com.au,
kinetico water systems,,,,0.545748721694668,0.454251278305332,0.318918918918919,0.317460314940791,0.682539677122701,1.92,,1.92,0,,0,0.0,,0.0,5,,,,False,False,"completehomefiltration.com.au, filtersystemsaustralia.com.au, fixnflow.com.au, water-filter-sentry.com.au, wateranalytics.com.au",completehomefiltration.com.au,,,,
water purifier for home price,,,,,,,,,,,,,,,,,,4,,,,False,False,"thinkwater.com.au, wateranalytics.com.au","wateranalytics.com.au, thinkwater.com.au, filtersystemsaustralia.com.au, pacificwater.com.au",,,,
3 stage water filter system,,24,,0.264797086368366,0.735202913631634,0.258064516129032,0.0869565179584123,0.913043438563329,,,,,,,,,,9,12,,waterfilter.com.au,False,False,"filtersystemsaustralia.com.au, filtersforyou.com.au, shieldwaterfilter.com.au, waterscoaustralia.com.au",filtersystemsaustralia.com.au,filtersystemsaustralia.com.au,"filtersystemsaustralia.com.au, filteredwatersolutions.com.au","waterfilter.com.au, filtersystemsaustralia.com.au","filtersystemsaustralia.com.au, waterfilter.com.au"
under sink water filters central coast,,,,,,,,,,,,,,,,,,19,,,,False,False,"water2.com, aarke.com","filpure.com.au, cleanandclearwater.com.au, filteredwatersolutions.com.au, filtersystemsaustralia.com.au, comparewaterfilters.com.au, greatwaterfilters.com.au, purewatersystems.com.au, wateranalytics.com.au","filpure.com.au, filtap.com.au, cleanandclearwater.com.au","filteredwatersolutions.com.au, cleanandclearwater.com.au, filtap.com.au, filpure.com.au, waterfilter.com.au","filteredwatersolutions.com.au, filtap.com.au, cleanandclearwater.com.au, filtersystemsaustralia.com.au","cleanandclearwater.com.au, filtap.com.au, filteredwatersolutions.com.au, demandfiltration.com.au"
water filter installation adelaide,,,,,,,,,0.92,,0.92,0,,0,0.0,,0.0,8,,,,False,False,"purewaterfiltration.com.au, ctfiltration.com.au, irwinsplumbing.com.au, puratap.com.au, call-loyal-plumbing.com.au, google.com","wateranalytics.com.au, saexpressplumbing.com.au",,,,
whole house water filtration systems,,36,,0.360057309688581,0.639942690311419,0.227941176470588,0.228571426394558,0.771428564081633,1.82,,1.82,0,,0,16.46,,16.46,3,18,,filtersystemsaustralia.com.au,False,False,wateranalytics.com.au,puretec.com.au,"wateranalytics.com.au, cleanandclearwater.com.au",,,
water filtration perth hills,,,,,,,,,,,,,,,,,,2,,,,False,False,"westozwaterfilters.com.au, wateranalytics.com.au",,,,,
adelaide heat pump,,,,,,,,,,,,,,,,,,21,,,,False,False,sosplumbingandgas.com.au,"hotwatertek.com.au, lpage.com.au, saexpressplumbing.com.au, solarbatterygroup.com.au, evoheat.com.au, useprofessionaltrades.com.au","evoheat.com.au, hotwatertek.com.au, lpage.com.au, abaplumbing.com.au, saexpressplumbing.com.au","abaplumbing.com.au, hotwatertek.com.au, evoheat.com.au, green.com.au, hotwater.com.au","lpage.com.au, hotwatertek.com.au, abaplumbing.com.au","lpage.com.au, saexpressplumbing.com.au, peninsulaheatpumps.com.au, evoheat.com.au, ehomes.au, wateranalytics.com.au, energysa.com.au, hotwater.com.au, hotwatertek.com.au"
heat pump water heater price,,20,,,,,,,3.16,,3.16,0,,0,0.0,,0.0,15,1,,nsw.gov.au,False,False,,"iansplumbing.com.au, irwinsplumbing.com.au, prestigeplumbingact.com.au","suncityhotwater.com.au, wateranalytics.com.au, solahartsunshinecoast.com.au, agl.com.au, solahart.com.au, theplumbinggang.com, powerbay.com.au","theplumbinggang.com, suncityhotwater.com.au, agl.com.au, solahart.com.au, brisbanehotwaterservices.com.au, evoheat.com.au, weekendplumbingco.com, servicetoday.com.au, solahartsunshinecoast.com.au","yourplumbingmates.com.au, suncityhotwater.com.au, evoheat.com.au, solahartsunshinecoast.com.au",
whole home water filtration system,,24,,0.620105728565936,0.379894271434064,0.264705882352941,0.266666663111111,0.733333323555556,,,,0,,0,2.3,,2.3,5,16,,filtersystemsaustralia.com.au,False,False,,"wateranalytics.com.au, cleanandclearwater.com.au, filtersystemsaustralia.com.au",wateranalytics.com.au,wateranalytics.com.au,filtersystemsaustralia.com.au,
heating pump,,,,0.7585625,0.2414375,0.625,,,1.81,,1.81,0,,0,24.38,,24.38,5,6,,energy.gov,False,False,"hitechhotwater.com.au, hotwaterplumber.au, evoheat.com.au, reece.com.au, wateranalytics.com.au",,,,,
water filter for home,,52,,0.519341574845472,0.480658425154528,0.475409836065574,0.468749985351563,0.531249983398438,,,,,,,,,,17,30,,youtube.com,False,False,google.com,aquastream.com.au,"filtersystemsaustralia.com.au, wateranalytics.com.au, comparewaterfilters.com.au, thinkwater.com.au, alkaviva.com.au","aquastream.com.au, homewaterfiltration.com.au, cleanandclearwater.com.au, philips.com.au, wateranalytics.com.au","wateranalytics.com.au, cleanandclearwater.com.au","thinkwater.com.au, wateranalytics.com.au, flowpure.com, filtersystemsaustralia.com.au"
pfas filters for home,,,,,,,,,,,,,,,,,,37,,,,False,False,"aquala.au, waterscoaustralia.com.au, inflowfilter.com, philips.com.au, google.com, tappwater.com.au, water-filter-sentry.com.au, filtersystemsaustralia.com.au, aquaserve.com.au, shieldwaterfilter.com.au, alkaway.com.au, wateranalytics.com.au","tappwater.com.au, cheerowaterfilter.com, betterwaterbetteryou.com.au, filtersystemsaustralia.com.au, wateranalytics.com.au, filtermate.com.au","safemains.com.au, filtersystemsaustralia.com.au, tappwater.com.au, waterscoaustralia.com.au, kynandfolk.com, filpure.com.au, alkaviva.com.au, wateranalytics.com.au, earthtank.com.au, google.com, philips.com.au, carefree.com.au, water-filter-sentry.com.au, minthomefiltration.com, betterwaterbetteryou.com.au, blissfulhome.com.au","filpure.com.au, wateranalytics.com.au, holyh2o.com.au, cleanandclearwater.com.au, kynandfolk.com, filtersystemsaustralia.com.au, reactiveplumbingandelectrical.com.au, tappwater.com.au, filteredwatersolutions.com.au, philips.com.au, safemains.com.au, bespokewater.com.au, drinkrippl.com, alkaviva.com.au","filtersystemsaustralia.com.au, wateranalytics.com.au, filteredwatersolutions.com.au, waterscoaustralia.com.au, filpure.com.au, tappwater.com.au, waterfilter.com.au, blissfulhome.com.au, kynandfolk.com, philips.com.au, hydrosmart.com.au, inflowfilter.com, water-filter-sentry.com.au","wateranalytics.com.au, filtersystemsaustralia.com.au, philips.com.au, filteredwatersolutions.com.au, tappwater.com.au, waterfilter.com.au, flowpure.com"
home water treatment systems,,,,0.42625,0.57375,0.333333333333333,0.2499999921875,0.749999976562501,2.37,,2.37,0,,0,30.44,,30.44,4,24,,makwater.com.au,False,False,"thinkwater.com.au, wateranalytics.com.au, filtersystemsaustralia.com.au, hydrosmart.com.au",,,,,
water to water heat pump,,,,0.395014878000397,0.604985121999603,0.267605633802817,0.249999995192308,0.749999985576924,1.34,,1.34,0,,0,23.54,,23.54,9,4,,energy.gov,False,False,automaticheating.com.au,"fixnflow.com.au, macon.com.cn, automaticheating.com.au, hitechhotwater.com.au, wateranalytics.com.au","automaticheating.com.au, haierhome.com.au, sanden-hot-water.com.au, solahart.com.au, reclaimenergy.com.au, hitechhotwater.com.au, macon.com.cn",,,
whole house filtration,,,,0.659349112426036,0.340650887573964,0.423076923076923,,,1.67,,1.67,0,,0,6.56,,6.56,15,7,,freshwatersystems.com.au,False,False,wateranalytics.com.au,aquastream.com.au,"filtersystemsaustralia.com.au, wateranalytics.com.au, cloudtap.com.au","filtersystemsaustralia.com.au, puremainswater.com.au, waterfilter.com.au, wateranalytics.com.au","filtermate.com.au, filtersystemsaustralia.com.au, wateranalytics.com.au, puretec.com.au","filpure.com.au, wateranalytics.com.au, filtersystemsaustralia.com.au, bespokewater.com.au, waterfilter.com.au, urbanfuture.com.au, homewaterfiltration.com.au, cleanandclearwater.com.au, micronwaterfilters.com.au"
water filter system house,,,,,,,,,,,,,,,,,,4,13,,aquasafe.com.au,False,False,,,,,,"completehomefiltration.com.au, cleanandclearwater.com.au, filtersystemsaustralia.com.au, wateranalytics.com.au"
best whole house water filtration system for well water,,,,,,,,,,,,,,,,,,3,,,,False,False,"filtersystemsaustralia.com.au, thinkwater.com.au","wateranalytics.com.au, filtersystemsaustralia.com.au",,,,
4 stage water filter system,,23,,,,,,,,,,,,,,,,13,11,,filteredwatersolutions.com.au,False,False,"inflowfilter.com, google.com, shieldwaterfilter.com.au, waterscoaustralia.com.au","puretec.com.au, filtersystemsaustralia.com.au","filtersystemsaustralia.com.au, waterfilter.net.au, wateranalytics.com.au, lovable.app",filtersystemsaustralia.com.au,"filteredwatersolutions.com.au, filtersystemsaustralia.com.au, filpure.com.au",filtersystemsaustralia.com.au
heat pump hot water sunshine coast,,,,,,,,,20.16,,20.16,0,,0,0.08,,0.08,34,,,,False,False,"google.com, suncityhotwater.com.au, irwinsplumbing.com.au, abplumbingandsolar.com.au, fallonsolutions.com.au, evoheat.com.au, mttplumbing.com.au, kmsservices.com.au, thehotwaterco.com.au, bakerboysplumbing.com.au, sanden-hot-water.com.au, kevsplumbing.com.au","fallonsolutions.com.au, suncityhotwater.com.au, evoheat.com.au, acplumbing.com.au, staticplumbers.com.au, plumbingbros.com.au, irwinsplumbing.com.au, djrplumbing.com.au, abplumbingandsolar.com.au","suncityhotwater.com.au, evoheat.com.au, wateranalytics.com.au, green.com.au, sunnycoastplumbers.com.au, hotwaterheroes.com.au, acplumbing.com.au, fallonsolutions.com.au, barplumbing.com.au, kevsplumbing.com.au","suncityhotwater.com.au, hotwaterheroes.com.au, solahartsunshinecoast.com.au, solahart.com.au, wateranalytics.com.au, thermastore.com.au, yourplumbingmates.com.au, sunnycoastplumbers.com.au","baysideachw.com, hotwaterheroes.com.au, sunnycoastplumbers.com.au, solarwise.com.au, thermastore.com.au, wateranalytics.com.au, rheem.com.au, evoheat.com.au, suncityhotwater.com.au","hotwaterheroes.com.au, sunnycoastplumbers.com.au, simplyhotwaterperth.com.au, irwinsplumbing.com.au, sunnycoastplumbing.com.au, yourplumbingmates.com.au, suncityhotwater.com.au, deltatemp.com.au, barplumbing.com.au, solahartsunshinecoast.com.au, thehotwaterco.com.au, evoheat.com.au"
water filter for whole home,,,,,,,,,,,,,,,,,,2,9,,youtube.com,False,False,"waterfilter.com.au, wateranalytics.com.au",,,,,
whole house water filter and softener,,,,0.662906057098765,0.337093942901235,0.340277777777778,0.410526311468144,0.58947367800554,,,,,,,,,,3,2,,clearwaterarizona.com,False,False,"wateranalytics.com.au, filtersystemsaustralia.com.au","filtersystemsaustralia.com.au, wateranalytics.com.au, hydrosmart.com.au",wateranalytics.com.au,,,
reverse osmosis filtration,,,,0.49603550295858,0.50396449704142,0.461538461538462,,,1.19,,1.19,0,,0,2.01,,2.01,10,3,,philips.com.au,False,False,"filtersystemsaustralia.com.au, waterdropfilter.com.au, puretec.com.au","filtersystemsaustralia.com.au, centurionaprs.com, waterdropfilter.com.au, wateranalytics.com.au, psifilters.com.au",,filtersystemsaustralia.com.au,,
house water purification system,,,,,,,,,,,,,,,,,,4,,,,False,False,"homewaterfiltration.com.au, cleanandclearwater.com.au, wateranalytics.com.au, puretec.com.au",wateranalytics.com.au,,,,
best whole house water filtration systems,,,,,,,,,,,,,,,,,,2,13,,waterfilter.com.au,False,False,,completehomefiltration.com.au,,completehomefiltration.com.au,"completehomefiltration.com.au, wateranalytics.com.au",
free water testing,,,,0.658828529752024,0.341171470247975,0.326241134751773,0.168421050858726,0.831578938614959,,,,,,,,,,10,,,,False,False,"safewaterlab.com.au, google.com, sers.net.au, mywaterscore.com.au, apureinstrument.com, tapwatertesting.com.au, wateranalytics.com.au","safewaterlab.com.au, sers.net.au, nsf.org, google.com","purpleduck.com.au, wateranalytics.com.au, safewaterlab.com.au, sers.net.au, nsf.org, carefree.com.au",wateranalytics.com.au,,
water filter system for homes,,,,,,,,,,,,,,,,,,1,,,,False,False,wateranalytics.com.au,,,,,
most efficient hot water system,,29,,,,,,,3.95,,3.95,0,,0,0.0,,0.0,24,6,,energy.gov.au,False,False,"salmonplumbing.com.au, brisbanehotwaterservices.com.au, sanden-hot-water.com.au, 1stchoicehotwater.com.au","wateranalytics.com.au, solahart.com.au, fallonsolutions.com.au","hitechhotwater.com.au, solahart.com.au, fixnflow.com.au, rheem.com.au, fixnflowhotwater.com.au, daikin.com.au, mrflowhotwater.com.au, wateranalytics.com.au, agl.com.au, hotwater2u.com.au, evoheat.com.au",powerbay.com.au,,"hitechhotwater.com.au, reclaimenergy.com.au, fixnflowhotwater.com.au, evoheat.com.au, rheem.com.au"
water filtration systems near me,,40,,0.711426611796982,0.288573388203018,0.481481481481481,,,3.67,,3.67,0,,0,1.39,,1.39,20,19,,greatwaterfilters.com.au,False,False,,,"fallonsolutions.com.au, thinkwater.com.au, filtersystemsaustralia.com.au",,,
water filter installation brisbane,,,,,,,,,7.15,,7.15,0,,0,0.0,,0.0,26,,,,False,False,"homewaterfiltration.com.au, lumika.com.au, installedtoday.com.au, google.com, purewaterfiltration.com.au, dspg.com.au, filteredwatersolutions.com.au, leakfreeplumbingsolutions.com.au, fallonsolutions.com.au, callreliabletradies.com.au, turboplumbingsolutions.com.au, qplumbinglocal.com.au, jilawater.com.au, theplumbinggang.com, irwinsplumbing.com.au","purewaterfiltration.com.au, jilawater.com.au, brisbaneplumbinganddrainage.com.au, fallonsolutions.com.au, greatwaterfilters.com.au, jrgasandwater.com.au, filteredwatersolutions.com.au, homewaterfiltration.com.au, salmonplumbing.com.au, qplumbinglocal.com.au, comparewaterfilters.com.au","fallonsolutions.com.au, homewaterfiltration.com.au, theplumbinggang.com, irwinsplumbing.com.au, purewaterfiltration.com.au, filteredwatersolutions.com.au, leakfreeplumbingsolutions.com.au, qplumbinglocal.com.au, trendhs.com.au, turboplumbingsolutions.com.au, jilawater.com.au, salmonplumbing.com.au, minthomefiltration.com","theplumbinggang.com, iansplumbing.com.au, irwinsplumbing.com.au, purewaterfiltration.com.au, installedtoday.com.au, turboplumbingsolutions.com.au, filteredwatersolutions.com.au, homewaterfiltration.com.au, qplumbinglocal.com.au, fallonsolutions.com.au","theplumbinggang.com, iansplumbing.com.au, turboplumbingsolutions.com.au, irwinsplumbing.com.au, homewaterfiltration.com.au, filteredwatersolutions.com.au","completehomefiltration.com.au, homewaterfiltration.com.au"
filtered water melbourne,,,,,,,,,2.85,,2.85,0,,0,0.0,,0.0,20,23,,tappwater.com.au,False,False,"google.com, waterscoaustralia.com.au","cleanandclearwater.com.au, pureflowfiltration.com.au","purewaterfiltration.com.au, desino.com.au, expertplumbing.com.au, fullhousefiltration.com.au, cleanandclearwater.com.au",purewaterfiltration.com.au,"filtap.com.au, cleanandclearwater.com.au","filtap.com.au, waterscoaustralia.com.au, pureflowfiltration.com.au, landing-pages.com.au, demandfiltration.com.au, cleanandclearwater.com.au, filteredwatersolutions.com.au"
rain water filtration system perth,,,,,,,,,,,,,,,,,,18,,,,False,False,"wateranalytics.com.au, aquastream.com.au, aussienaturalfiltration.com.au, nexahomesolutions.com.au","wateranalytics.com.au, blufrog.com.au, filtermate.com.au, greatwaterfilters.com.au","waterfilterman.com.au, wateranalytics.com.au, aquariuswaterfilters.com.au, comparewaterfilters.com.au, clearhavenwaterfiltration.com.au, westflowfiltration.com.au, purewaterfiltration.com.au","wateranalytics.com.au, cloudtap.com.au, purewaterfiltration.com.au, waterfilter.com.au, urbanfuture.com.au","cloudtap.com.au, wateranalytics.com.au",wateranalytics.com.au
complete water filtration system,,27,,,,,,,4.69,,4.69,0,,0,6.13,,6.13,2,29,,completehomefiltration.com.au,False,False,,wateranalytics.com.au,,,,
best whole house water filtration system,,23,,0.514893403790088,0.485106596209912,0.303571428571429,0.150183149633029,0.849816846703968,2.13,,2.13,0,,0,2.87,,2.87,6,9,,puretec.com.au,False,False,aquastream.com.au,puretec.com.au,"wateranalytics.com.au, alkaviva.com.au","wateranalytics.com.au, abaplumbing.com.au",,filtersystemsaustralia.com.au
rain water purification,,,,,,,,,,,,,,,,,,2,2,,tankdoctor.com.au,False,False,filtersystemsaustralia.com.au,,wateranalytics.com.au,,,
commercial water softener,,8,,0.45097,0.54903,0.3,0.314285709795918,0.685714275918368,,,,,,,,,,8,3,,pacificwater.com.au,False,False,google.com,,"completehomefiltration.com.au, oleology.com.au, makwater.com.au","completehomefiltration.com.au, wateranalytics.com.au, filtersystemsaustralia.com.au, waterfilter.net.au, hydrosmart.com.au",,
hot water system deals adelaide,,,,,,,,,,,,,,,,,,21,,,,False,False,"irwinsplumbing.com.au, adelaidehotwater.net.au, lpage.com.au, google.com",irwinsplumbing.com.au,"hotwatertek.com.au, vortplumbing.com.au","irwinsplumbing.com.au, calladelaideexpertplumbing.com.au, iansplumbing.com.au, yourlocaltradesman.com.au, hotwatertek.com.au, adelaidehotwater.net.au, saexpressplumbing.com.au",adelaidehotwater.net.au,"lpage.com.au, en3rgy.au, sharpeservices.com.au, aquatekplumbers.com.au, adelaidehotwater.net.au, saexpressplumbing.com.au, bensplumbing.com.au"
sediment water filtration perth,,,,,,,,,,,,,,,,,,2,,,,False,False,"aquastream.com.au, wateranalytics.com.au",wateranalytics.com.au,,,,
house water filtration system,,38,,0.786844290657439,0.213155709342561,0.494117647058824,0.302325574364522,0.697674402379665,1.75,,1.75,0,,0,28.7,,28.7,5,17,,completehomefiltration.com.au,False,False,waterfilter.com.au,,wateranalytics.com.au,,wateranalytics.com.au,filtersystemsaustralia.com.au
buy solar hot water system,,,,,,,,,,,,,,,,,,10,6,,energy.gov,False,False,phwservices.com.au,"solahart.com.au, rheem.com.au, urbanfuture.com.au","solargain.com.au, hiltonplumbing.com.au, rheem.com.au, sarrosplumbing.com.au","urbanfuture.com.au, rheem.com.au, solaroak.com.au, wasolarenergyrebates.com.au, solargain.com.au, hiltonplumbing.com.au, wateranalytics.com.au, sarrosplumbing.com.au","hiltonplumbing.com.au, sarrosplumbing.com.au, wateranalytics.com.au, urbanfuture.com.au",
whole home water filtration system cost,,18,,,,,,,,,,,,,,,,13,7,,facebook.com,False,False,,"wateranalytics.com.au, comparewaterfilters.com.au, filtersystemsaustralia.com.au, thinkwater.com.au, fullhousefiltration.com.au",,"wateranalytics.com.au, filtersystemsaustralia.com.au",,
drinking water filtration system for home,,,,,,,,,,,,,,,,,,3,32,,aquasafe.com.au,False,False,,,"cleanandclearwater.com.au, wateranalytics.com.au",,,
best water filtration system,,6,,0.546993235957259,0.453006764042741,0.344554455445544,0.114803625030805,0.885196371948047,1.11,,1.11,0,,0,23.44,,23.44,3,2,,reddit.com,False,False,,"wateranalytics.com.au, filtersystemsaustralia.com.au",,,,
home filter system,,45,,,,,,,,,,,,,,,,6,24,,completehomefiltration.com.au,False,False,"google.com, puremainswater.com.au","hydrotechgroup.com.au, homewaterfiltration.com.au",filtersystemsaustralia.com.au,wateranalytics.com.au,,
whole house water filtration perth,,,,,,,,,,,,,,,,,,17,22,,alkimosplumbingandgas.com.au,False,False,"wateranalytics.com.au, puremainswater.com.au, aquastream.com.au, clearhavenwaterfiltration.com.au, google.com","wateranalytics.com.au, cloudtap.com.au","purewaterfiltration.com.au, aquariuswaterfilters.com.au, wateranalytics.com.au, waterfilterman.com.au, hiltonplumbing.com.au, cloudtap.com.au","wateranalytics.com.au, dolphinhomefiltration.com.au, puremainswater.com.au, purewaterfiltration.com.au, hydrotechgroup.com.au",wateranalytics.com.au,springwellwater.com
home water filter systems,,,,0.653752603749399,0.346247396250601,0.430379746835443,0.199999995555556,0.799999982222223,,,,,,,,,,1,,,,False,False,wateranalytics.com.au,,,,,
water systems for home,,,,,,,,,,,,,,,,,,4,33,,completehomefiltration.com.au,False,False,,,,,,
air source heat pump hot water cylinder,,,,,,,,,,,,,,,,,,14,,,,False,False,"reece.com.au, mhiaa.com.au, reclaimenergy.com.au, madimack.com, wateranalytics.com.au, haierhome.com.au, rheem.com.au, agl.com.au, green.com.au, australianhotwater.com.au, appliancesonline.com.au, servicetoday.com.au, drleakplumbing.com.au, hotwater2u.com.au","reclaimenergy.com.au, reece.com.au",,,,
water filtration systems sydney,,,,,,,,,,,,,,,,,,26,38,,cassbrothers.com.au,False,False,"hydraflo.com.au, filtersforyou.com.au, cleanandclearwater.com.au, smarth2o.com.au, aquaserve.com.au, google.com","hydraflo.com.au, lovable.app, minthomefiltration.com, cleanandclearwater.com.au","filpure.com.au, purewaterfiltration.com.au, collisbrosplumbing.com.au, hydraflo.com.au, lovable.app, wateranalytics.com.au, filtap.com.au, cleanandclearwater.com.au, filtersystemsaustralia.com.au, minthomefiltration.com, purpleduck.com.au","filpure.com.au, collisbrosplumbing.com.au, samedayhomeservices.com.au, wateranalytics.com.au, purewaterfiltration.com.au, bespokewater.com.au, purpleduck.com.au","emergencyhomeservices.com.au, collisbrosplumbing.com.au, filpure.com.au, yakkazplumbing.com.au","filtersystemsaustralia.com.au, collisbrosplumbing.com.au"
in home water treatment systems,,,,,,,,,,,,,,,,,,2,,,,False,False,"wateranalytics.com.au, filtersystemsaustralia.com.au",,,,,
solar hot water system price perth,,36,,,,,,,6.98,,6.98,0,,0,0.0,,0.0,13,9,,solargain.com.au,False,False,,"solahart.com.au, solarrepairs.com.au, rheem.com.au, hiltonplumbing.com.au","hiltonplumbing.com.au, hotwatersolutionswa.com.au",simplyhotwaterperth.com.au,"hotwatersolutionswa.com.au, sarrosplumbing.com.au","solargain.com.au, urbanfuture.com.au, rheem.com.au, solarrepairs.com.au, cleverlec.com.au, sarrosplumbing.com.au"
best home water filter system,,,,0.76252,0.23748,0.36,0.0937499970703126,0.906249971679688,,,,,,,,,,3,14,,waterdropfilter.com.au,False,False,wateranalytics.com.au,,"filtersystemsaustralia.com.au, wateranalytics.com.au",,,
hot water rebates victoria,,,,,,,,,1.51,,1.51,0,,0,1.25,,1.25,30,1,,solar.vic.gov.au,False,False,"google.com, solar.vic.gov.au, waldronheatingcooling.com.au","jayceeplumbing.com.au, waldronheatingcooling.com.au, pumpswap.com.au, energytick.com.au, electrifyyourhomevic.com.au","advantagesolar.com.au, carbonsavers.com.au, greenuser.com.au, bendigoheatingandcooling.com.au, jayceeplumbing.com.au, rheem.com.au, easyelectricsec.com.au, secvictoria.com.au, waldronheatingcooling.com.au","carbonsavers.com.au, australianenergyupgrades.com.au, solar.vic.gov.au, rheem.com.au, electrifyyourhomevic.com.au, jayceeplumbing.com.au, advantagesolar.com.au, secvictoria.com.au, goldsure.com.au, ipromiseaustralia.com.au, australiangreensolution.com.au","carbonsavers.com.au, australiangreensolution.com.au, austarenergy.com.au, energy.vic.gov.au, advantagesolar.com.au, solar.vic.gov.au, gjbradding.com.au, offgassolutions.com.au","axialelectric.com.au, australiangreensolution.com.au, solar.vic.gov.au, ipromiseaustralia.com.au, carbonsavers.com.au, energy.vic.gov.au, optenergy.com.au, rheem.com.au, goldsure.com.au"
home filtration adelaide,,,,,,,,,,,,,,,,,,3,,,,False,False,"google.com, wateranalytics.com.au","wateranalytics.com.au, comparewaterfilters.com.au",,,,
home water filtration,,43,,0.529180843195266,0.470819156804734,0.432692307692308,,,,,,,,,,,,18,20,,filtersystemsaustralia.com.au,False,False,"waterfilter.com.au, wateranalytics.com.au","waterfilter.com.au, wateranalytics.com.au, filpure.com.au, purewaterfiltration.com.au, homewaterfiltration.com.au","homewaterfiltration.com.au, wateranalytics.com.au, cameronsplumbing.com.au, filtersystemsaustralia.com.au","smartenergy.co, homewaterfiltration.com.au, aquastream.com.au, wateranalytics.com.au, filtersystemsaustralia.com.au, puremainswater.com.au","smartenergy.co, reactiveplumbingandelectrical.com.au, homewaterfiltration.com.au","wateranalytics.com.au, filtersystemsaustralia.com.au, thinkwater.com.au"
4 stage water filtration,,,,,,,,,,,,,,,,,,16,,,,False,False,"inflowfilter.com, shieldwaterfilter.com.au, aquaserve.com.au, waterscoaustralia.com.au, osmofresh.de, google.com","shieldwaterfilter.com.au, filtersystemsaustralia.com.au, waterscoaustralia.com.au","filtersystemsaustralia.com.au, lovable.app","filtersystemsaustralia.com.au, purific.com","waterfilter.com.au, filtersystemsaustralia.com.au","filtersystemsaustralia.com.au, waterfilter.com.au"
reverse osmosis system australia,,,,,,,,,3.57,,3.57,0,,0,12.37,,12.37,31,12,,philips.com.au,False,False,"aquala.au, filtersystemsaustralia.com.au, puretec.com.au, filtersforyou.com.au, philips.com.au, google.com, filtermate.com.au, tappwater.com.au, waterscoaustralia.com.au, shieldwaterfilter.com.au, aquaserve.com.au, inflowfilter.com, kuvings.com.au, waterfilter.net.au, bespokewater.com.au, aewaterfilters.com, carawater.com.au","filtersystemsaustralia.com.au, waterdropfilter.com.au, kuvings.com.au, aquatru.com, shieldwaterfilter.com.au, wateranalytics.com.au","filtersystemsaustralia.com.au, philips.com.au, ovio.com, waterfilter.net.au, waterdropfilter.com.au, filteredwatersolutions.com.au, waterscoaustralia.com.au, membraneshop.com.au, inflowfilter.com, mayerwater.com, kuvings.com.au, lovable.app, minthomefiltration.com, purpleduck.com.au","filtersystemsaustralia.com.au, filpure.com.au, cleanandclearwater.com.au, watershop.com.au, waterdropfilter.com.au","filtersystemsaustralia.com.au, cleanandclearwater.com.au, waterdropfilter.com.au, bespokewater.com.au, filteredwatersolutions.com.au","filtersystemsaustralia.com.au, makwater.com.au, membraneshop.com.au"
home water filters wollongong,,,,,,,,,,,,,,,,,,26,,,,False,False,"shieldwaterfilter.com.au, wateranalytics.com.au, filtersforyou.com.au, google.com, freshfilteredwater.com.au, cleanandclearwater.com.au, alkalineworld.com.au, waterscoaustralia.com.au, cloudtap.com.au","cleanandclearwater.com.au, wateranalytics.com.au, minthomefiltration.com, comparewaterfilters.com.au, greatwaterfilters.com.au, waterscoaustralia.com.au, filtersystemsaustralia.com.au, filtap.com.au","cleanandclearwater.com.au, filtap.com.au, wateranalytics.com.au, purpleduck.com.au, purewaterfiltration.com.au, filtersystemsaustralia.com.au, safemains.com.au, filpure.com.au, comparewaterfilters.com.au, greatwaterfilters.com.au, daveywater.com, novoh2o.com.au","cleanandclearwater.com.au, filpure.com.au, filtap.com.au, wateranalytics.com.au, greatwaterfilters.com.au","cleanandclearwater.com.au, filtap.com.au, waterfilter.com.au, filtersystemsaustralia.com.au, wateranalytics.com.au, filteredwatersolutions.com.au","wateranalytics.com.au, filtap.com.au, thewaterfiltrationcompany.com.au, cleanandclearwater.com.au, waterfilter.com.au, filtersystemsaustralia.com.au"
water filter central coast,,,,,,,,,,,,,,,,,,20,35,,waterscore.com.au,False,False,"google.com, wateranalytics.com.au, waterscoaustralia.com.au","wateranalytics.com.au, filtersystemsaustralia.com.au","filpure.com.au, safemains.com.au, cleanandclearwater.com.au, filtap.com.au, filtersystemsaustralia.com.au, purewaterfiltration.com.au, greatwaterfilters.com.au, wateranalytics.com.au, minthomefiltration.com, comparewaterfilters.com.au, purpleduck.com.au, filteredwatersolutions.com.au","cleanandclearwater.com.au, filpure.com.au, filteredwatersolutions.com.au, filtersystemsaustralia.com.au",cleanandclearwater.com.au,"cleanandclearwater.com.au, filtersystemsaustralia.com.au, thewaterfiltrationcompany.com.au, filtap.com.au, filteredwatersolutions.com.au"
water filtration central coast,,,,,,,,,,,,,,,,,,26,,,,False,False,"shieldwaterfilter.com.au, aquaserve.com.au, wateranalytics.com.au, google.com, cleanandclearwater.com.au, purestwaterfiltration.com.au, purewaterfiltration.com.au, filpure.com.au, aarke.com, doulton.com","wateranalytics.com.au, comparewaterfilters.com.au, minthomefiltration.com, cleanandclearwater.com.au, purestwaterfiltration.com.au, filpure.com.au, safemains.com.au, alkaviva.com.au","safemains.com.au, wateranalytics.com.au, filpure.com.au, google.com, purestwaterfiltration.com.au, purpleduck.com.au, cleanandclearwater.com.au, comparewaterfilters.com.au, valueh2o.com.au, filtersystemsaustralia.com.au, purewaterfiltration.com.au","wateranalytics.com.au, cleanandclearwater.com.au, filtersystemsaustralia.com.au, filteredwatersolutions.com.au, bespokewater.com.au, purestwaterfiltration.com.au, filpure.com.au","cleanandclearwater.com.au, purestwaterfiltration.com.au, filteredwatersolutions.com.au, filpure.com.au, wateranalytics.com.au","filtersystemsaustralia.com.au, purestwaterfiltration.com.au, purezafilters.com, wateranalytics.com.au, cleanandclearwater.com.au"
water heater heat pump,,28,,0.485466351829988,0.514533648170012,0.337662337662338,0.352941169550173,0.647058810841984,2.31,,2.31,0,,0,0.93,,0.93,12,6,,samedayhotwaterservice.com.au,False,False,wateranalytics.com.au,"suncityhotwater.com.au, solahartsunshinecoast.com.au","barplumbing.com.au, sunpakhotwater.com.au, solahartsunshinecoast.com.au, germantech.com.au, evoheat.com.au, appliancesonline.com.au, agl.com.au, phwservices.com.au",suncityhotwater.com.au,,
chlorine removal water perth,,,,,,,,,,,,,,,,,,4,,,,False,False,"wateranalytics.com.au, aquastream.com.au, google.com, clearhavenwaterfiltration.com.au",,,,,
home water filters,,,,0.444480968858131,0.555519031141869,0.419117647058824,0.329113919884634,0.670886067457138,1.81,,1.81,0,,0,104.83,,104.83,7,22,,facilitieswise.com.au,False,False,"filtersystemsaustralia.com.au, alkaviva.com.au, ecobud.com.au, wateranalytics.com.au","wateranalytics.com.au, waterscoaustralia.com.au",,"filtersystemsaustralia.com.au, cleanandclearwater.com.au, wateranalytics.com.au, waterscoaustralia.com.au",,
best hot water system for home,,,,,,,,,,,,,,,,,,6,,,,False,False,"wateranalytics.com.au, samedayhotwaterservice.com.au, bunnings.com.au, istore.net.au, reece.com.au, sarrosplumbing.com.au",,,,,
water dispenser perth,,6,,,,,,,1.4,,1.4,0,,0,69.35,,69.35,14,0,,aussienatural.net.au,False,False,"watercoolersuperstore.com.au, google.com, neverfail.com.au","neverfail.com.au, watercoolersuperstore.com.au, aquacoolerdirect.com.au, philips.com.au, wateranalytics.com.au, aussienatural.net.au",,"neverfail.com.au, ourtaap.com, bevi.co, culligan.com.au, aussienatural.net.au, watercoolersuperstore.com.au, aquapax.com.au, officeworks.com.au, aquacoolerdirect.com.au","watercoolersuperstore.com.au, neverfail.com.au, aussienatural.net.au","watercoolersuperstore.com.au, aussienatural.net.au, culligan.com.au"
whole house filter,,,,0.545351958247445,0.454648041752555,0.407284768211921,0.301675975968291,0.698324018445117,1.85,,1.85,0,,0,69.3,,69.3,3,17,,shieldwaterfilter.com.au,False,False,filtersystemsaustralia.com.au,filtersystemsaustralia.com.au,"filtersystemsaustralia.com.au, aquastream.com.au, wateranalytics.com.au",filtersystemsaustralia.com.au,,
whole home water purifier,,,,,,,,,,,,,,,,,,6,7,,freshwatersystems.com.au,False,False,"aquastream.com.au, puremainswater.com.au, wateranalytics.com.au, waterscoaustralia.com.au",waterfilter.com.au,cleanandclearwater.com.au,,,
reverse osmosis water filter sydney,,6,,,,,,,,,,0,,0,12.67,,12.67,19,7,,filtersystemsaustralia.com.au,False,False,"aquaserve.com.au, google.com, cleanandclearwater.com.au, waterscoaustralia.com.au, filtap.com.au, philips.com.au, carawater.com.au","filtersystemsaustralia.com.au, waterdropfilter.com.au, cleanandclearwater.com.au, philips.com.au, filtap.com.au, wateranalytics.com.au, purestwaterfiltration.com.au","filpure.com.au, cleanandclearwater.com.au, purestwaterfiltration.com.au, minthomefiltration.com, comparewaterfilters.com.au","filtap.com.au, filtersystemsaustralia.com.au, cleanandclearwater.com.au, purewaterfiltration.com.au","purestwaterfiltration.com.au, cleanandclearwater.com.au","filtersystemsaustralia.com.au, filtap.com.au"
hot water heat pump hobart,,,,,,,,,,,,,,,,,,26,,,,False,False,"mulcahyelectrical.com.au, rcboelectrical-srp.com.au, hobarthotwatergroup.com.au, cityplumbing-srp.net.au, google.com, reece.com.au, auroraenergy.com.au, daikin.com.au, istore.net.au, egstas.com, diverseplumbingroofingandgas.com.au, powerbay.com.au","istore.net.au, powerbay.com.au, rcboelectrical-srp.com.au","solahart.com.au, auroraenergy.com.au, egstas.com, southernair.com.au, rcboelectrical-srp.com.au, iwantenergy.com.au, daikin.com.au, hobarthotwatergroup.com.au","solahart.com.au, rosettagroup.com.au, rcboelectrical-srp.com.au, cmaxgroup.com.au, wefs.com.au, egstas.com, southernair.com.au, auroraenergy.com.au","solahart.com.au, local-plumbing-tas.com.au, rosettagroup.com.au","solahart.com.au, egstas.com, dtpowertech.com.au, wateranalytics.com.au, reece.com.au, southernair.com.au, cmaxgroup.com.au, modernhydronics.com.au, wefs.com.au"
water filtration system wollongong,,,,,,,,,,,,,,,,,,27,,,,False,False,"google.com, thewateralchemists.com.au, filtersforyou.com.au, filpure.com.au, aquaserve.com.au, wateranalytics.com.au, cleanandclearwater.com.au, southernfiltration.com.au","wateranalytics.com.au, greatwaterfilters.com.au, cleanandclearwater.com.au, comparewaterfilters.com.au, minthomefiltration.com, filtap.com.au, mrsplashplumbing.com.au, google.com","eliteplumbinggroup.com, filtap.com.au, cleanandclearwater.com.au, wateranalytics.com.au, filpure.com.au, safemains.com.au, google.com, networkplumbing.com.au, purpleduck.com.au, minthomefiltration.com, comparewaterfilters.com.au, greatwaterfilters.com.au, hydrosmart.com.au","filtap.com.au, wateranalytics.com.au, cleanandclearwater.com.au, eliteplumbinggroup.com","cleanandclearwater.com.au, filtap.com.au, filteredwatersolutions.com.au, wateranalytics.com.au, waterfilter.com.au, filpure.com.au, bespokewater.com.au","completehomefiltration.com.au, cleanandclearwater.com.au, filtap.com.au, filteredwatersolutions.com.au, wateranalytics.com.au, waterfilter.com.au, filtersystemsaustralia.com.au, valueh2o.com.au, thewateralchemists.com.au, filtecwater.com"
whole house filtration system,,21,,0.578859504132231,0.421140495867769,0.354545454545455,0.366197177940885,0.633802807974608,1.93,,1.93,0,,0,10.53,,10.53,5,8,,completehomefiltration.com.au,False,False,,"wateranalytics.com.au, filtersystemsaustralia.com.au","wateranalytics.com.au, waterfilter.com.au, filtersystemsaustralia.com.au, puremainswater.com.au",,"wateranalytics.com.au, filtersystemsaustralia.com.au",
best whole home water filter,,23,,0.410247055443838,0.589752944556162,0.203389830508475,0.276595738795835,0.723404239927569,,,,,,,,,,3,11,,puretec.com.au,False,False,,"filtersystemsaustralia.com.au, wateranalytics.com.au",,,,
heat pump hot water system perth,,23,,,,,,,,,,,,,,,,25,7,,heatpumpsperthwa.com.au,False,False,hivehome.com,"hiltonplumbing.com.au, hotwatersystemsperth.com.au, wateranalytics.com.au","hotwatersolutionswa.com.au, evoheat.com.au, solahart.com.au, urbanfuture.com.au, hiltonplumbing.com.au, rheem.com.au, sarrosplumbing.com.au, papasplumbingandgas.com.au, oncallhotwater.com.au, intelligenelectrical.com.au, gxrplumbing.com.au, unrivalledpg.com.au","hiltonplumbing.com.au, richtek.com.au, urbanfuture.com.au, hotwatersolutionswa.com.au, unrivalledpg.com.au, solarrepairs.com.au, sarrosplumbing.com.au, irwinsplumbing.com.au, auscoplumbingandgas.com.au, bestcoast.com.au","richtek.com.au, hotwatersolutionswa.com.au, intelligenelectrical.com.au, urbanfuture.com.au, hiltonplumbing.com.au","richtek.com.au, hiltonplumbing.com.au, hotwatersolutionswa.com.au, fixor.com.au, urbanfuture.com.au, sarrosplumbing.com.au, cadenceplumbingperth.com.au"
water filter solutions,,12,,,,,,,2.36,,2.36,0,,0,51.28,,51.28,21,15,,filteredwatersolutions.com.au,False,False,"google.com, inflowfilter.com, aquaserve.com.au, filtersystemsaustralia.com.au, cleanandclearwater.com.au, filteredwatersolutions.com.au, waterscoaustralia.com.au","filteredwatersolutions.com.au, filtersystemsaustralia.com.au, wateranalytics.com.au, waterscoaustralia.com.au","filteredwatersolutions.com.au, filpure.com.au, filtersystemsaustralia.com.au, minthomefiltration.com, lovable.app, cleanandclearwater.com.au","smartenergy.co, filteredwatersolutions.com.au, filtersystemsaustralia.com.au, desino.com.au","filteredwatersolutions.com.au, filtersystemsaustralia.com.au, membraneshop.com.au, smartenergy.co, purezafilters.com","filtersystemsaustralia.com.au, filteredwatersolutions.com.au, prwater.com.au, oxfordandnelson.com.au"
best home filtration system,,19,,,,,,,,,,,,,,,,16,4,,puretec.com.au,False,False,,,,,,"wateranalytics.com.au, waterfilter.com.au, urbanfuture.com.au, purewaterfiltration.com.au, cloudtap.com.au, completehomefiltration.com.au"
house water filter,,32,,,,,,,,,,,,,,,,8,21,,filtersystemsaustralia.com.au,False,False,aquastream.com.au,waterfilter.com.au,"wateranalytics.com.au, filtersystemsaustralia.com.au, purewaterfiltration.com.au","aquastream.com.au, filtersystemsaustralia.com.au, wateranalytics.com.au, fullhousefiltration.com.au",,"wateranalytics.com.au, filtersystemsaustralia.com.au"
best water filtration system for home,,,,,,,,,2.72,,2.72,0,,0,0.0,,0.0,10,14,,flipkart.com,False,False,"earthswater.com.au, philips.com.au","wateranalytics.com.au, cloudtap.com.au, puretec.com.au, purewaterfiltration.com.au","cleanandclearwater.com.au, wateranalytics.com.au, filtersystemsaustralia.com.au, aquala.au",,,
water purifier system for home,,42,,,,,,,,,,,,,,,,4,11,,aquasafe.com.au,False,False,,"wateranalytics.com.au, filtersystemsaustralia.com.au, purewaterfiltration.com.au",,,,
water filtration melbourne,,,,,,,,,4.03,,4.03,0,,0,0.0,,0.0,38,31,,freshwatersystems.com.au,False,False,"google.com, pureflowfiltration.com.au, realwater.au, cleanandclearwater.com.au, plumbersnorthmelbourne.com.au, wateranalytics.com.au, waterscoaustralia.com.au, zazenalkalinewater.com.au, alkalineworld.com.au","cleanandclearwater.com.au, wateranalytics.com.au, pureflowfiltration.com.au, purewaterfiltration.com.au, demandfiltration.com.au, demandfiltration.com, greatwaterfilters.com.au, filtap.com.au","wateranalytics.com.au, filteredwatersolutions.com.au, ahhac.com.au, cleanandclearwater.com.au, greatwaterfilters.com.au, inflowfilter.com, carefree.com.au, expertplumbing.com.au, filtap.com.au, valueh2o.com.au, purewaterfiltration.com.au, collisbrosplumbing.com.au, pureflowfiltration.com.au, vankor.com.au, minthomefiltration.com, tryselene.com.au, comparewaterfilters.com.au","cleanandclearwater.com.au, purewaterfiltration.com.au, filtap.com.au, expertplumbing.com.au, filtersystemsaustralia.com.au, pureflowfiltration.com.au, demandfiltration.com.au, atplumbingmelbourne.com.au","cleanandclearwater.com.au, filpure.com.au, filtap.com.au, wateranalytics.com.au, pureflowfiltration.com.au, waterfilter.com.au, asctanks.com.au, filteredwatersolutions.com.au, filtecwater.com, comparewaterfilters.com.au","cleanandclearwater.com.au, filtap.com.au, thewaterfiltrationcompany.com.au, filtersystemsaustralia.com.au, smarth2o.com.au, purezafilters.com, pureflowfiltration.com.au, springwellwater.com, filteredwatersolutions.com.au, wateranalytics.com.au, filtecwater.com, watershop.com.au"
whole house water filtration filters,,,,,,,,,,,,,,,,,,1,7,,shieldwaterfilter.com.au,False,False,wateranalytics.com.au,,,,,
commercial water filtration,,,,,,,,,1.24,,1.24,0,,0,11.38,,11.38,6,26,,aquastream.com.au,False,False,"southlandfiltration.com.au, aquapax.com.au, oleology.com.au, aquaenergygroup.com.au",,wateranalytics.com.au,,,
whole house water purification systems reverse osmosis,,13,,,,,,,,,,,,,,,,5,2,,completehomefiltration.com.au,False,False,,,"filtersystemsaustralia.com.au, waterfilter.net.au, wateranalytics.com.au, waterdropfilter.com.au",,,
3 stage water filtration system,,18,,,,,,,,,,,,,,,,13,7,,cassbrothers.com.au,False,False,"aquaserve.com.au, shieldwaterfilter.com.au, google.com, aewaterfilters.com, waterdropfilter.eu, waterscoaustralia.com.au, alkalineworld.com.au","shieldwaterfilter.com.au, puretec.com.au","filtersystemsaustralia.com.au, wateranalytics.com.au, lovable.app","pure2o.com.au, filtersystemsaustralia.com.au",filtersystemsaustralia.com.au,"cleanandclearwater.com.au, filtersystemsaustralia.com.au"
heat pump central coast,,,,,,,,,,,,,,,,,,33,,,,False,False,"sanden-hot-water.com.au, wateranalytics.com.au, elyonplumbercentralcoast.com.au, obrienplumbingandroofing.com.au, hoganhotwaterandair.com.au, solahartcentralcoast.com.au, agl.com.au, jrgasandwater.com.au, istore.net.au","celsiusheatpumps.com.au, agl.com.au, jrgasandwater.com.au, newcastlehotwaterservice.com.au, istore.net.au, coastlineair.net.au, solahartcentralcoast.com.au","evoheat.com.au, fluidplumbingservices.com.au, fixnflow.com.au, green.com.au, agl.com.au, coastlineair.net.au","fluidplumbingservices.com.au, fixnflow.com.au, claysplumbing.com.au, solarbatterygroup.com.au, solarchoice.net.au, agl.com.au, dreamplumbing.com.au, rheem.com.au, sanden-hot-water.com.au","hitechhotwater.com.au, newcastlehotwaterservice.com.au, solahartcentralcoast.com.au, green.com.au, tozerair.com.au, gosfordair.com.au, fluidplumbingservices.com.au","hitechhotwater.com.au, sanden-hot-water.com.au, hotwatersystemsnewcastle.com.au, landing-pages.com.au, betarair.com.au, dnraircon.com, newcastlehotwaterrepairs.com.au, coastlineair.net.au, fluidplumbingservices.com.au, techairsolutions.com.au, agl.com.au"
water filter system melbourne,,33,,,,,,,,,,,,,,,,27,25,,aquasafe.com.au,False,False,"pureflowfiltration.com.au, google.com, wateranalytics.com.au, carawater.com.au, cleanandclearwater.com.au, waterscoaustralia.com.au, waterfilterguy.com.au, shieldwaterfilter.com.au, ecovera.au, realwater.au, plumbingbros.com.au, alkalineworld.com.au","cleanandclearwater.com.au, pureflowfiltration.com.au, comparewaterfilters.com.au, wateranalytics.com.au, filtap.com.au, greatwaterfilters.com.au","cleanandclearwater.com.au, pureflowfiltration.com.au, google.com, expertplumbing.com.au, purewaterfiltration.com.au, filtap.com.au, wateranalytics.com.au, minthomefiltration.com","waterfilter.com.au, purewaterfiltration.com.au, cleanandclearwater.com.au, expertplumbing.com.au, filtap.com.au, pureflowfiltration.com.au, wateranalytics.com.au, demandfiltration.com.au","waterfilter.com.au, filtap.com.au, cleanandclearwater.com.au, greatwaterfilters.com.au","cleanandclearwater.com.au, pureflowfiltration.com.au, filtap.com.au, filteredwatersolutions.com.au"
home water filtration system near me,,,,,,,,,,,,,,,,,,6,,,,False,False,"filtermate.com.au, filtersystemsaustralia.com.au, alkaviva.com.au","thinkwater.com.au, wateranalytics.com.au, purewaterfiltration.com.au, filtersystemsaustralia.com.au","thinkwater.com.au, wateranalytics.com.au",,,
heat pump hot water system hobart,,,,,,,,,,,,,,,,,,30,,,,False,False,"mulcahyelectrical.com.au, rcboelectrical-srp.com.au, jrgasandwater.com.au, cityplumbing-srp.net.au, hobarthotwatergroup.com.au, wateranalytics.com.au, istore.net.au, google.com, reece.com.au, daikin.com.au, auroraenergy.com.au, iwantenergy.com.au, cmaxgroup.com.au","wateranalytics.com.au, rcboelectrical-srp.com.au, iwantenergy.com.au, istore.net.au, mulcahyelectrical.com.au","southernair.com.au, egstas.com, rosettagroup.com.au, auroraenergy.com.au, solahart.com.au, reece.com.au, rheem.com.au, rcboelectrical-srp.com.au, hobarthotwatergroup.com.au, daikin.com.au, iwantenergy.com.au, pickleplumbing.com.au, wateranalytics.com.au, sprsunheatpump.com, cmaxgroup.com.au","rosettagroup.com.au, egstas.com, cmaxgroup.com.au, southernair.com.au, iwantenergy.com.au, rcboelectrical-srp.com.au, solahart.com.au, auroraenergy.com.au, reece.com.au","egstas.com, expertelectricaltas.com.au, lpage.au, wateranalytics.com.au, rosettagroup.com.au, wefs.com.au, solarscheme.com.au, solahart.com.au, powerplayelectrical.com.au","cmaxgroup.com.au, wefs.com.au, egstas.com, wateranalytics.com.au, modernhydronics.com.au"
whole house water purification systems,,,,0.345390625,0.654609375,0.229166666666667,0.243243239956172,0.756756746530314,,,,,,,,,,5,24,,freshwatersystems.com.au,False,False,"google.com, puremainswater.com.au","filtersystemsaustralia.com.au, wateranalytics.com.au",filtersystemsaustralia.com.au,filtersystemsaustralia.com.au,,
fluoride water filters australia,,,,,,,,,1.54,,1.54,0,,0,0.0,,0.0,29,12,,zipwater.com,False,False,"shieldwaterfilter.com.au, inflowfilter.com, waterscoaustralia.com.au, ecobud.com.au, kynandfolk.com, alkalineworld.com.au, aimexaustralia.com.au, purewatersystems.com.au, google.com, betterwaterbetteryou.com.au, zazenalkalinewater.com.au, wateranalytics.com.au, holyh2o.com.au","holyh2o.com.au, waterscoaustralia.com.au, alkalineworld.com.au, filtersystemsaustralia.com.au, ecobud.com.au, wateranalytics.com.au, water2.com, betterwaterbetteryou.com.au, inflowfilter.com, puretec.com.au, carawater.com.au","waterscoaustralia.com.au, filpure.com.au, ecobud.com.au, water2.com, holyh2o.com.au, kynandfolk.com, tappwater.com.au, filtersystemsaustralia.com.au, lovable.app, inflowfilter.com, betterwaterbetteryou.com.au","ecobud.com.au, waterscoaustralia.com.au, inflowfilter.com","alkaviva.com.au, waterscoaustralia.com.au, waterfilter.com.au, ecobud.com.au",water-filter-sentry.com.au
uv filtration,,,,,,,,,,,,,,,,,,5,0,,thefishworks.com.au,False,False,"filtersystemsaustralia.com.au, psifilters.com.au, puretec.com.au, wateranalytics.com.au",uvguard.com,,,,
aqua analytics,,3,,,,,,,,,,,,,,,,1,0,,aqua-analytics.com,False,False,,,wateranalytics.com.au,,,
home water filtration systems for hard water,,,,,,,,,,,,,,,,,,3,,,,False,False,"wateranalytics.com.au, purewaterfiltration.com.au, filtersystemsaustralia.com.au",,,,,
hard water filter system,,27,,,,,,,,,,,,,,,,21,13,,filtersystemsaustralia.com.au,False,False,"wateranalytics.com.au, google.com, filtersforyou.com.au, inflowfilter.com, shieldwaterfilter.com.au, cleanandclearwater.com.au, filtersystemsaustralia.com.au","safemains.com.au, filtersystemsaustralia.com.au, activflo.com.au, pacificwater.com.au, shieldwaterfilter.com.au, wateranalytics.com.au, waterscoaustralia.com.au","safemains.com.au, filpure.com.au, bespokewater.com.au, cleanandclearwater.com.au, filtersystemsaustralia.com.au, wateranalytics.com.au, lovable.app, minthomefiltration.com","filtap.com.au, cleanandclearwater.com.au, filtersystemsaustralia.com.au","cleanandclearwater.com.au, filtap.com.au, waterfilter.com.au, filtersystemsaustralia.com.au, wateranalytics.com.au","filtersystemsaustralia.com.au, bespokewater.com.au, filtap.com.au, cleanandclearwater.com.au, wateranalytics.com.au"
melbourne water filter,,,,,,,,,3.75,,3.75,0,,0,1.93,,1.93,46,30,,raceglaze.com.au,False,False,"waterscoaustralia.com.au, inflowfilter.com, google.com, expertplumbing.com.au, purewaterfiltration.com.au, pureflowfiltration.com.au, cleanandclearwater.com.au, alkalineworld.com.au, zazenalkalinewater.com.au, shieldwaterfilter.com.au, water2.com, filteredwatersolutions.com.au","cleanandclearwater.com.au, waterscoaustralia.com.au, wellverti.com.au, zazenalkalinewater.com.au, filtermate.com.au, wateranalytics.com.au, alkaway.com.au, demandfiltration.com, goblutech.com, clearlyfiltered.com","expertplumbing.com.au, purewaterfiltration.com.au, filteredwatersolutions.com.au, cleanandclearwater.com.au, filtap.com.au, carefree.com.au, alkaway.com.au, fullhousefiltration.com.au, tryselene.com.au, filtersystemsaustralia.com.au, minthomefiltration.com","purewaterfiltration.com.au, cleanandclearwater.com.au, filteredwatersolutions.com.au, waterfilter.com.au, filtap.com.au, demandfiltration.com.au, rilian.com.au, desino.com.au, tappwater.com.au, waterscoaustralia.com.au, alkaway.com.au","cleanandclearwater.com.au, filtap.com.au, filteredwatersolutions.com.au, waterfilter.com.au, aquala.au, conwaysplumbingservices.com, greatwaterfilters.com.au, billi.com.au, alkaway.com.au, filtersystemsaustralia.com.au, blissfulhome.com.au, inflowfilter.com, kynandfolk.com, carawater.com.au, barewater.com.au, alkalineworld.com.au","hyperwellbeing.com.au, alkaway.com.au, cleanandclearwater.com.au, filtersystemsaustralia.com.au, purewater4life.com.au, ecobud.com.au, filteredwatersolutions.com.au, demandfiltration.com.au"
whole house water filter installation,,16,,0.673174603174603,0.326825396825397,0.666666666666667,,,1.69,,1.69,0,,0,0.0,,0.0,16,3,,filtersystemsaustralia.com.au,False,False,,,,"completehomefiltration.com.au, acplumbing.com.au, staticplumbing.com.au","completehomefiltration.com.au, wateranalytics.com.au, cleanandclearwater.com.au, filteredwatersolutions.com.au, aqualeau.com.au, gaperry.com.au, purewaterfiltration.com.au, neighbourhoodwaterfiltration.com.au","abaplumbing.com.au, levelau.com.au, wateranalytics.com.au, filtersystemsaustralia.com.au, greatwaterfilters.com.au, filteredwatersolutions.com.au, micronwaterfilters.com.au, westozwaterfilters.com.au"
home water systems,,52,,0.418602022605592,0.581397977394408,0.48780487804878,,,1.05,,1.05,0,,0,72.43,,72.43,5,29,,puretec.com.au,False,False,,"wateranalytics.com.au, purewatersystems.com.au, daveywater.com, philips.com.au",,,,
heat pump hot water victoria,,13,,,,,,,1.59,,1.59,0,,0,0.0,,0.0,25,3,,energy.vic.gov.au,False,False,,"gstore.com.au, futurenrg.com.au, advantagesolar.com.au, fallonsolutions.com.au, prestigeplumbingact.com.au, wateranalytics.com.au","carbonsavers.com.au, jayceeplumbing.com.au, bendigoheatingandcooling.com.au, advantagesolar.com.au, solahart.com.au, powerbay.com.au","powerbay.com.au, gstore.com.au, fallonsolutions.com.au, carbonsavers.com.au, advantagesolar.com.au, solar.vic.gov.au, jayceeplumbing.com.au, solahartgeelong.com.au","solahartgeelong.com.au, wateranalytics.com.au, gstore.com.au, appliancesonline.com.au, carbonsavers.com.au, australiangreensolution.com.au, solarflow.com.au, australianenergyupgrades.com.au, solar.vic.gov.au, solahart.com.au, reece.com.au, heatpumpcentral.com.au","solargain.com.au, bensplumbing.com.au, carbonsavers.com.au, australiangreensolution.com.au, 24hrplumbingservices.com.au"
hot water systems adelaide,,35,,,,,,,9.93,,9.93,0,,0,25.89,,25.89,42,12,,sahotwater.com.au,False,False,"google.com, lpage.com.au, abaplumbing.com.au, irwinsplumbing.com.au, kevsplumbing.com.au, nsplumbing.com.au, vortplumbing.com.au, kenhallplumbers.com.au, yourlocaltradesman.com.au, sosplumbingandgas.com.au, jackslocalplumbing.com.au, localtradestoday.com.au, saexpressplumbing.com.au, svplumbingsolutions.com.au, rightnowplumbingadelaide.com.au, nandsplumbing.com.au","hotwater.com.au, levelau.com.au, aquatekplumbers.com.au, useprofessionaltrades.com.au, irwinsplumbing.com.au, abaplumbing.com.au, iansplumbing.com.au, saexpressplumbing.com.au, sosplumbingandgas.com.au, lpage.com.au, kenhallplumbers.com.au, lpgs.com.au, andrewevansplumbing.com.au, fjrobertsplumbing-srp.com.au, hotwatertek.com.au, jackslocalplumbing.com.au, localtradestoday.com.au, nsplumbing.com.au, harveytrades.com.au, google.com, vortplumbing.com.au","vortplumbing.com.au, useprofessionaltrades.com.au, saexpressplumbing.com.au, abaplumbing.com.au, lpage.com.au, iansplumbing.com.au, gpages.com.au, irwinsplumbing.com.au, rightnowplumbingadelaide.com.au, levelau.com.au, promptplumbingandair.com.au, jackslocalplumbing.com.au, solahart.com.au, hotwater.com.au, koalaplumbingadelaide.com.au, andrewevansplumbing.com.au, sosplumbingandgas.com.au, fjrobertsplumbing-srp.com.au","irwinsplumbing.com.au, lpage.com.au, iansplumbing.com.au, groveplumbingandgas.com.au, saexpressplumbing.com.au, vortplumbing.com.au, levelau.com.au, hotwatertek.com.au, hotwater.com.au, aquatekplumbers.com.au, adelaideemergencyplumbing.com.au, solahart.com.au, promptplumbingandair.com.au, abaplumbing.com.au, useprofessionaltrades.com.au, rightnowplumbingadelaide.com.au, jackslocalplumbing.com.au","aquatekplumbers.com.au, promptplumbingandair.com.au, bunnings.com.au, hotwater.com.au, irwinsplumbing.com.au, lpage.com.au, groveplumbingandgas.com.au, iansplumbing.com.au, yourlocaltradesman.com.au, saexpressplumbing.com.au, localchoice.com.au, hotwatertek.com.au, vortplumbing.com.au, kenhallplumbers.com.au","irwinsplumbing.com.au, lpgs.com.au"
water filtration adelaide,,,,,,,,,1.3,,1.3,0,,0,0.0,,0.0,10,23,,incrediblypure.com.au,False,False,"ctfiltration.com.au, purewaterfiltration.com.au, abaplumbing.com.au, oleology.com.au, google.com, wateranalytics.com.au, puratap.com.au, aquatekplumbers.com.au, filtersystemsaustralia.com.au",wateranalytics.com.au,wateranalytics.com.au,,,
house water filtration,,49,,,,,,,,,,,,,,,,7,28,,completehomefiltration.com.au,False,False,,,,,"completehomefiltration.com.au, wateranalytics.com.au","filtersystemsaustralia.com.au, wateranalytics.com.au, waterfilter.com.au, waterfilterdistributors.com.au, demandfiltration.com.au, homewaterfiltration.com.au"
home water filters sydney,,,,,,,,,,,,,,,,,,16,,,,False,False,"hydraflo.com.au, cleanandclearwater.com.au, inflowfilter.com, waterscoaustralia.com.au, aquaserve.com.au, google.com, wateranalytics.com.au","hydraflo.com.au, cleanandclearwater.com.au, minthomefiltration.com, purestwaterfiltration.com.au","filpure.com.au, purestwaterfiltration.com.au, cleanandclearwater.com.au, filtap.com.au, hydraflo.com.au, purewaterfiltration.com.au, wateranalytics.com.au, collisbrosplumbing.com.au","wateranalytics.com.au, filtap.com.au, purestwaterfiltration.com.au","waterfilter.com.au, yakkazplumbing.com.au, wateranalytics.com.au, filtap.com.au, purestwaterfiltration.com.au","wateranalytics.com.au, purestwaterfiltration.com.au"
water filter systems for home,,,,,,,,,2.46,,2.46,0,,0,11.27,,11.27,6,15,,healthyhabitats.com.au,False,False,"cleanandclearwater.com.au, filtersystemsaustralia.com.au, wateranalytics.com.au, micronwaterfilters.com.au, cloudtap.com.au",,,,completehomefiltration.com.au,
home water filters central coast,,,,,,,,,,,,,,,,,,26,,,,False,False,"google.com, wateranalytics.com.au, waterscoaustralia.com.au, jrgasandwater.com.au, aewaterfilters.com","wateranalytics.com.au, filtersystemsaustralia.com.au, greatwaterfilters.com.au, purewatersystems.com.au, cleanandclearwater.com.au, waterscoaustralia.com.au, mrsplashplumbing.com.au, google.com","filtap.com.au, cleanandclearwater.com.au, wateranalytics.com.au, filpure.com.au, filtersystemsaustralia.com.au, purestwaterfiltration.com.au, networkplumbing.com.au, novoh2o.com.au, waterscoaustralia.com.au, collisbrosplumbing.com.au, greatwaterfilters.com.au, minthomefiltration.com, filteredwatersolutions.com.au","wateranalytics.com.au, purestwaterfiltration.com.au, cleanandclearwater.com.au, filpure.com.au, google.com, filtap.com.au, filteredwatersolutions.com.au","filtap.com.au, wateranalytics.com.au, filtersystemsaustralia.com.au, cleanandclearwater.com.au, purestwaterfiltration.com.au, filteredwatersolutions.com.au, waterfilter.com.au, filpure.com.au","cleanandclearwater.com.au, purestwaterfiltration.com.au, filtap.com.au, filteredwatersolutions.com.au, drinkrippl.com, pureflowfiltration.com.au, wateranalytics.com.au, filtersystemsaustralia.com.au, waterfilter.com.au"
