Keyword,Search Volume,Ranking Difficulty,Total Monthly Clicks,Mobile Search Percent,Desktop Search Percent,Searches Not Clicked Percent,Paid Clicks Percent,Organic Clicks Percent,Broad Cost Per Click,Phrase Cost Per Click,Exact Cost Per Click,Broad Monthly Clicks,Phrase Monthly Clicks,Exact Monthly Clicks,Broad Monthly Cost,Phrase Monthly Cost,Exact Monthly Cost,Ads,Number of Ranking Homepages,SERP Features CSV,SERP First Result,Is Question?,Is Not Safe For Work?,Current SERP (1),Previous SERP (2),Past SERP (3),Past SERP (4),Past SERP (5),Past SERP (6)
water filter,5400,55,2400,0.52966017021717,0.47033982978283,0.554294478527607,0.337921541521706,0.662078458134178,1.34,,1.34,14,,14,4022.14,,4022.14,44,28,,waterfilter.au,False,False,"filtersystemsaustralia.com.au, wateranalytics.com.au, google.com, inflowfilter.com, waterscoaustralia.com.au, purewatersystems.com.au, ecobud.com.au, zipwater.com, waterdropfilter.com.au, philips.com.au, carawater.com.au, culligan.com.au, kynandfolk.com, filteredwatersolutions.com.au, filpure.com.au, cleanandclearwater.com.au, aquaserve.com.au, waterfilter.net.au, tappwater.com.au, networkplumbing.com.au, lordsplumbing.com.au","filpure.com.au, filteredwatersolutions.com.au, cleanandclearwater.com.au, culligan.com.au, filtersystemsaustralia.com.au, wateranalytics.com.au, philips.com.au, kynandfolk.com, waterscoaustralia.com.au, waterdropfilter.com.au, wellverti.com.au, alkaviva.com.au, novoh2o.com.au, roseplumbing.com.au, lordsplumbing.com.au, greatwaterfilters.com.au, zazenalkalinewater.com.au, google.com","leafhomewatersolutions.com, springwellwater.com, hydroviv.com, waterfilter.net.au, filtersystemsaustralia.com.au, titanwatersolutions.com, waterscoaustralia.com.au, kynandfolk.com, novoh2o.com.au, lordsplumbing.com.au, wellverti.com.au, cleanandclearwater.com.au, purezafilters.com, 43water.com, kindwater.com, tampaculligan.com, goodlifec.netlify.app","completehomefiltration.com.au, culligan.com.au, filtersystemsaustralia.com.au, purezafilters.com, springwellwater.com, kindwater.com, aquacoolerdirect.com.au, leafhomewatersolutions.com, wateranalytics.com.au, novoh2o.com.au, alkaviva.com.au","leafhomewatersolutions.com, waterfilter.com.au, flowpure.com, carawater.com.au, novoh2o.com.au, wateranalytics.com.au, waterfilter.net.au, filpure.com.au, waterscoaustralia.com.au, kindwater.com, filtersystemsaustralia.com.au, ecobud.com.au, springwellwater.com, drinkflowater.com","cleannectarine.com.au, filtersystemsaustralia.com.au, home-water-filtration.com, leafhomewatersolutions.com, kindwater.com"
water purifier,1800,52,780,0.597506951775566,0.402493048224433,0.566824644549763,0.380743982077961,0.619256016827948,1.48,,1.48,4,,4,999.5,,999.5,40,22,,joycemayne.com.au,False,False,"philips.com.au, waterdropfilter.com.au, smarth2o.com.au, thewaterfiltrationcompany.com.au, waterscoaustralia.com.au, inflowfilter.com, purewaterfiltration.com.au, kynandfolk.com, filtersystemsaustralia.com.au, google.com, purewatersystems.com.au, aquaserve.com.au, completehomefiltration.com.au, aquaguarduae.com, filpure.com.au, amazon.com.au","novoh2o.com.au, waterdropfilter.com.au, purewatersystems.com.au, waterscoaustralia.com.au, smarth2o.com.au, alkaviva.com.au, filtersystemsaustralia.com.au, cleanandclearwater.com.au, filteredwatersolutions.com.au, purewaterfiltration.com.au, wateranalytics.com.au, mrsplashplumbing.com.au, filpure.com.au, kynandfolk.com, google.com, completehomefiltration.com.au","hytekwaterconditioningfl.com, rorra.com, waterscoaustralia.com.au, 43water.com, titanwatersolutions.com, atlanticfilterpolk.com, theh2oheroes.com, leafhomewatersolutions.com, novoh2o.com.au, cleanandclearwater.com.au","hytekwaterconditioningfl.com, purevivausa.com, culligan.com, leafhomewatersolutions.com, acquivaro.com, purewaterfiltration.com.au, clearhavenwaterfiltration.com.au, filtersystemsaustralia.com.au","leafhomewatersolutions.com, home-water-filtration.com, hytekwaterconditioningfl.com, drinkflowater.com, tampaculligan.com, wisewell.com","home-water-filtration.com, kindwater.com"
reverse osmosis water filter,1100,19,750,0.527654832763013,0.472345167236987,0.466620305980528,0.322033897885223,0.677966100810996,1.78,,1.78,3,,3,814.3,,814.3,15,8,,filtersystemsaustralia.com.au,False,False,"google.com, philips.com.au, puretec.com.au, tappwater.com.au","philips.com.au, puretec.com.au","filtersystemsaustralia.com.au, waterscoaustralia.com.au","aquala.au, waterfilter.net.au, cleanandclearwater.com.au, filtersystemsaustralia.com.au, waterdropfilter.com.au, filteredwatersolutions.com.au, philips.com.au","waterfilter.net.au, philips.com.au, cleanandclearwater.com.au",filtersystemsaustralia.com.au
water filters,780,,420,0.401564970544245,0.598435029455755,0.462509865824783,0.274596181883556,0.725403817382229,1.5,,1.5,3,,3,769.6,,769.6,26,38,,cassbrothers.com.au,False,False,"filtersystemsaustralia.com.au, google.com","waterscoaustralia.com.au, shieldwaterfilter.com.au","filtersystemsaustralia.com.au, waterscoaustralia.com.au","trendhs.com.au, filtersystemsaustralia.com.au, waterscoaustralia.com.au, aquacoolerdirect.com.au, culligan.com.au, waterfilterdistributors.com.au, greatwaterfilters.com.au, sunshinecoastwaterfilters.com.au, waterfilter.net.au","filtersystemsaustralia.com.au, waterfilter.net.au, filpure.com.au, waterfilter.com.au, novoh2o.com.au, cleanandclearwater.com.au, wfa.com.au, ecovenza.com, waterscoaustralia.com.au, ecobud.com.au, inflowfilter.com, aquacoolerdirect.com.au","greatwaterfilters.com.au, filtersystemsaustralia.com.au"
water filters australia,600,74,300,,,,,,2.09,,2.09,4,,4,1005.8,,1005.8,15,37,,wfa.com.au,False,False,"waterscoaustralia.com.au, inflowfilter.com, ozbath.com.au, google.com, filtersystemsaustralia.com.au, water-filter-sentry.com.au","filtersystemsaustralia.com.au, psifilters.com.au, waterscoaustralia.com.au",filtersystemsaustralia.com.au,filtersystemsaustralia.com.au,"filtersystemsaustralia.com.au, waterscoaustralia.com.au, alkaviva.com.au",
water filtration,570,55,220,0.407841031658217,0.592158968341783,0.6110183639399,0.244635192083111,0.755364803625044,1.7,,1.7,5,,5,1412.14,,1412.14,15,29,,completehomefiltration.com.au,False,False,wateranalytics.com.au,purezafilters.com,"cleanandclearwater.com.au, wateranalytics.com.au, filtersystemsaustralia.com.au, filpure.com.au, reactiveplumbingandelectrical.com.au, hydraflo.com.au, waterfilter.net.au","filtersystemsaustralia.com.au, wateranalytics.com.au, springwellwater.com","completehomefiltration.com.au, filtersystemsaustralia.com.au","waterfilter.com.au, demandfiltration.com.au, filtecwater.com, wateranalytics.com.au, completehomefiltration.com.au, filtersystemsaustralia.com.au"
reverse osmosis system,380,20,195,0.638099605591729,0.361900394408271,0.490499194847021,0.367256636935994,0.632743362431894,1.66,,1.66,0,,0,154.42,,154.42,13,6,,bluetongueindustries.com.au,False,False,"centurionaprs.com, google.com, distillo.com.au",filtersystemsaustralia.com.au,"filtersystemsaustralia.com.au, filpure.com.au, cleanandclearwater.com.au","filtersystemsaustralia.com.au, waterdropfilter.com.au","filpure.com.au, fullhousewaterfiltration.com.au, centurionaprs.com, waterfilter.com.au, filtersystemsaustralia.com.au, filteredwatersolutions.com.au, aquala.au, cleanandclearwater.com.au, aquariusdrilling.com.au",
water filter near me,360,48,,,,,,,1.71,,1.71,,,,3.75,,3.75,5,23,,mywaterfilter.com.au,False,False,,"purewaterfiltration.com.au, filteredwatersolutions.com.au","cleanandclearwater.com.au, filtersystemsaustralia.com.au",,,
water filtration systems,320,63,165,0.434875102310147,0.565124897689853,0.47103274559194,0.266666665396825,0.73333332984127,2.76,,2.76,1,,1,405.67,,405.67,32,32,,freshwatersystems.com.au,False,False,"inflowfilter.com, aquastream.com.au, aquaserve.com.au, wateranalytics.com.au, google.com, filtersystemsaustralia.com.au, cleanandclearwater.com.au, filpure.com.au, waterscoaustralia.com.au, clickcease.com","aquastream.com.au, wateranalytics.com.au, filtersystemsaustralia.com.au, aeropure.com.au","networkplumbing.com.au, filtersystemsaustralia.com.au, bespokewater.com.au, wateranalytics.com.au, filpure.com.au, cleanandclearwater.com.au, purewaterfiltration.com.au, carefree.com.au, aquastream.com.au, minthomefiltration.com, purpleduck.com.au","filtersystemsaustralia.com.au, wateranalytics.com.au, reactiveplumbingandelectrical.com.au, smartenergy.co, filpure.com.au, cleanandclearwater.com.au","reactiveplumbingandelectrical.com.au, waterfilter.com.au, filpure.com.au, filtersystemsaustralia.com.au, daveywater.com, smartenergy.co, filtecwater.com, wateranalytics.com.au, hydraflo.com.au, cleanandclearwater.com.au, bespokewater.com.au, waterfilter.net.au","filtersystemsaustralia.com.au, waterfilter.com.au"
water filter system,280,56,145,0.625937468983465,0.374062531016535,0.486381322957198,0.392676767180964,0.60732323155641,2.42,,2.42,2,,2,638.99,,638.99,24,24,,cassbrothers.com.au,False,False,"filtersystemsaustralia.com.au, waterdropfilter.com.au, google.com, shieldwaterfilter.com.au","filtersystemsaustralia.com.au, wateranalytics.com.au, nsf.org, aquacoolerdirect.com.au","filtersystemsaustralia.com.au, waterfilter.net.au, sunshinecoastwaterfilters.com.au, summitfiltration.com.au, wateranalytics.com.au, filpure.com.au, cleanandclearwater.com.au, tryselene.com.au","reactiveplumbingandelectrical.com.au, wateranalytics.com.au, filpure.com.au, cleanandclearwater.com.au, aquastream.com.au, pure2o.com.au, filtersystemsaustralia.com.au, sunshinecoastwaterfilters.com.au, waterfilter.net.au, daveywater.com","reactiveplumbingandelectrical.com.au, filteredwatersolutions.com.au, smartenergy.co, filtersystemsaustralia.com.au, sunshinecoastwaterfilters.com.au, filtap.com.au, wateranalytics.com.au, greatwaterfilters.com.au","filtersystemsaustralia.com.au, wateranalytics.com.au, alkaviva.com.au"
complete home filtration,250,24,250,,,,,,1.0,,1.0,2,,2,582.49,,582.49,17,13,,completehomefiltration.com.au,False,False,"purestwaterfiltration.com.au, waterfilter.com.au","cleanandclearwater.com.au, homewaterfiltration.com.au","waterfilter.com.au, cleanandclearwater.com.au, purestwaterfiltration.com.au, completehomefiltration.com.au, sunshinecoastwaterfilters.com.au, wateranalytics.com.au, homewaterfiltration.com.au, summitfiltration.com.au","trendhs.com.au, sunshinecoastwaterfilters.com.au, cleanandclearwater.com.au, wateranalytics.com.au, dolphinhomefiltration.com.au, filtersystemsaustralia.com.au, homewaterfiltration.com.au, waterfilter.com.au","trendhs.com.au, sunshinecoastwaterfilters.com.au, wateranalytics.com.au, waterfilter.com.au, homewaterfiltration.com.au, smartenergy.co, slaterpumpsmelbourne.com.au",
clarence water filters,210,21,210,,,,,,3.12,,3.12,0,,0,18.03,,18.03,3,1,,clarencewaterfilters.com.au,False,False,"filtersystemsaustralia.com.au, clarencewaterfilters.com.au, cleanandclearwater.com.au","clarencewaterfilters.com.au, filtersystemsaustralia.com.au","clarencewaterfilters.com.au, filtersystemsaustralia.com.au",clarencewaterfilters.com.au,clarencewaterfilters.com.au,"clarencewaterfilters.com.au, filtersystemsaustralia.com.au"
pure water systems,210,25,115,0.336068672839506,0.663931327160494,0.444444444444444,0.024999999375,0.974999975625001,1.72,,1.72,2,,2,417.91,,417.91,18,25,,purewatersystems.com.au,False,False,waterscoaustralia.com.au,"purewatersystems.com.au, cleanandclearwater.com.au, filteredwatersolutions.com.au, wateranalytics.com.au","purewatersystems.com.au, cleanandclearwater.com.au, wateranalytics.com.au, filtersystemsaustralia.com.au, purewaterfiltration.com.au, westflowfiltration.com.au","purewatersystems.com.au, wateranalytics.com.au, carawater.com.au, hellowaterfiltration.com.au, filtap.com.au, tappwater.com.au, cleanandclearwater.com.au, hydraflo.com.au","waterfilter.com.au, filtersystemsaustralia.com.au, purewatersystems.com.au","purewatersystems.com.au, purezafilters.com"
water filtration system,210,,105,0.578210282027676,0.421789717972323,0.507508663842896,0.326035965343209,0.67396403387493,2.76,,2.76,1,,1,404.17,,404.17,10,32,,freshwatersystems.com.au,False,False,google.com,"filtersystemsaustralia.com.au, wateranalytics.com.au","wateranalytics.com.au, filpure.com.au, cleanandclearwater.com.au, filtersystemsaustralia.com.au, homewaterfiltration.com.au","filpure.com.au, filtersystemsaustralia.com.au, wateranalytics.com.au, cleanandclearwater.com.au","reactiveplumbingandelectrical.com.au, filpure.com.au, wateranalytics.com.au, valueh2o.com.au, filtersystemsaustralia.com.au, cleanandclearwater.com.au",filtersystemsaustralia.com.au
water purification system,140,52,70,0.447448864702571,0.552551135297429,0.493150684931507,,,2.73,,2.73,0,,0,86.59,,86.59,4,26,,purewatersystems.com.au,False,False,,,,,"wateranalytics.com.au, cleanandclearwater.com.au, filtap.com.au, completehomefiltration.com.au",
whole house water filter,140,19,90,0.637203268175583,0.362796731824417,0.330555555555556,0.305117565614075,0.6948824341093,1.73,,1.73,4,,4,1283.49,,1283.49,26,9,,cassbrothers.com.au,False,False,"filtersystemsaustralia.com.au, waterfilter.com.au, wateranalytics.com.au, aquastream.com.au, google.com","homewaterfiltration.com.au, water-filter-sentry.com.au, aquastream.com.au, waterfilter.com.au, filtersystemsaustralia.com.au","filtersystemsaustralia.com.au, waterfilter.net.au, alkaviva.com.au, wateranalytics.com.au, mywaterfilter.com.au, summitfiltration.com.au, sunshinecoastwaterfilters.com.au, cleanandclearwater.com.au, filtermate.com.au, pacificwater.com.au, networkplumbing.com.au, graywaterplumbing.com.au","filtersystemsaustralia.com.au, wateranalytics.com.au, filtermate.com.au, waterfilter.com.au, trendhs.com.au, sunshinecoastwaterfilters.com.au, aquastream.com.au, dolphinhomefiltration.com.au, neighbourhoodwaterfiltration.com.au, aquariuswaterfilters.com.au, pure2o.com.au, networkplumbing.com.au, cleanandclearwater.com.au, filtap.com.au","filtersystemsaustralia.com.au, wateranalytics.com.au, sunshinecoastwaterfilters.com.au",filtersystemsaustralia.com.au
best under sink water filter australia,105,20,105,,,,,,1.95,,1.95,0,,0,52.09,,52.09,7,6,,waterfilter.com.au,False,False,filtersystemsaustralia.com.au,"waterscoaustralia.com.au, minthomefiltration.com, waterdropfilter.com.au, filtersystemsaustralia.com.au","cleanandclearwater.com.au, wateranalytics.com.au, waterdropfilter.com.au, filpure.com.au",filpure.com.au,,
water filter sydney,105,63,105,,,,,,4.61,,4.61,0,,0,36.7,,36.7,10,39,,watershop.com.au,False,False,hydraflo.com.au,"lovable.app, hydraflo.com.au","waterfilter.net.au, novoh2o.com.au, purpleduck.com.au","filpure.com.au, novoh2o.com.au, filtap.com.au",filtersystemsaustralia.com.au,
water filter services,105,37,26,,,,,,4.01,,4.01,0,,0,14.67,,14.67,2,29,,waterpeople.com.au,False,False,,,"filtersystemsaustralia.com.au, cleanandclearwater.com.au",,,
water filter installation,105,18,50,0.511189035243859,0.488810964756141,0.509433962264151,0.0384615369822486,0.961538424556214,5.14,,5.14,0,,0,177.08,,177.08,34,4,,bunnings.com.au,False,False,"lordsplumbing.com.au, lumika.com.au, cleanandclearwater.com.au","roseplumbing.com.au, cleanandclearwater.com.au, lordsplumbing.com.au, homewaterfiltration.com.au, lumika.com.au","fluidplumbingservices.com.au, brisbaneflowplumbing.com.au, cleanandclearwater.com.au, theplumbinglifesaver.com.au, filtap.com.au, minthomefiltration.com, roseplumbing.com.au, lordsplumbing.com.au","cleanandclearwater.com.au, newcastlewaterfiltration.com.au, brisbaneflowplumbing.com.au","theplumbinglifesaver.com.au, filtap.com.au, newcastlewaterfiltration.com.au, cleanandclearwater.com.au, obrien.com.au, dolphinhomefiltration.com.au, prestigeplumbingact.com.au, 247northmelbourneplumber.com.au, mrflowplumbing.com.au","cleanandclearwater.com.au, filtap.com.au, millbrookplumbers.com.au, demandfiltration.com.au"
clean and clear water,70,10,70,,,,,,1.33,,1.33,0,,0,165.59,,165.59,1,18,,productreview.com.au,False,False,,cleanandclearwater.com.au,cleanandclearwater.com.au,,cleanandclearwater.com.au,
reverse osmosis water filter australia,70,22,70,,,,,,2.06,,2.06,0,,0,59.72,,59.72,16,11,,filtersystemsaustralia.com.au,False,False,,"filtersystemsaustralia.com.au, waterfilter.net.au","waterdropfilter.com.au, filtersystemsaustralia.com.au, ovio.com, philips.com.au, waterscoaustralia.com.au","waterdropfilter.com.au, homewaterfiltration.com.au, waterscoaustralia.com.au, waterfilter.net.au, cleanandclearwater.com.au, carawater.com.au, philips.com.au, filtersystemsaustralia.com.au","philips.com.au, wateranalytics.com.au, tappwater.com.au, aquala.au","filtersystemsaustralia.com.au, carawater.com.au, waterdropfilter.com.au, waterscoaustralia.com.au"
filtered water solutions,70,61,70,,,,,,2.36,,2.36,0,,0,65.79,,65.79,17,29,,filteredwatersolutions.com.au,False,False,,"filteredwatersolutions.com.au, filpure.com.au, purewaterfiltration.com.au, filtersystemsaustralia.com.au","filteredwatersolutions.com.au, filpure.com.au, cleanandclearwater.com.au, reactiveplumbingandelectrical.com.au","waterfilter.com.au, filteredwatersolutions.com.au, filpure.com.au, reactiveplumbingandelectrical.com.au, wateranalytics.com.au, cleanandclearwater.com.au, waterfilter.direct, smartenergy.co, filtersystemsaustralia.com.au",,
sink water filter,70,24,40,0.637209157127992,0.362790842872008,0.432258064516129,0.482954542710486,0.517045451607696,1.74,,1.74,0,,0,76.85,,76.85,10,4,,purewatersystems.com.au,False,False,,"filtersystemsaustralia.com.au, completehomefiltration.com.au, h2ostores.com, filteredwatersolutions.com.au, cleanandclearwater.com.au, puretec.com.au, drinkrippl.com, filtap.com.au, tappwater.com.au","filtersystemsaustralia.com.au, completehomefiltration.com.au, puretec.com.au, philips.com.au",,,
reverse osmosis filter australia,70,,70,,,,,,2.8,,2.8,0,,0,0.32,,0.32,32,15,,philips.com.au,False,False,"aquala.au, philips.com.au, waterscoaustralia.com.au, google.com, filtersystemsaustralia.com.au, inflowfilter.com, filtersforyou.com.au, puretec.com.au, alkaviva.com.au, kuvings.com.au, buildmat.com.au, clickcease.com, tappwater.com.au, carawater.com.au, hydrogenhealth.net.au, shieldwaterfilter.com.au, aewaterfilters.com, waterdropfilter.com.au, water-filter-sentry.com.au","filtersystemsaustralia.com.au, philips.com.au, tappwater.com.au, water-filter-sentry.com.au, waterdropfilter.com.au, cleanandclearwater.com.au, google.com, waterscoaustralia.com.au, puretec.com.au","waterscoaustralia.com.au, filtersystemsaustralia.com.au, waterdropfilter.com.au, waterfilter.net.au, ovio.com, philips.com.au, filpure.com.au, tappwater.com.au, cleanandclearwater.com.au","filtersystemsaustralia.com.au, cleanandclearwater.com.au, filteredwatersolutions.com.au, waterdropfilter.com.au, bespokewater.com.au, philips.com.au, carawater.com.au, waterscoaustralia.com.au, waterfilter.net.au","waterscoaustralia.com.au, filtersystemsaustralia.com.au, waterfilter.net.au, aquala.au, tappwater.com.au, cleanandclearwater.com.au, hyperwellbeing.com.au","filtersystemsaustralia.com.au, waterfilter.com.au, filpure.com.au"
water softening system,70,,36,0.67385798816568,0.32614201183432,0.5,0.230769227218935,0.76923075739645,1.7,,1.7,0,,0,12.27,,12.27,2,8,,energy.gov,False,False,cleanandclearwater.com.au,hydrosmart.com.au,,,,
home water filtration system,70,46,44,0.58439269270496,0.41560730729504,0.376569037656904,0.295302012431872,0.704697984212423,2.01,,2.01,0,,0,107.78,,107.78,31,27,,freshwatersystems.com.au,False,False,"google.com, puremainswater.com.au, homewaterfiltration.com.au","waterfilter.com.au, filpure.com.au, purewaterfiltration.com.au, homewaterfiltration.com.au, puretec.com.au, cleanandclearwater.com.au","networkplumbing.com.au, wateranalytics.com.au, filpure.com.au, cloudtap.com.au, filtersystemsaustralia.com.au, sunshinecoastwaterfilters.com.au, summitfiltration.com.au, hydrotechgroup.com.au, purewaterfiltration.com.au, pureflowfiltration.com.au, tryselene.com.au, thinkwater.com.au, sznobana.com, inflowfilter.com, cleanandclearwater.com.au","trendhs.com.au, wateranalytics.com.au, sunshinecoastwaterfilters.com.au, homewaterfiltration.com.au, smartenergy.co, filtersystemsaustralia.com.au",smartenergy.co,"puretec.com.au, wateranalytics.com.au, waterfilter.com.au, filpure.com.au, smartenergy.co, purestwaterfiltration.com.au"
filtered tap,36,,36,,,,,,,,,,,,,,,8,6,,zipwater.com,False,False,"completehomefiltration.com.au, filtap.com.au, cleanandclearwater.com.au, filtersystemsaustralia.com.au, zipwater.com, filpure.com.au","completehomefiltration.com.au, filpure.com.au, filtap.com.au, waterfilter.net.au, zipwater.com, puretec.com.au, cleanandclearwater.com.au",,,,
water filter system australia,36,,36,,,,,,2.13,,2.13,0,,0,8.73,,8.73,7,38,,makwater.com.au,False,False,greatwaterfilters.com.au,filtersystemsaustralia.com.au,"filtersystemsaustralia.com.au, cleanandclearwater.com.au, filteredwatersolutions.com.au, waterscoaustralia.com.au",,,
water filter melbourne,36,,36,,,,,,2.85,,2.85,0,,0,13.6,,13.6,3,23,,filteredwatersolutions.com.au,False,False,,"cleanandclearwater.com.au, fullhousefiltration.com.au, filtap.com.au",,,,
under sink water filter installation,36,3,36,0.47,0.53,0.571428571428571,,,4.46,,4.46,0,,0,16.54,,16.54,1,0,,purewatersystems.com.au,False,False,,,,,,
complete home water filter system,36,,30,,,,,,,,,,,,,,,7,10,,homewater.com,False,False,wateranalytics.com.au,"wateranalytics.com.au, cleanandclearwater.com.au, homewaterfiltration.com.au, filtersystemsaustralia.com.au, thinkwater.com.au",wateranalytics.com.au,completehomefiltration.com.au,,
under bench water chiller,36,,36,,,,,,0.97,,0.97,0,,0,0.0,,0.0,8,1,,zipwater.com,False,False,a1waterfilters.com.au,"kiewavalleyspringwater.com.au, billi.com.au, filtersystemsaustralia.com.au, aquacoolerdirect.com.au, zipwater.com, cleanandclearwater.com.au","aquacoolerdirect.com.au, zipwater.com, watercoolersuperstore.com.au, billi.com.au",,,
best whole house water filtration system australia,36,22,36,,,,,,2.06,,2.06,0,,0,0.5,,0.5,15,11,,puretec.com.au,False,False,wateranalytics.com.au,"wateranalytics.com.au, filtersystemsaustralia.com.au, comparewaterfilters.com.au",,"filtersystemsaustralia.com.au, wateranalytics.com.au",,"wateranalytics.com.au, cloudtap.com.au, hydrotechgroup.com.au, filtersystemsaustralia.com.au, puretec.com.au, micronwaterfilters.com.au"
under sink water filter installation service,36,,20,,,,,,0.1,,0.1,0,,0,0.0,,0.0,5,23,,freshwatersystems.com,False,False,"atcplumbing.com.au, fallonsolutions.com.au, cleanandclearwater.com.au, prestigeplumbingact.com.au, google.com",,,,,
reverse osmosis filtration system,36,,22,0.398216631950008,0.601783368049992,0.367088607594937,0.3599999928,0.6399999872,1.99,,1.99,0,,0,1.33,,1.33,23,4,,philips.com.au,False,False,"puretec.com.au, filtersforyou.com.au, aquala.au, google.com, aquaserve.com.au, shieldwaterfilter.com.au","waterdropfilter.com.au, wateranalytics.com.au, filtermate.com.au, desalinationwatermaker.com, forenwater.com, puretec.com.au","filtersystemsaustralia.com.au, waterdropfilter.com.au, waterscoaustralia.com.au, cleanandclearwater.com.au, philips.com.au, tappwater.com.au","filtersystemsaustralia.com.au, philips.com.au, fullhousewaterfiltration.com.au, wateranalytics.com.au, bespokewater.com.au, filpure.com.au, filteredwatersolutions.com.au","filtersystemsaustralia.com.au, waterdropfilter.com.au, filpure.com.au","filtersystemsaustralia.com.au, waterfilter.com.au, filpure.com.au"
water filtration systems australia,36,,36,,,,,,2.92,,2.92,0,,0,4.02,,4.02,9,45,,freshwatersystems.com.au,False,False,greatwaterfilters.com.au,,,"filtersystemsaustralia.com.au, completehomefiltration.com.au","filtersystemsaustralia.com.au, wateranalytics.com.au, purewatersystems.com.au, mywaterfilter.com.au, filteredwatersolutions.com.au, waterscoaustralia.com.au, cleanandclearwater.com.au",
reverse osmosis water system,36,19,22,0.547040525852699,0.452959474147301,0.396882494004796,0.39165009862495,0.608349899386978,2.23,,2.23,0,,0,86.88,,86.88,9,6,,filtersystemsaustralia.com.au,False,False,puretec.com.au,"filtersystemsaustralia.com.au, waterfilter.net.au",filtersystemsaustralia.com.au,"filtecwater.com, filtersystemsaustralia.com.au, cleanandclearwater.com.au, demandfiltration.com.au","filtersystemsaustralia.com.au, waterfilter.net.au, waterdropfilter.com.au, h2ostores.com",
4 stage water filter,36,16,36,0.330553633217993,0.669446366782007,0.382352941176471,,,2.35,,2.35,0,,0,17.48,,17.48,12,7,,filteredwatersolutions.com.au,False,False,"google.com, waterscoaustralia.com.au, inflowfilter.com, shieldwaterfilter.com.au","cleanandclearwater.com.au, filtersystemsaustralia.com.au, waterfilter.net.au, waterscoaustralia.com.au","filtersystemsaustralia.com.au, lovable.app","alkaviva.com.au, filtersystemsaustralia.com.au",filtersystemsaustralia.com.au,filtersystemsaustralia.com.au
water filter replacement,36,27,18,0.448714771698761,0.551285228301239,0.463687150837989,0.322916663302951,0.677083326280382,2.18,,2.18,0,,0,38.64,,38.64,10,14,,wfa.com.au,False,False,,"filtersystemsaustralia.com.au, waterscoaustralia.com.au, irrigationexpress.com.au, psifilters.com.au, thinkwater.com.au","filtersystemsaustralia.com.au, purezafilters.com, waterscoaustralia.com.au",filtersystemsaustralia.com.au,filtersystemsaustralia.com.au,"alkaway.com.au, filtersystemsaustralia.com.au, cleanandclearwater.com.au"
full house water filtration system,36,17,24,,,,,,,,,,,,,,,26,7,,fullhousewaterfiltration.com.au,False,False,"wateranalytics.com.au, filtersystemsaustralia.com.au, google.com, waterfilter.com.au, aquaserve.com.au, shieldwaterfilter.com.au, aewaterfilters.com, mrsplashplumbing.com.au","wateranalytics.com.au, waterfilter.com.au, filtersystemsaustralia.com.au, aquastream.com.au, waterfilterman.com.au, nexahomesolutions.com.au, mrsplashplumbing.com.au, google.com","networkplumbing.com.au, cleanandclearwater.com.au, filpure.com.au, purestwaterfiltration.com.au, purpleduck.com.au, safemains.com.au, wateranalytics.com.au, filtersystemsaustralia.com.au, collisbrosplumbing.com.au, lovable.app","filtap.com.au, smartenergy.co, purestwaterfiltration.com.au, hyperwellbeing.com.au, cleanandclearwater.com.au, wateranalytics.com.au, filpure.com.au, networkplumbing.com.au","waterfilter.com.au, cleanandclearwater.com.au, smartenergy.co, filtap.com.au, purestwaterfiltration.com.au, reactiveplumbingandelectrical.com.au, fullhousewaterfiltration.com.au, wateranalytics.com.au, filpure.com.au","filtersystemsaustralia.com.au, filpure.com.au, purestwaterfiltration.com.au, wateranalytics.com.au, waterfilter.com.au, cleanandclearwater.com.au"
whole house water filter australia,36,26,36,,,,,,1.51,,1.51,0,,0,89.7,,89.7,13,17,,puretec.com.au,False,False,filtersystemsaustralia.com.au,"filtersystemsaustralia.com.au, wateranalytics.com.au, psifilters.com.au, thinkwater.com.au",filtersystemsaustralia.com.au,,wateranalytics.com.au,
water filter installation melbourne,36,28,36,,,,,,12.25,,12.25,0,,0,3.35,,3.35,37,15,,greatwaterfilters.com.au,False,False,"plumbersnorthmelbourne.com.au, greatwaterfilters.com.au, pureflowfiltration.com.au, realwater.au, google.com, 247northmelbourneplumber.com.au, aquaserve.com.au, cleanandclearwater.com.au","cleanandclearwater.com.au, filtap.com.au, wateranalytics.com.au, greatwaterfilters.com.au, filteredwatersolutions.com.au, pureflowfiltration.com.au, purewaterfiltration.com.au, google.com, atcplumbing.com.au, demandfiltration.com, plumbersnorthmelbourne.com.au, plumbingbros.com.au","cleanandclearwater.com.au, filtap.com.au, expertplumbing.com.au, irwinsplumbing.com.au, purewaterfiltration.com.au, filteredwatersolutions.com.au, pureflowfiltration.com.au, fullhousefiltration.com.au, wateranalytics.com.au, comparewaterfilters.com.au, tryselene.com.au","filtap.com.au, cleanandclearwater.com.au, purewaterfiltration.com.au, pureflowfiltration.com.au, expertplumbing.com.au","cleanandclearwater.com.au, pureflowfiltration.com.au, filtap.com.au, filteredwatersolutions.com.au, landing-pages.com.au, greatwaterfilters.com.au","pureflowfiltration.com.au, filtap.com.au, filteredwatersolutions.com.au, wateranalytics.com.au, slaterpumpsmelbourne.com.au, cleanandclearwater.com.au, demandfiltration.com.au, greatwaterfilters.com.au"
full house water filter system,36,17,22,,,,,,,,,,,,,,,6,5,,puretec.com.au,False,False,"aquastream.com.au, google.com",,,,,wateranalytics.com.au
under sink water filtration,36,17,26,0.351804733727811,0.648195266272189,0.230769230769231,,,1.12,,1.12,1,,1,218.82,,218.82,3,2,,purewatersystems.com.au,False,False,filtersystemsaustralia.com.au,cleanandclearwater.com.au,,,,completehomefiltration.com.au
home filtration system,36,27,20,0.520142857142857,0.479857142857143,0.414285714285714,0.219512189767995,0.780487785841761,,,,,,,,,,15,26,,teamsmartfix.com.au,False,False,"wateranalytics.com.au, waterfilter.com.au, purewaterfiltration.com.au, nexahomesolutions.com.au",aquastream.com.au,"wateranalytics.com.au, filtersystemsaustralia.com.au, greatwaterfilters.com.au, thinkwater.com.au, comparewaterfilters.com.au",,,
water filters sydney,36,,36,,,,,,4.14,,4.14,0,,0,70.09,,70.09,20,38,,waterscore.com.au,False,False,"hydraflo.com.au, filtersforyou.com.au, waterscoaustralia.com.au, aquaserve.com.au, inflowfilter.com, cleanandclearwater.com.au, google.com","hydraflo.com.au, lovable.app, filtersystemsaustralia.com.au, cleanandclearwater.com.au, google.com","waterfilter.net.au, hydraflo.com.au, purewaterfiltration.com.au, filtersystemsaustralia.com.au, lovable.app, minthomefiltration.com, cleanandclearwater.com.au",filtersystemsaustralia.com.au,"waterfilter.com.au, yakkazplumbing.com.au","filtersystemsaustralia.com.au, watercoolersuperstore.com.au, filtap.com.au, filtermate.com.au, waterscoaustralia.com.au, cleanandclearwater.com.au, filteredwatersolutions.com.au, waterfilter.com.au"
whole house water filter system,36,28,22,0.619704265075887,0.380295734924113,0.398648648648649,0.325842695408829,0.674157300845853,1.73,,1.73,0,,0,120.0,,120.0,12,10,,crystalclearfiltration.com.au,False,False,"aquastream.com.au, filtersystemsaustralia.com.au","filtersystemsaustralia.com.au, google.com","wateranalytics.com.au, cleanandclearwater.com.au","filtersystemsaustralia.com.au, wateranalytics.com.au, cleanandclearwater.com.au, alkaviva.com.au",,
home water filtration systems,36,,24,0.629601664684899,0.370398335315101,0.301724137931034,,,2.14,,2.14,0,,0,94.34,,94.34,13,20,,freshwatersystems.com.au,False,False,"google.com, homewaterfiltration.com.au, wateranalytics.com.au","wateranalytics.com.au, filtersystemsaustralia.com.au","homewaterfiltration.com.au, wateranalytics.com.au, filtersystemsaustralia.com.au","wateranalytics.com.au, homewaterfiltration.com.au","purestwaterfiltration.com.au, fullhousewaterfiltration.com.au, wateranalytics.com.au, philips.com.au","wateranalytics.com.au, filpure.com.au, purestwaterfiltration.com.au, thehomewaterfilterguy.com.au, homewaterfiltration.com.au, filtersystemsaustralia.com.au, aquala.au, waterscoaustralia.com.au, cleanandclearwater.com.au"
water filter installation sydney,36,11,36,,,,,,10.61,,10.61,0,,0,4.59,,4.59,36,10,,filpure.com.au,False,False,"hydraflo.com.au, filtersforyou.com.au, google.com, greatwaterfilters.com.au, aquaserve.com.au, cleanandclearwater.com.au, spsplumbers.com.au, mr247localplumbers.com.au","hydraflo.com.au, cleanandclearwater.com.au, comparewaterfilters.com.au, minthomefiltration.com, purewaterfiltration.com.au, filteredwatersolutions.com.au, samedayhomeservices.com.au, rixsplumbing.com.au, linkplumbing.com.au, google.com","filteredwatersolutions.com.au, purpleduck.com.au, filpure.com.au, fallonsolutions.com.au, filtap.com.au, samedayhomeservices.com.au, cleanandclearwater.com.au, hydraflo.com.au, lovable.app, safemains.com.au, purewaterfiltration.com.au, minthomefiltration.com, collisbrosplumbing.com.au, comparewaterfilters.com.au, mrflowplumbing.com.au","filpure.com.au, samedayhomeservices.com.au, purewaterfiltration.com.au, cleanandclearwater.com.au","emergencyhomeservices.com.au, cleanandclearwater.com.au, greatwaterfilters.com.au, filtap.com.au, filteredwatersolutions.com.au, hipages.com.au, wilcoplumbing.com.au, collisbrosplumbing.com.au, yakkazplumbing.com.au, novoh2o.com.au, samedayhomeservices.com.au","filtap.com.au, wilcoplumbing.com.au, cleanandclearwater.com.au, filteredwatersolutions.com.au, wateranalytics.com.au, emergencyhomeservices.com.au"
water filtration installation,36,,18,,,,,,8.53,,8.53,0,,0,0.0,,0.0,9,3,,sodatap.com.au,False,False,fallonsolutions.com.au,"completehomefiltration.com.au, bayplumbingdrainage.com.au, myplumbingservices.com.au","jilawater.com.au, purewaterfiltration.com.au","completehomefiltration.com.au, jaycoplumbing.com.au, cleanandclearwater.com.au, wateranalytics.com.au",completehomefiltration.com.au,
water filter systems,36,,18,0.462325706980537,0.537674293019463,0.476525821596244,0.345291478272236,0.65470851724346,2.42,,2.42,0,,0,59.87,,59.87,29,25,,freshwatersystems.com.au,False,False,"filtersystemsaustralia.com.au, google.com, waterscoaustralia.com.au, inflowfilter.com, aquaserve.com.au, shieldwaterfilter.com.au, wateranalytics.com.au","filtersystemsaustralia.com.au, waterfilter.net.au, waterscoaustralia.com.au, purewatersystems.com.au, wateranalytics.com.au, mrsplashplumbing.com.au","filtersystemsaustralia.com.au, networkplumbing.com.au, wateranalytics.com.au, purpleduck.com.au, filpure.com.au, minthomefiltration.com","filtersystemsaustralia.com.au, smartenergy.co, homewaterfiltration.com.au, wateranalytics.com.au","reactiveplumbingandelectrical.com.au, smartenergy.co, waterfilter.com.au, valueh2o.com.au, wateranalytics.com.au, filtersystemsaustralia.com.au, cleanandclearwater.com.au, filpure.com.au",filtersystemsaustralia.com.au
full home water filtration system,36,24,28,0.296354453627181,0.703645546372819,0.212121212121212,0.423076906804734,0.576923054733729,,,,,,,,,,27,14,,completehomefiltration.com.au,False,False,"google.com, wateranalytics.com.au, waterfilter.com.au, filtersforyou.com.au, aquaserve.com.au, inflowfilter.com, filtersystemsaustralia.com.au, shieldwaterfilter.com.au, mrsplashplumbing.com.au","wateranalytics.com.au, waterfilter.com.au, cleanandclearwater.com.au, purewaterfiltration.com.au, purestwaterfiltration.com.au, filtap.com.au, filtermate.com.au, mrsplashplumbing.com.au, google.com","wateranalytics.com.au, purestwaterfiltration.com.au, cleanandclearwater.com.au, filtersystemsaustralia.com.au, networkplumbing.com.au, purpleduck.com.au, safemains.com.au, ecovenza.com, minthomefiltration.com, filpure.com.au, tryselene.com.au, fullhousefiltration.com.au, pureflowfiltration.com.au, purewaterfiltration.com.au","wateranalytics.com.au, smartenergy.co, cleanandclearwater.com.au, filtap.com.au, purestwaterfiltration.com.au, networkplumbing.com.au","waterfilter.com.au, smartenergy.co, wateranalytics.com.au, cleanandclearwater.com.au, filtap.com.au, purestwaterfiltration.com.au, reactiveplumbingandelectrical.com.au, filpure.com.au","wateranalytics.com.au, cleanandclearwater.com.au, smartenergy.co, waterfilter.com.au, purestwaterfiltration.com.au, filpure.com.au"
water filtration sydney,36,,36,,,,,,4.74,,4.74,0,,0,16.22,,16.22,41,28,,makwater.com.au,False,False,"hydraflo.com.au, filtersforyou.com.au, google.com, aquaserve.com.au, freshfilteredwater.com.au, cleanandclearwater.com.au, smarth2o.com.au, filtersystemsaustralia.com.au, wateranalytics.com.au, shieldwaterfilter.com.au, waterscoaustralia.com.au","hydraflo.com.au, lovable.app, purewaterfiltration.com.au, cleanandclearwater.com.au, safemains.com.au, waterfilter.net.au, minthomefiltration.com, filtap.com.au, rixsplumbing.com.au, purpleduck.com.au, thewaterfiltrationcompany.com.au","collisbrosplumbing.com.au, samedayhomeservices.com.au, purpleduck.com.au, safemains.com.au, wateranalytics.com.au, filpure.com.au, purewaterfiltration.com.au, cleanandclearwater.com.au, filtap.com.au, hydraflo.com.au, valueh2o.com.au, elkay.com, lovable.app, minthomefiltration.com, filtersystemsaustralia.com.au, inflowfilter.com, buildmat.com.au, comparewaterfilters.com.au, watershop.com.au","wateranalytics.com.au, filpure.com.au, filtersystemsaustralia.com.au, filtap.com.au, collisbrosplumbing.com.au, samedayhomeservices.com.au, purewaterfiltration.com.au, bespokewater.com.au, cleanandclearwater.com.au, valueh2o.com.au","emergencyhomeservices.com.au, waterfilter.com.au, wateranalytics.com.au, valueh2o.com.au, filtersystemsaustralia.com.au, cleanandclearwater.com.au, yakkazplumbing.com.au, bespokewater.com.au, collisbrosplumbing.com.au, filpure.com.au, hydraflo.com.au, samedayhomeservices.com.au, filtap.com.au","filtersystemsaustralia.com.au, smarth2o.com.au, purestwaterfiltration.com.au, thewaterfiltrationcompany.com.au, emergencyhomeservices.com.au, wateranalytics.com.au, collisbrosplumbing.com.au, filtap.com.au, valueh2o.com.au, springwellwater.com"
reverse osmosis water filtration system,36,21,22,0.543861802533131,0.456138197466869,0.363636363636364,0.346153844251902,0.653846150253593,1.77,,1.77,0,,0,22.83,,22.83,7,8,,filtersystemsaustralia.com.au,False,False,,"philips.com.au, filtersystemsaustralia.com.au",filtersystemsaustralia.com.au,"filpure.com.au, philips.com.au, cleanandclearwater.com.au","filtersystemsaustralia.com.au, waterfilter.net.au, waterdropfilter.com.au, waterscoaustralia.com.au",
whole home water filtration,36,,26,0.598,0.402,0.269565217391304,,,,,,,,,,,,15,11,,homewater.com,False,False,"google.com, wateranalytics.com.au, waterfilter.com.au","homewaterfiltration.com.au, waterfilter.com.au, wateranalytics.com.au, cleanandclearwater.com.au",wateranalytics.com.au,"networkplumbing.com.au, wateranalytics.com.au, cleanandclearwater.com.au, purpleduck.com.au","wateranalytics.com.au, filtersystemsaustralia.com.au","completehomefiltration.com.au, puremainswater.com.au, wateranalytics.com.au, cloudtap.com.au"
water filter ballarat,,,,,,,,,,,,,,,,,,5,31,,greatwaterfilters.com.au,False,False,"completehomefiltration.com.au, cleanandclearwater.com.au, filtersystemsaustralia.com.au, purewatersystems.com.au, tappwater.com.au",,,,,
best undersink water filter australia,,,,,,,,,,,,,,,,,,7,13,,livingwhole.com.au,False,False,,,,,,
full home filtration system,,,,,,,,,,,,,,,,,,2,8,,aquasafe.com.au,False,False,,completehomefiltration.com.au,,"completehomefiltration.com.au, cleanandclearwater.com.au",completehomefiltration.com.au,completehomefiltration.com.au
water filters in sydney,,,,,,,,,,,,,,,,,,4,24,,filtap.com.au,False,False,,,,,,
home water filtration system cost melbourne,,,,,,,,,,,,,,,,,,4,,,,False,False,"wateranalytics.com.au, cleanandclearwater.com.au, filtap.com.au, greatwaterfilters.com.au",,,,,
rain water filtration system sydney,,,,,,,,,,,,,,,,,,5,,,,False,False,"filtap.com.au, wateranalytics.com.au, envirosolutions.com.au, revolutionaryfiltration.com.au, cleanandclearwater.com.au",,,,,
water filter install central coast,,,,,,,,,,,,,,,,,,2,,,,False,False,"purestwaterfiltration.com.au, cleanandclearwater.com.au",,,,,
fluoride water filter system melbourne,,,,,,,,,,,,,,,,,,4,,,,False,False,"filtap.com.au, wateranalytics.com.au, aquala.au, cleanandclearwater.com.au",,,,,
home water filter system australia,,,,,,,,,,,,,,,,,,12,50,,freshwatersystems.com.au,False,False,"koalaplumbingadelaide.com.au, wateranalytics.com.au, filtersystemsaustralia.com.au, puretec.com.au","wateranalytics.com.au, clickcease.com, aquala.au, puretec.com.au, cleanandclearwater.com.au, philips.com.au, filtersystemsaustralia.com.au, hyperwellbeing.com.au, hydrotechgroup.com.au",,,,
complete home water filtration system sydney,,,,,,,,,,,,,,,,,,5,,,,False,False,"wateranalytics.com.au, purestwaterfiltration.com.au, cleanandclearwater.com.au","cleanandclearwater.com.au, purestwaterfiltration.com.au, wateranalytics.com.au, filpure.com.au, filtap.com.au",,,,
clear water filter australia,,,,,,,,,,,,,,,,,,4,,,,False,False,filtersystemsaustralia.com.au,"cleanandclearwater.com.au, waterscoaustralia.com.au, filtersystemsaustralia.com.au, ovio.com",,,,
whole house rainwater filtration systems sydney,,,,,,,,,,,,,,,,,,8,,,,False,False,"wateranalytics.com.au, filpure.com.au, cleanandclearwater.com.au, envirosolutions.com.au, purestwaterfiltration.com.au, filtersystemsaustralia.com.au, bespokewater.com.au, puretec.com.au",,,,,
complete home water filter system melbourne,,,,,,,,,,,,,,,,,,5,,,,False,False,"wateranalytics.com.au, filtap.com.au, demandfiltration.com.au, pureflowfiltration.com.au","wateranalytics.com.au, filtap.com.au, cleanandclearwater.com.au",,,,
rain water tank filter system melbourne,,,,,,,,,,,,,,,,,,6,,,,False,False,"wateranalytics.com.au, filtap.com.au, demandfiltration.com.au, daveywater.com","wateranalytics.com.au, daveywater.com, filtap.com.au, cleanandclearwater.com.au, oztanks.com.au",,,,
home filtration melbourne,,,,,,,,,,,,,,,,,,3,,,,False,False,"wateranalytics.com.au, cleanandclearwater.com.au, pureflowfiltration.com.au",,,,,
home water filter system melbourne,,,,,,,,,,,,,,,,,,3,,,,False,False,"demandfiltration.com.au, cleanandclearwater.com.au, wateranalytics.com.au",,,,,
fluoride water filters melbourne,,,,,,,,,,,,,,,,,,5,,,,False,False,"ecobud.com.au, filtap.com.au, waterscoaustralia.com.au, cleanandclearwater.com.au","aquala.au, ecobud.com.au, cleanandclearwater.com.au",,,,
whole house rainwater filtration systems melbourne,,,,,,,,,,,,,,,,,,6,,,,False,False,"cleanandclearwater.com.au, wateranalytics.com.au, filtap.com.au, puretec.com.au","wateranalytics.com.au, demandfiltration.com.au, filtersystemsaustralia.com.au, cleanandclearwater.com.au",,,,
whole house fluoride filter melbourne,,,,,,,,,,,,,,,,,,6,,,,False,False,"wateranalytics.com.au, filtap.com.au, cleanandclearwater.com.au, demandfiltration.com.au","aquala.au, wateranalytics.com.au, filtap.com.au, cleanandclearwater.com.au, demandfiltration.com.au, micronwaterfilters.com.au",,,,
whole house fluoride filters sydney,,,,,,,,,,,,,,,,,,5,,,,False,False,wateranalytics.com.au,"wateranalytics.com.au, cleanandclearwater.com.au, aquala.au, filtap.com.au, filpure.com.au",,,,
water filter system installation sydney,,,,,,,,,,,,,,,,,,5,,,,False,False,"cleanandclearwater.com.au, filtap.com.au, purestwaterfiltration.com.au, revolutionaryfiltration.com.au, greatwaterfilters.com.au",,,,,
fluoride water filteration systems melbourne,,,,,,,,,,,,,,,,,,1,,,,False,False,cleanandclearwater.com.au,,,,,
who has the best whole house water filtration system,,,,,,,,,,,,,,,,,,4,,,,True,False,"wateranalytics.com.au, cleanandclearwater.com.au, filpure.com.au, puretec.com.au",,,,,
complete home water filtration system melbourne,,,,,,,,,,,,,,,,,,6,,,,False,False,"wateranalytics.com.au, pureflowfiltration.com.au, micronwaterfilters.com.au","wateranalytics.com.au, filtap.com.au, cleanandclearwater.com.au, demandfiltration.com.au",,,,
pura tap filter change,,,,,,,,,,,,,,,,,,3,4,,puratap.com.au,False,False,,,,,,
whole house water filtration melbourne,,,,,,,,,,,,,,,,,,8,,,,False,False,"fullhousefiltration.com.au, wateranalytics.com.au","wateranalytics.com.au, demandfiltration.com.au, filtap.com.au, filtersystemsaustralia.com.au","wateranalytics.com.au, cleanandclearwater.com.au, filtap.com.au, pureflowfiltration.com.au, filteredwatersolutions.com.au",,,
warehouse water filters truganina,,,,,,,,,,,,,,,,,,3,,,,False,False,"daveywater.com, cleanandclearwater.com.au, pureflowfiltration.com.au",,,,,
water filter system installation melbourne,,,,,,,,,,,,,,,,,,4,,,,False,False,"filtap.com.au, cleanandclearwater.com.au, amariplumbingandgasfitting.com.au, greatwaterfilters.com.au",,,,,
whole house water filter systems comparison australia,,,,,,,,,2.34,,2.34,0,,0,0.0,,0.0,10,21,,healthywaterways.org,False,False,"wateranalytics.com.au, filtersystemsaustralia.com.au, cleanandclearwater.com.au, cloudtap.com.au, puretec.com.au","filtersystemsaustralia.com.au, urbanfuture.com.au, cloudtap.com.au, wateranalytics.com.au, aquala.au, homewaterfiltration.com.au, filpure.com.au, cleanandclearwater.com.au, puretec.com.au, waterfilter.direct",,,,
home water filtration system cost sydney,,,,,,,,,,,,,,,,,,4,,,,False,False,"cleanandclearwater.com.au, wateranalytics.com.au, filtap.com.au, fullhousewaterfiltration.com.au",,,,,
complete home water filter system sydney,,,,,,,,,,,,,,,,,,4,,,,False,False,"cleanandclearwater.com.au, wateranalytics.com.au, filpure.com.au, revolutionaryfiltration.com.au",,,,,
clear water filter melbourne,,,,,,,,,,,,,,,,,,1,,,,False,False,cleanandclearwater.com.au,,,,,
whole house fluoride filters melbourne,,,,,,,,,,,,,,,,,,8,,,,False,False,"wateranalytics.com.au, filtersystemsaustralia.com.au, filtap.com.au, waterfilterguy.com.au, micronwaterfilters.com.au","demandfiltration.com.au, cleanandclearwater.com.au, wateranalytics.com.au, filtap.com.au, aquala.au",,,,
whole house water filters sydney,,,,,,,,,,,,,,,,,,6,,,,False,False,"cleanandclearwater.com.au, wateranalytics.com.au, filtersystemsaustralia.com.au, filpure.com.au, fullhousewaterfiltration.com.au, filtap.com.au",,,,,
whole house water filter sydney,,,,,,,,,,,,,,,,,,1,,,,False,False,cleanandclearwater.com.au,,,,,
reverse osmosis water filters sydney,,,,,,,,,,,,,,,,,,4,,,,False,False,"filpure.com.au, cleanandclearwater.com.au, filteredwatersolutions.com.au",filtap.com.au,,,,
rain water filtration systems melbourne,,,,,,,,,,,,,,,,,,6,,,,False,False,"wateranalytics.com.au, puretec.com.au, cleanandclearwater.com.au, filtersystemsaustralia.com.au, daveywater.com","cleanandclearwater.com.au, puretec.com.au, filtap.com.au, wateranalytics.com.au",,,,
whole house water filtration system sydney,,,,,,,,,,,,,,,,,,6,,,,False,False,"purestwaterfiltration.com.au, filtap.com.au, wateranalytics.com.au, cleanandclearwater.com.au, filpure.com.au, fullhousewaterfiltration.com.au","cleanandclearwater.com.au, wateranalytics.com.au, filpure.com.au, purestwaterfiltration.com.au",,,,
rain water tank filter system sydney,,,,,,,,,,,,,,,,,,4,,,,False,False,"cleanandclearwater.com.au, aussiewatersavers.com.au, wateranalytics.com.au, filtap.com.au",,,,,
rainwater filter systems for home melbourne,,,,,,,,,,,,,,,,,,4,,,,False,False,"cleanandclearwater.com.au, wateranalytics.com.au, filtap.com.au, demandfiltration.com.au",,,,,
best water filter system australia,,,,,,,,,,,,,,,,,,10,21,,shieldwaterfilter.com.au,False,False,"wateranalytics.com.au, waterscoaustralia.com.au, zipwater.com, philips.com.au","wateranalytics.com.au, aquala.au, cleanandclearwater.com.au, waterdropfilter.com.au, filtersystemsaustralia.com.au, philips.com.au, waterscoaustralia.com.au, cloudtap.com.au",,,,
rain water tank filter systems melbourne,,,,,,,,,,,,,,,,,,6,,,,False,False,"wateranalytics.com.au, cleanandclearwater.com.au, filtap.com.au, puretec.com.au, filtecwater.com","cleanandclearwater.com.au, wateranalytics.com.au, filtap.com.au, daveywater.com",,,,
chilled water filter systems,,,,,,,,,,,,,,,,,,8,,,,False,False,"completehomefiltration.com.au, wateranalytics.com.au, watercoolersuperstore.com.au, cleanandclearwater.com.au, tranquilwater.com.au, zipwater.com, watertreat.com.au","completehomefiltration.com.au, zipwater.com, filtap.com.au",,,,
domestic reverse osmosis system,,,,,,,,,3.19,,3.19,0,,0,0.0,,0.0,5,4,,makwater.com.au,False,False,waterdropfilter.com.au,drinkrippl.com,"aqueous.com.au, filtap.com.au, cleanandclearwater.com.au",,,
hard water filter system for home,,,,,,,,,,,,,,,,,,10,,,,False,False,"puretec.com.au, wateranalytics.com.au, daveywater.com, filpure.com.au, fullhousewaterfiltration.com.au","wateranalytics.com.au, filpure.com.au, cleanandclearwater.com.au, aquala.au, waterfilterdistributors.com.au, revolutionaryfiltration.com.au, filtersystemsaustralia.com.au",,,,
water filters parramatta,,,,,,,,,,,,,,,,,,4,,,,False,False,"cleanandclearwater.com.au, filtersystemsaustralia.com.au, filtap.com.au, novoh2o.com.au",,,,,
gym water filters craigieburn,,,,,,,,,,,,,,,,,,1,,,,False,False,cleanandclearwater.com.au,,,,,
best hard water filter for house,,,,,,,,,,,,,,,,,,12,,,,False,False,"cleanandclearwater.com.au, wateranalytics.com.au, hydrotechgroup.com.au, cloudtap.com.au, completehomefiltration.com.au","wateranalytics.com.au, filtersystemsaustralia.com.au, homewaterfiltration.com.au, daveywater.com, urbanfuture.com.au, cloudtap.com.au, waterscoaustralia.com.au, micronwaterfilters.com.au, puretec.com.au, cleanandclearwater.com.au",,,,
clearwater filters australia,,,,,,,,,,,,,,,,,,4,,,,False,False,"filtersystemsaustralia.com.au, cleanandclearwater.com.au, filpure.com.au, ozfilterwarehouse.com.au",,,,,
filtered water system kitchen,,,,,,,,,,,,,,,,,,9,,,,False,False,"completehomefiltration.com.au, filtap.com.au, filteredwatersolutions.com.au, fixnflow.com.au, filtersystemsaustralia.com.au, cleanandclearwater.com.au, puretec.com.au, billi.com.au","completehomefiltration.com.au, zipwater.com, cleanandclearwater.com.au, filtap.com.au",,,,
whole house water filter noosa,,,,,,,,,,,,,,,,,,2,,,,False,False,"cleanandclearwater.com.au, homewaterfiltration.com.au",,,,,
reverse osmosis water filtration system cost,,,,,,,,,,,,,,,,,,8,,,,False,False,"philips.com.au, filtap.com.au","pureflowfiltration.com.au, fullhousefiltration.com.au, demandfiltration.com.au, ovio.com, cleanandclearwater.com.au",filteredwatersolutions.com.au,"cleanandclearwater.com.au, philips.com.au",,
how much should a whole home water filtration system cost?,,,,,,,,,,,,,,,,,,3,,,,True,False,"cleanandclearwater.com.au, wateranalytics.com.au, filtap.com.au",,,,,
compete home filtration,,,,,,,,,,,,,,,,,,2,,,,False,False,"cleanandclearwater.com.au, smartenergy.co",,,,,
whole house uv water filtration system,,,,,,,,,,,,,,,,,,5,12,,freshwatersystems.com.au,False,False,"filtersystemsaustralia.com.au, cleanandclearwater.com.au, puretec.com.au, wateranalytics.com.au",filtersystemsaustralia.com.au,,,,
eastern suburbs water purifier,,,,,,,,,,,,,,,,,,23,,,,False,False,purewaterfiltration.com.au,"pureflowfiltration.com.au, purestwaterfiltration.com.au","inflowfilter.com, revolutionaryfiltration.com.au, valueh2o.com.au, filtap.com.au, collisbrosplumbing.com.au, cleanandclearwater.com.au","lifesourcewater.com, culligan.com, cloudwaterfilters.com, revolutionaryfiltration.com.au, valueh2o.com.au, hyperwellbeing.com.au, collisbrosplumbing.com.au, kuvings.com.au, inflowfilter.com, filtap.com.au, purestwaterfiltration.com.au, waterfilterforfridge.com.au, alkaviva.com.au","revolutionaryfiltration.com.au, waterscoaustralia.com.au, purestwaterfiltration.com.au, hyperwellbeing.com.au, starwaterfilter.com, theperfectwater.com","homewatersystemspros.com, rorra.com, waterscoaustralia.com.au, ccwt.com.au, waterdropfilter.com.au"
best whole home filtration system,,,,,,,,,,,,,,,,,,4,11,,qualitywaterlab.com,False,False,,,,,completehomefiltration.com.au,"completehomefiltration.com.au, wateranalytics.com.au, cleanandclearwater.com.au, purestwaterfiltration.com.au"
water filter installations mittagong,,,,,,,,,,,,,,,,,,4,,,,False,False,"cleanandclearwater.com.au, homewaterfiltration.com.au, filtap.com.au, wateranalytics.com.au",,,,,
water purifier taps,,,,,,,,,1.37,,1.37,0,,0,0.0,,0.0,3,8,,auspurifiers.com.au,False,False,,,"completehomefiltration.com.au, cleanandclearwater.com.au, irribiz.com.au",,,
clean and clear water filters,,4,,,,,,,2.53,,2.53,0,,0,0.0,,0.0,1,9,,cleanandclearwater.com.au,False,False,,,,,,
water filters kitchen sink,,,,,,,,,,,,,,,,,,5,6,,purewatersystems.com.au,False,False,,,,,,
water purifier eastern suburbs,,,,,,,,,,,,,,,,,,10,,,,False,False,"minthomefiltration.com, pureflowfiltration.com.au","filtap.com.au, cleanandclearwater.com.au","inflowfilter.com, revolutionaryfiltration.com.au, dshop.com.au","aquaprows.com, inflowfilter.com, hyperwellbeing.com.au, revolutionaryfiltration.com.au, culligan.com",filtap.com.au,
water filtration system for home installation victoria,,,,,,,,,,,,,,,,,,3,,,,False,False,"cleanandclearwater.com.au, tryselene.com.au, pureflowfiltration.com.au",,,,,
alkaline water system australia,,,,,,,,,,,,,,,,,,3,,,,False,False,"waterfilter.net.au, cleanandclearwater.com.au, filtap.com.au",,,,,
water purifier eastern suburbs sydney,,,,,,,,,,,,,,,,,,9,,,,False,False,"filtap.com.au, purestwaterfiltration.com.au",collisbrosplumbing.com.au,filtap.com.au,"purestwaterfiltration.com.au, filtap.com.au, cleanandclearwater.com.au, collisbrosplumbing.com.au",filtap.com.au,"filtap.com.au, revolutionaryfiltration.com.au, valueh2o.com.au, waterscoaustralia.com.au, purestwaterfiltration.com.au, cleanandclearwater.com.au"
water filter plumbed in,,,,,,,,,,,,,,,,,,3,17,,purewatersystems.com.au,False,False,,,,,,
water filter installation eastern suburbs,,,,,,,,,,,,,,,,,,13,,,,False,False,cleanandclearwater.com.au,"spsplumbers.com.au, plumbinganddrainstoday.com.au, hiflowwaterfilters.com.au, pgmplumbing.com.au","filtap.com.au, cleanandclearwater.com.au, purestwaterfiltration.com.au, revolutionaryfiltration.com.au, plumbinganddrainstoday.com.au","purestwaterfiltration.com.au, revolutionaryfiltration.com.au, filtap.com.au","jaycoplumbing.com.au, angi.com, filtap.com.au, collisbrosplumbing.com.au, leafhomewatersolutions.com, hmnorthcutt.com",
reverse osmosis without drilling,,,,,,,,,,,,,,,,,,5,,,,False,False,"waterdropfilter.com.au, filtersystemsaustralia.com.au, carawater.com.au, cleanandclearwater.com.au, philips.com.au",,,,,
home water filter system sydney,,,,,,,,,,,,,,,,,,6,,,,False,False,"cleanandclearwater.com.au, hydraflo.com.au, wateranalytics.com.au, lovable.app","cleanandclearwater.com.au, filpure.com.au, filtap.com.au",,,,
best water filtration system australia,,,,,,,,,,,,,,,,,,10,15,,filtersystemsaustralia.com.au,False,False,,"wateranalytics.com.au, completehomefiltration.com.au, filtersystemsaustralia.com.au, revolutionaryfiltration.com.au, cleanandclearwater.com.au","wateranalytics.com.au, filtersystemsaustralia.com.au, aquala.au, homewaterfiltration.com.au, cleanandclearwater.com.au, cloudtap.com.au, waterdropfilter.com.au, waterfilter.net.au",,completehomefiltration.com.au,
filteration systems australia,,,,,,,,,,,,,,,,,,12,,,,False,False,minthomefiltration.com,"filtersystemsaustralia.com.au, watershop.com.au","filtersystemsaustralia.com.au, waterscoaustralia.com.au, wateranalytics.com.au, oleology.com.au, cleanandclearwater.com.au, waterfilter.com.au","filtersystemsaustralia.com.au, membraneshop.com.au, makwater.com.au","filtersystemsaustralia.com.au, wateranalytics.com.au, cleanandclearwater.com.au, filteredwatersolutions.com.au","filtersystemsaustralia.com.au, oleology.com.au, valueh2o.com.au, wateranalytics.com.au"
home water filtration solutions victoria,,,,,,,,,,,,,,,,,,5,,,,False,False,"cleanandclearwater.com.au, fullhousefiltration.com.au, pureflowfiltration.com.au, tryselene.com.au, filtermate.com.au",,,,,
replace water filter,,,,,,,,,,,,,,,,,,2,3,,quora.com,False,False,"cleanandclearwater.com.au, filtap.com.au",,,,,
home water filtration victoria,,,,,,,,,,,,,,,,,,2,,,,False,False,"cleanandclearwater.com.au, fullhousefiltration.com.au",,,,,
"media replacement for ""semi automatic"" whole house water filter systems using ""activated granular carbon"" in sydney",,,,,,,,,,,,,,,,,,1,,,,False,False,cleanandclearwater.com.au,,,,,
home water filtration installation melbourne,,,,,,,,,,,,,,,,,,1,,,,False,False,cleanandclearwater.com.au,,,,,
best whole home water filtration system melbourne,,,,,,,,,,,,,,,,,,3,,,,False,False,"cleanandclearwater.com.au, wateranalytics.com.au, pureflowfiltration.com.au",,,,,
sydney water chiller and filter,,,,,,,,,,,,,,,,,,12,,,,False,False,"thermaliq.com.au, valueh2o.com.au, oleology.com.au, purewaterfiltration.com.au, neverfail.com.au","thermaliq.com.au, filpure.com.au, valueh2o.com.au, purewaterfiltration.com.au, cleanandclearwater.com.au","thermaliq.com.au, valueh2o.com.au, cleanandclearwater.com.au, filpure.com.au, novoh2o.com.au, wateranalytics.com.au, neverfail.com.au","thermaliq.com.au, ovio.com, valueh2o.com.au, purewater4life.com.au",thermaliq.com.au,aquala.au
water purifier sydney eastern suburbs,,,,,,,,,,,,,,,,,,10,,,,False,False,filtap.com.au,"purewaterfiltration.com.au, purestwaterfiltration.com.au","cleanandclearwater.com.au, filtap.com.au",filtap.com.au,purestwaterfiltration.com.au,"purestwaterfiltration.com.au, revolutionaryfiltration.com.au, filtap.com.au"
home water filtration system install melbourne,,,,,,,,,,,,,,,,,,6,,,,False,False,"purewaterfiltration.com.au, cleanandclearwater.com.au, fullhousefiltration.com.au, wateranalytics.com.au, pureflowfiltration.com.au, tryselene.com.au",,,,,
water filtration system for home victoria,,,,,,,,,,,,,,,,,,3,,,,False,False,"tryselene.com.au, fullhousefiltration.com.au, cleanandclearwater.com.au",,,,,
installed water filter system,,,,,,,,,,,,,,,,,,4,9,,jrgasandwater.com.au,False,False,,,"purestwaterfiltration.com.au, completehomefiltration.com.au, cleanandclearwater.com.au, bpsq.com.au",,,
filter systems for water,,,,,,,,,,,,,,,,,,4,26,,filtersystemsaustralia.com.au,False,False,,,,,"completehomefiltration.com.au, wateranalytics.com.au, filtersystemsaustralia.com.au, cleanandclearwater.com.au",
water filtration systems for home installation melbourne,,,,,,,,,,,,,,,,,,1,,,,False,False,cleanandclearwater.com.au,,,,,
reverse osmosis systems australia,,22,,,,,,,,,,,,,,,,8,9,,filtersystemsaustralia.com.au,False,False,,,,,,"filtersystemsaustralia.com.au, aquala.au, homewaterfiltration.com.au, wateranalytics.com.au, greatwaterfilters.com.au, filtecwater.com, cleanandclearwater.com.au, waterscoaustralia.com.au"
clean & clear water filter,,,,,,,,,10.03,,10.03,0,,0,0.0,,0.0,2,20,,crystalclearwater.com.au,False,False,"filtersystemsaustralia.com.au, cleanandclearwater.com.au",cleanandclearwater.com.au,,,,
whole house water filtration system australia,,40,,,,,,,1.72,,1.72,0,,0,0.0,,0.0,6,27,,filtersystemsaustralia.com.au,False,False,,,,,"wateranalytics.com.au, filtersystemsaustralia.com.au, daveywater.com, oxfordandnelson.com.au, puretec.com.au, cleanandclearwater.com.au","wateranalytics.com.au, filtersystemsaustralia.com.au"
full home water filtration system melbourne,,,,,,,,,,,,,,,,,,5,,,,False,False,"wateranalytics.com.au, cleanandclearwater.com.au, pureflowfiltration.com.au, fullhousefiltration.com.au, purewaterfiltration.com.au",,,,,
best alkaline water filter australia,,20,,,,,,,2.27,,2.27,0,,0,0.0,,0.0,10,8,,aquamountain.com.au,False,False,,"alkaway.com.au, filpure.com.au, waterscoaustralia.com.au, cleanandclearwater.com.au","alkaway.com.au, waterscoaustralia.com.au, inflowfilter.com, waterfilter.net.au, philips.com.au, filpure.com.au, wateranalytics.com.au",alkaway.com.au,"waterdropfilter.com.au, waterscoaustralia.com.au, filtersystemsaustralia.com.au",
domestic water filters that remove pfas from drinking water,,,,,,,,,,,,,,,,,,1,,,,False,False,cleanandclearwater.com.au,,,,,
home water filtration installation victoria,,,,,,,,,,,,,,,,,,2,,,,False,False,"cleanandclearwater.com.au, tryselene.com.au",,,,,
countertop filter for melbourne apartments,,,,,,,,,,,,,,,,,,1,,,,False,False,cleanandclearwater.com.au,,,,,
residential water purification system melbourne,,,,,,,,,,,,,,,,,,2,,,,False,False,"pureflowfiltration.com.au, cleanandclearwater.com.au",,,,,
professional whole house filter installation melbourne,,,,,,,,,,,,,,,,,,1,,,,False,False,cleanandclearwater.com.au,,,,,
home water filtration toorak melbourne,,,,,,,,,,,,,,,,,,2,,,,False,False,"cleanandclearwater.com.au, pureflowfiltration.com.au",,,,,
ro water filtration system for home melbourne,,,,,,,,,,,,,,,,,,5,,,,False,False,"wateranalytics.com.au, expertplumbing.com.au, cleanandclearwater.com.au, pureflowfiltration.com.au, tryselene.com.au",,,,,
"""semi automatic"" whole house water filter systems using ""activated granular carbon"" in sydney",,,,,,,,,,,,,,,,,,1,,,,False,False,cleanandclearwater.com.au,,,,,
water filter for renovated homes melbourne,,,,,,,,,,,,,,,,,,1,,,,False,False,cleanandclearwater.com.au,,,,,
whole house filter for large homes melbourne,,,,,,,,,,,,,,,,,,2,,,,False,False,"pureflowfiltration.com.au, cleanandclearwater.com.au",,,,,
home drinking water treatment,,,,0.0700000000000001,0.93,0.0740740740740741,0.0799999968000001,0.919999963200001,,,,,,,,,,6,,,,False,False,"bestcoast.com.au, puremainswater.com.au, osmosiswaterfilters.com.au, hydrotechgroup.com.au, networkplumbing.com.au, cleanandclearwater.com.au",,,,,
water purification whole house,,,,,,,,,,,,,,,,,,4,8,,aquasafe.com.au,False,False,,,,"completehomefiltration.com.au, cleanandclearwater.com.au, wateranalytics.com.au, puretec.com.au",completehomefiltration.com.au,
water filter system for family homes melbourne,,,,,,,,,,,,,,,,,,2,,,,False,False,"pureflowfiltration.com.au, cleanandclearwater.com.au",,,,,
best water filter system whole house,,23,,,,,,,,,,,,,,,,2,8,,puretec.com.au,False,False,,,,,,
biggest whole home water filtration companies,,,,,,,,,,,,,,,,,,2,,,,False,False,"cleanandclearwater.com.au, filpure.com.au",,,,,
home water filter western suburbs melbourne,,,,,,,,,,,,,,,,,,3,,,,False,False,"cleanandclearwater.com.au, pureflowfiltration.com.au, greatwaterfilters.com.au",,,,,
water filter replacement sydney,,,,,,,,,,,,,,,,,,1,,,,False,False,cleanandclearwater.com.au,,,,,
water filter systems for house,,,,,,,,,,,,,,,,,,5,7,,aquasafe.com.au,False,False,,,"completehomefiltration.com.au, wateranalytics.com.au, cleanandclearwater.com.au, puretec.com.au, filtersystemsaustralia.com.au",completehomefiltration.com.au,,
water filter for apartment kitchen melbourne,,,,,,,,,,,,,,,,,,1,,,,False,False,cleanandclearwater.com.au,,,,,
office water quality filtration melbourne,,,,,,,,,,,,,,,,,,1,,,,False,False,cleanandclearwater.com.au,,,,,
water treatment solutions melbourne homes,,,,,,,,,,,,,,,,,,3,,,,False,False,"cleanandclearwater.com.au, wateranalytics.com.au, pureflowfiltration.com.au",,,,,
whole house filtration toorak melbourne,,,,,,,,,,,,,,,,,,1,,,,False,False,cleanandclearwater.com.au,,,,,
water filtration tap system,,,,,,,,,,,,,,,,,,3,14,,purewatersystems.com.au,False,False,"drinkrippl.com, blissfulhome.com.au, cleanandclearwater.com.au",,,,,
water filter installation fitzroy north,,,,,,,,,,,,,,,,,,3,,,,False,False,"greatwaterfilters.com.au, cleanandclearwater.com.au, pureflowfiltration.com.au",,,,,
clear water filter systems,,,,,,,,,,,,,,,,,,3,38,,cleanandclearwater.com.au,False,False,,"completehomefiltration.com.au, cleanandclearwater.com.au",,,,"purewatersystems.com.au, completehomefiltration.com.au, cleanandclearwater.com.au"
tap water treatment system melbourne,,,,,,,,,,,,,,,,,,5,,,,False,False,"cleanandclearwater.com.au, expertplumbing.com.au, mcphersonplumbingvic.com.au, pureflowfiltration.com.au, carawater.com.au",,,,,
home water coolers blacktown,,,,,,,,,,,,,,,,,,2,,,,False,False,"novoh2o.com.au, cleanandclearwater.com.au",,,,,
reverse osmosis water filters melbourne,,23,,,,,,,,,,,,,,,,2,10,,filtersystemsaustralia.com.au,False,False,,,,,,filtap.com.au
whole house drinking water solution melbourne,,,,,,,,,,,,,,,,,,3,,,,False,False,"pureflowfiltration.com.au, cleanandclearwater.com.au, greatwaterfilters.com.au",,,,,
water filtration installation price melbourne,,,,,,,,,,,,,,,,,,4,,,,False,False,"cleanandclearwater.com.au, wateranalytics.com.au, pureflowfiltration.com.au, greatwaterfilters.com.au",,,,,
water filter servicing melbourne homes,,,,,,,,,,,,,,,,,,2,,,,False,False,"cleanandclearwater.com.au, pureflowfiltration.com.au",,,,,
workplace water filter installation melbourne,,,,,,,,,,,,,,,,,,2,,,,False,False,"cleanandclearwater.com.au, greatwaterfilters.com.au",,,,,
home water filtration hawthorn melbourne,,,,,,,,,,,,,,,,,,5,,,,False,False,"cleanandclearwater.com.au, wateranalytics.com.au, pureflowfiltration.com.au, greatwaterfilters.com.au, fullhousefiltration.com.au",,,,,
water filter system springvale,,,,,,,,,,,,,,,,,,1,,,,False,False,cleanandclearwater.com.au,,,,,
complete home filtration melbourne,,17,,,,,,,,,,,,,,,,5,20,,completehomefiltration.com.au,False,False,,"wateranalytics.com.au, pureflowfiltration.com.au, cleanandclearwater.com.au, waterfilterguy.com.au","greatwaterfilters.com.au, wateranalytics.com.au, cleanandclearwater.com.au",,,
whole house filtration footscray,,,,,,,,,,,,,,,,,,2,,,,False,False,"pureflowfiltration.com.au, cleanandclearwater.com.au",,,,,
whole home water filter inner melbourne,,,,,,,,,,,,,,,,,,2,,,,False,False,"cleanandclearwater.com.au, greatwaterfilters.com.au",,,,,
water filter installers near me,,,,,,,,,,,,,,,,,,3,18,,bunnings.com.au,False,False,completehomefiltration.com.au,,,,,
water filter installation point cook,,,,,,,,,,,,,,,,,,5,,,,False,False,"greatwaterfilters.com.au, cleanandclearwater.com.au, slaterpumpsmelbourne.com.au, pureflowfiltration.com.au, wateranalytics.com.au",,,,,
residential water filter mordialloc,,,,,,,,,,,,,,,,,,2,,,,False,False,"cleanandclearwater.com.au, pureflowfiltration.com.au",,,,,
in line water filters for home,,,,,,,,,2.96,,2.96,0,,0,0.0,,0.0,2,16,,purewatersystems.com.au,False,False,,,"completehomefiltration.com.au, cleanandclearwater.com.au",,,
compact water filter for melbourne apartment,,,,,,,,,,,,,,,,,,1,,,,False,False,cleanandclearwater.com.au,,,,,
water filtration system mckinnon,,,,,,,,,,,,,,,,,,2,,,,False,False,"cleanandclearwater.com.au, pureflowfiltration.com.au",,,,,
best home water filter australia,,31,,,,,,,,,,,,,,,,10,15,,choice.com.au,False,False,,,,,"philips.com.au, puretec.com.au, cleanandclearwater.com.au, waterscoaustralia.com.au, filtersystemsaustralia.com.au, wateranalytics.com.au, zipwater.com, cloudtap.com.au","aquala.au, waterscoaustralia.com.au, wateranalytics.com.au, philips.com.au, cloudtap.com.au, hyperwellbeing.com.au, filtersystemsaustralia.com.au"
water filter plumber melbourne,,,,,,,,,,,,,,,,,,1,,,,False,False,cleanandclearwater.com.au,,,,,
whole house chlorine removal,,,,,,,,,,,,,,,,,,4,,,,False,False,"filtersystemsaustralia.com.au, cleanandclearwater.com.au, alkaviva.com.au, thinkwater.com.au",filtersystemsaustralia.com.au,,,,
in home water filter systems,,50,,,,,,,,,,,,,,,,8,23,,filtersystemsaustralia.com.au,False,False,,,"completehomefiltration.com.au, wateranalytics.com.au, cleanandclearwater.com.au, purpleduck.com.au, filtap.com.au, purestwaterfiltration.com.au, filtersystemsaustralia.com.au","completehomefiltration.com.au, cleanandclearwater.com.au, wateranalytics.com.au, aquala.au",,
water filtration unit for home,,,,,,,,,,,,,,,,,,3,,,,False,False,"wateranalytics.com.au, filtersystemsaustralia.com.au, cleanandclearwater.com.au",,,,,
filtered water companies,,,,,,,,,4.81,,4.81,0,,0,0.0,,0.0,2,40,,mywaterfilter.com.au,False,False,,,"completehomefiltration.com.au, cleanandclearwater.com.au",completehomefiltration.com.au,,completehomefiltration.com.au
filter water installation,,,,,,,,,5.14,,5.14,0,,0,0.0,,0.0,6,3,,sodatap.com.au,False,False,"wateranalytics.com.au, fallonsolutions.com.au, cleanandclearwater.com.au","filteredwatersolutions.com.au, purewaterfiltration.com.au, fullhousefiltration.com.au, cleanandclearwater.com.au",,,,
hard water filter for whole house,,,,,,,,,,,,,,,,,,9,,,,False,False,"wateranalytics.com.au, fltr.com.au, activflo.com.au, filtersystemsaustralia.com.au, completehomefiltration.com.au, homewaterfiltration.com.au","filtersystemsaustralia.com.au, homewaterfiltration.com.au, wateranalytics.com.au, jilawater.com.au, cleanandclearwater.com.au, puretec.com.au",,,,
home water filtration assessment melbourne,,,,,,,,,,,,,,,,,,2,,,,False,False,"cleanandclearwater.com.au, pureflowfiltration.com.au",,,,,
home water filter melbourne north,,,,,,,,,,,,,,,,,,1,,,,False,False,cleanandclearwater.com.au,,,,,
aqua glory water purifier,,,,,,,,,,,,,,,,,,1,,,,False,False,cleanandclearwater.com.au,,,,,
best whole home water filtration system victoria,,,,,,,,,,,,,,,,,,3,,,,False,False,"cleanandclearwater.com.au, purewaterfiltration.com.au, filtersystemsaustralia.com.au",,,,,
whole home filter installation service melbourne,,,,,,,,,,,,,,,,,,3,,,,False,False,"cleanandclearwater.com.au, pureflowfiltration.com.au, greatwaterfilters.com.au",,,,,
water filtration system for a house,,,,,,,,,,,,,,,,,,4,10,,aquasafe.com.au,False,False,completehomefiltration.com.au,"completehomefiltration.com.au, cleanandclearwater.com.au, puretec.com.au, wateranalytics.com.au",completehomefiltration.com.au,,,
cleanandclearwater.com.au,,,,,,,,,,,,,,,,,,1,,,,False,False,cleanandclearwater.com.au,,,,,
water filter for workplace melbourne,,,,,,,,,,,,,,,,,,1,,,,False,False,cleanandclearwater.com.au,,,,,
residential water filter installation cost melbourne,,,,,,,,,,,,,,,,,,1,,,,False,False,cleanandclearwater.com.au,,,,,
under sink filter installation,,,,,,,,,,,,,,,,,,2,1,,youtube.com,False,False,,,,cleanandclearwater.com.au,bpsq.com.au,
water filter installation cost for melbourne homes,,,,,,,,,,,,,,,,,,3,,,,False,False,"cleanandclearwater.com.au, pureflowfiltration.com.au, greatwaterfilters.com.au",,,,,
residential tap water treatment,,,,,,,,,,,,,,,,,,1,,,,False,False,cleanandclearwater.com.au,,,,,
pure water filtration system victoria,,,,,,,,,,,,,,,,,,4,,,,False,False,"cleanandclearwater.com.au, purewaterfiltration.com.au, pureflowfiltration.com.au, wateranalytics.com.au",,,,,
whole house tap water filtration for melbourne homes,,,,,,,,,,,,,,,,,,5,,,,False,False,"wateranalytics.com.au, cleanandclearwater.com.au, pureflowfiltration.com.au, greatwaterfilters.com.au, fullhousefiltration.com.au",,,,,
household drinking water filtration melbourne,,,,,,,,,,,,,,,,,,1,,,,False,False,cleanandclearwater.com.au,,,,,
water filter installation quote melbourne,,,,,,,,,,,,,,,,,,2,,,,False,False,"greatwaterfilters.com.au, cleanandclearwater.com.au",,,,,
whole home drinking water solution melbourne,,,,,,,,,,,,,,,,,,2,,,,False,False,"pureflowfiltration.com.au, cleanandclearwater.com.au",,,,,
apartment tap water filter melbourne,,,,,,,,,,,,,,,,,,1,,,,False,False,cleanandclearwater.com.au,,,,,
household water filtration melbourne suburbs,,,,,,,,,,,,,,,,,,1,,,,False,False,cleanandclearwater.com.au,,,,,
whole house filtration system for melbourne homeowners,,,,,,,,,,,,,,,,,,3,,,,False,False,"cleanandclearwater.com.au, wateranalytics.com.au, pureflowfiltration.com.au",,,,,
water filters under counter,,,,,,,,,,,,,,,,,,4,7,,purewatersystems.com.au,False,False,,,,,,
best water filters for the home,,,,,,,,,,,,,,,,,,4,22,,purewatersystems.com.au,False,False,,,,,"completehomefiltration.com.au, wateranalytics.com.au, cleanandclearwater.com.au, filtersystemsaustralia.com.au",
best supplier for water filtration systems melbourne,,,,,,,,,,,,,,,,,,4,,,,False,False,"homewaterfiltration.com.au, cleanandclearwater.com.au, pureflowfiltration.com.au, wateranalytics.com.au",,,,,
residential water filter ivanhoe east,,,,,,,,,,,,,,,,,,1,,,,False,False,cleanandclearwater.com.au,,,,,
best water filter melbourne 2026,,,,,,,,,,,,,,,,,,3,,,,False,False,"cleanandclearwater.com.au, waterscoaustralia.com.au, inflowfilter.com",,,,,
residential water treatment melbourne,,,,,,,,,,,,,,,,,,1,,,,False,False,cleanandclearwater.com.au,,,,,
replacement water filter melbourne homes,,,,,,,,,,,,,,,,,,2,,,,False,False,"pureflowfiltration.com.au, cleanandclearwater.com.au",,,,,
whole house tap water filter melbourne,,,,,,,,,,,,,,,,,,1,,,,False,False,cleanandclearwater.com.au,,,,,
water filter supplier melbourne,,,,,,,,,,,,,,,,,,1,,,,False,False,cleanandclearwater.com.au,,,,,
residential water filter bentleigh,,,,,,,,,,,,,,,,,,1,,,,False,False,cleanandclearwater.com.au,,,,,
best whole house water filter sydney,,,,,,,,,,,,,,,,,,4,,,,False,False,"cleanandclearwater.com.au, wateranalytics.com.au, homewaterfiltration.com.au, purestwaterfiltration.com.au",,,,,
water filtration system for entire house melbourne,,,,,,,,,,,,,,,,,,1,,,,False,False,cleanandclearwater.com.au,,,,,
clean household water filtration melbourne,,,,,,,,,,,,,,,,,,2,,,,False,False,"pureflowfiltration.com.au, cleanandclearwater.com.au",,,,,
whole home water quality melbourne,,,,,,,,,,,,,,,,,,2,,,,False,False,"cleanandclearwater.com.au, pureflowfiltration.com.au",,,,,
complete household water filter melbourne,,,,,,,,,,,,,,,,,,1,,,,False,False,cleanandclearwater.com.au,,,,,
water filtration under sink,,,,,,,,,,,,,,,,,,4,9,,purewatersystems.com.au,False,False,"filtersystemsaustralia.com.au, puretec.com.au, waterfilter.com.au, cleanandclearwater.com.au",,,,,
residential water filtration,,,,,,,,,,,,,,,,,,3,,,,False,False,"cleanandclearwater.com.au, homewaterfiltration.com.au, wateranalytics.com.au",homewaterfiltration.com.au,,,,
commercial water filtration system melbourne,,,,,,,,,,,,,,,,,,1,,,,False,False,cleanandclearwater.com.au,,,,,
melbourne whole home filtration provider,,,,,,,,,,,,,,,,,,2,,,,False,False,"cleanandclearwater.com.au, pureflowfiltration.com.au",,,,,
water filter au,,,,,,,,,1.35,,1.35,0,,0,1.71,,1.71,9,31,,healthyhabitats.com.au,False,False,"filtersystemsaustralia.com.au, aquacoolerdirect.com.au, mywaterfilter.com.au, waterscoaustralia.com.au",filtersystemsaustralia.com.au,,,,
water filter dealers,,,,,,,,,,,,,,,,,,3,,,,False,False,"cleanandclearwater.com.au, demandfiltration.com",cleanandclearwater.com.au,ecpwaterfilter.com,,,
whole home filter servicing melbourne,,,,,,,,,,,,,,,,,,2,,,,False,False,"cleanandclearwater.com.au, pureflowfiltration.com.au",,,,,
water filtration system options melbourne,,,,,,,,,,,,,,,,,,1,,,,False,False,cleanandclearwater.com.au,,,,,
first need water filter,,,,0.745206611570248,0.254793388429752,0.324675324675325,0.211538457470414,0.788461523298817,,,,0,,0,0.1,,0.1,4,,,,False,False,"water-filter-sentry.com.au, cleanandclearwater.com.au, survivalsupplies.com.au, ultralightgear.com.au",,,,,
water filter fyshwick,,65,,,,,,,3.53,,3.53,0,,0,0.0,,0.0,4,41,,aquasafe.com.au,False,False,,completehomefiltration.com.au,"completehomefiltration.com.au, alpswaterfilters.com.au, alkaway.com.au, cleanandclearwater.com.au",,,
best water treatment systems,,,,,,,,,,,,,,,,,,5,,,,False,False,pacificwater.com.au,"pureflowfiltration.com.au, wateranalytics.com.au, cleanandclearwater.com.au, fullhousefiltration.com.au",,,,
clean and clear water australia,,,,,,,,,,,,,,,,,,4,,,,False,False,filtersystemsaustralia.com.au,cleanandclearwater.com.au,"cleanandclearwater.com.au, filtersystemsaustralia.com.au, thinkwater.com.au","cleanandclearwater.com.au, aquapax.com.au, filtersystemsaustralia.com.au",,
water filter systems australia,,,,,,,,,2.13,,2.13,0,,0,37.82,,37.82,12,43,,makwater.com.au,False,False,filtersystemsaustralia.com.au,filtersystemsaustralia.com.au,"filtersystemsaustralia.com.au, philips.com.au, cleanandclearwater.com.au, filteredwatersolutions.com.au","filtersystemsaustralia.com.au, purewatersystems.com.au, aquala.au, waterscoaustralia.com.au, wateranalytics.com.au, filteredwatersolutions.com.au, mywaterfilter.com.au, cloudtap.com.au, waterfilter.com.au",,
whole house water filter limescale,,,,,,,,,,,,,,,,,,7,,,,False,False,"completehomefiltration.com.au, filtersystemsaustralia.com.au, wateranalytics.com.au, cleanandclearwater.com.au, filtap.com.au, filpure.com.au","completehomefiltration.com.au, wateranalytics.com.au, cleanandclearwater.com.au, waterfilter.com.au, filtersystemsaustralia.com.au",,,,
office water filtration maintenance melbourne,,,,,,,,,,,,,,,,,,1,,,,False,False,cleanandclearwater.com.au,,,,,
water filtration house,,,,,,,,,,,,,,,,,,5,13,,freshwatersystems.com.au,False,False,"filtersystemsaustralia.com.au, wateranalytics.com.au, cleanandclearwater.com.au, waterfilter.com.au",,completehomefiltration.com.au,,,completehomefiltration.com.au
best whole house filtration,,,,,,,,,,,,,,,,,,3,11,,waterfilter.com.au,False,False,,,,,completehomefiltration.com.au,"completehomefiltration.com.au, wateranalytics.com.au, cleanandclearwater.com.au"
filter fine water purifiers,,,,,,,,,2.64,,2.64,0,,0,1.22,,1.22,6,,,,False,False,"thinkwater.com.au, filtersystemsaustralia.com.au",filtersystemsaustralia.com.au,"thinkwater.com.au, waterfilter.net.au, filtersystemsaustralia.com.au","filtersystemsaustralia.com.au, filpure.com.au, cleanandclearwater.com.au",thinkwater.com.au,"filtersystemsaustralia.com.au, thinkwater.com.au, landwater.com.au"
whole house filtered water system melbourne,,,,,,,,,,,,,,,,,,1,,,,False,False,cleanandclearwater.com.au,,,,,
whole house filtration greater melbourne,,,,,,,,,,,,,,,,,,3,,,,False,False,"cleanandclearwater.com.au, greatwaterfilters.com.au, pureflowfiltration.com.au",,,,,
point of use water filtration,,,,,,,,,,,,,,,,,,2,,,,False,False,"demandfiltration.com, cleanandclearwater.com.au",,,,,
filter water supplier,,,,,,,,,,,,,,,,,,5,,,,False,False,ecpwaterfilter.com,"cleanandclearwater.com.au, jufuwater.com, filtap.com.au, purewaterfiltration.com.au",,,,
clearwater filters,,,,,,,,,4.8,,4.8,0,,0,0.01,,0.01,5,24,,waterfilterforfridge.com.au,False,False,,,"cleanandclearwater.com.au, waterfiltrationsolutions.com.au, completehomefiltration.com.au, filtap.com.au",,"completehomefiltration.com.au, brillareplumbing.com.au",
residential water filtration system for melbourne houses,,,,,,,,,,,,,,,,,,2,,,,False,False,"cleanandclearwater.com.au, pureflowfiltration.com.au",,,,,
mains water filter,,37,,,,,,,1.89,,1.89,0,,0,3.09,,3.09,6,25,,aquastream.com.au,False,False,filtersystemsaustralia.com.au,filtersystemsaustralia.com.au,"purpleduck.com.au, cleanandclearwater.com.au",,"filtersystemsaustralia.com.au, alkaviva.com.au, wateranalytics.com.au",
install water filter under sink,,11,,,,,,,3.67,,3.67,0,,0,0.0,,0.0,1,0,,purewatersystems.com.au,False,False,,,,,,
water filters for the home,,,,0.67672,0.32328,0.52,,,1.81,,1.81,0,,0,0.0,,0.0,4,19,,aquasafe.com.au,False,False,,,,,"completehomefiltration.com.au, homefiltrationsystems.com, cleanandclearwater.com.au, puretec.com.au",
under sink water filter melbourne installation,,,,,,,,,,,,,,,,,,4,,,,False,False,filteredwatersolutions.com.au,"filtap.com.au, pureflowfiltration.com.au, cleanandclearwater.com.au",,,,
water filter system for melbourne office,,,,,,,,,,,,,,,,,,3,,,,False,False,"cleanandclearwater.com.au, greatwaterfilters.com.au, wateranalytics.com.au",,,,,
affordable whole home water filtration melbourne,,,,,,,,,,,,,,,,,,2,,,,False,False,"cleanandclearwater.com.au, pureflowfiltration.com.au",,,,,
home water filter thomastown,,,,,,,,,,,,,,,,,,1,,,,False,False,cleanandclearwater.com.au,,,,,
affordable whole house water filtration melbourne,,,,,,,,,,,,,,,,,,4,,,,False,False,"pureflowfiltration.com.au, cleanandclearwater.com.au, greatwaterfilters.com.au, fullhousefiltration.com.au",,,,,
clean and clear water melbourne,,6,,,,,,,2.99,,2.99,0,,0,0.0,,0.0,1,9,,cleanandclearwater.com.au,False,False,,,cleanandclearwater.com.au,,,
whole house water filter werribee,,,,,,,,,,,,,,,,,,1,,,,False,False,cleanandclearwater.com.au,,,,,
water filtration system for small business melbourne,,,,,,,,,,,,,,,,,,1,,,,False,False,cleanandclearwater.com.au,,,,,
residential filter servicing melbourne,,,,,,,,,,,,,,,,,,2,,,,False,False,"cleanandclearwater.com.au, pureflowfiltration.com.au",,,,,
outdoor water filter system,,52,,,,,,,2.41,,2.41,0,,0,0.0,,0.0,2,22,,buildmat.com.au,False,False,,"filtersystemsaustralia.com.au, cleanandclearwater.com.au",filtersystemsaustralia.com.au,filtersystemsaustralia.com.au,,
residential water filter lalor,,,,,,,,,,,,,,,,,,1,,,,False,False,cleanandclearwater.com.au,,,,,
water filtration install,,,,,,,,,,,,,,,,,,4,,,,False,False,"wateranalytics.com.au, cleanandclearwater.com.au, filtap.com.au, pureflowfiltration.com.au",,,,,
reverse osmosis system filter change,,4,,,,,,,,,,,,,,,,1,0,,filtersystemsaustralia.com.au,False,False,,cleanandclearwater.com.au,,,,
aquapure near me,,,,,,,,,,,,,,,,,,1,,,,False,False,cleanandclearwater.com.au,,,,,
complete filtration,,20,,,,,,,0.13,,0.13,0,,0,5.04,,5.04,6,7,,completehomefiltration.com.au,False,False,,"cleanandclearwater.com.au, wateranalytics.com.au, homewaterfiltration.com.au, filtap.com.au, landing-pages.com.au",completehomefiltration.com.au,,,
residential water filtration eastern suburbs,,,,,,,,,,,,,,,,,,2,,,,False,False,"cleanandclearwater.com.au, collisbrosplumbing.com.au",,,,,
ro under sink water filter,,15,,,,,,,,,,,,,,,,7,4,,filtersystemsaustralia.com.au,False,False,,clearlyfiltered.com,demandfiltration.com.au,filtersystemsaustralia.com.au,"filtersystemsaustralia.com.au, waterfilter.net.au, greatwaterfilters.com.au, filteredwatersolutions.com.au, cleanandclearwater.com.au",
best whole house water filter australia,,23,,,,,,,2.88,,2.88,0,,0,3.0,,3.0,10,9,,puretec.com.au,False,False,,,,,"completehomefiltration.com.au, wateranalytics.com.au, waterfilter.com.au, puretec.com.au, hydrotechgroup.com.au, fullhousewaterfiltration.com.au, filtap.com.au","wateranalytics.com.au, cleanandclearwater.com.au, filtersystemsaustralia.com.au, homewaterfiltration.com.au"
reverse osmosis sydney,,,,,,,,,,,,0,,0,0.94,,0.94,4,20,,phwaterfilters.com.au,False,False,"filtersystemsaustralia.com.au, waterdropfilter.com.au","cleanandclearwater.com.au, fullhousewaterfiltration.com.au",,,,
clear and clean water,,,,,,,,,,,,,,,,,,1,20,,cleanandclearwater.com.au,False,False,,cleanandclearwater.com.au,,,,
water filters melbourne,,56,,,,,,,2.85,,2.85,0,,0,24.27,,24.27,11,35,,joycemayne.com.au,False,False,"google.com, waterscoaustralia.com.au",cleanandclearwater.com.au,purewaterfiltration.com.au,,"cleanandclearwater.com.au, filtap.com.au, filtersystemsaustralia.com.au",
water filtration systems melbourne,,,,,,,,,3.54,,3.54,0,,0,0.0,,0.0,9,29,,freshwatersystems.com.au,False,False,google.com,"filtap.com.au, pureflowfiltration.com.au, greatwaterfilters.com.au, filtermate.com.au",filtersystemsaustralia.com.au,"waterfilter.com.au, wateranalytics.com.au, cleanandclearwater.com.au",,
reverse osmosis filter installation,,8,,,,,,,,,,,,,,,,4,0,,mywaterfilter.com.au,False,False,,,"completehomefiltration.com.au, greatwaterfilters.com.au, cleanandclearwater.com.au, waterpeople.com.au",,,
water filters whole house,,,,,,,,,,,,,,,,,,7,12,,freshwatersystems.com.au,False,False,"completehomefiltration.com.au, filtersystemsaustralia.com.au, thewaterfiltrationcompany.com.au, filpure.com.au, cleanandclearwater.com.au","completehomefiltration.com.au, filtersystemsaustralia.com.au, wateranalytics.com.au, filtap.com.au, cleanandclearwater.com.au",,,,completehomefiltration.com.au
hard water filter for house,,,,0.536285714285714,0.463714285714286,0.257142857142857,0.192307684911243,0.80769227662722,,,,0,,0,26.91,,26.91,21,,,,False,False,"puretec.com.au, wateranalytics.com.au, realwater.au","wateranalytics.com.au, thinkwater.com.au, filtersystemsaustralia.com.au, psifilters.com.au","homewaterfiltration.com.au, wateranalytics.com.au, comparewaterfilters.com.au, mywaterfilter.com.au","wateranalytics.com.au, thinkwater.com.au, filtersystemsaustralia.com.au, daveywater.com","completehomefiltration.com.au, filpure.com.au, cleanandclearwater.com.au, filtap.com.au","completehomefiltration.com.au, wateranalytics.com.au, filtap.com.au, filpure.com.au, cleanandclearwater.com.au, fullhousewaterfiltration.com.au"
offline filtration in sydney,,,,,,,,,,,,,,,,,,9,,,,False,False,wateranalytics.com.au,cleanandclearwater.com.au,"russellfinex.com, vafmemstar.com.au, fltr.com.au","purific.com, revolutionaryfiltration.com.au, prwater.com.au",indux.com.au,
residential water filter mckinnon,,,,,,,,,,,,,,,,,,1,,,,False,False,cleanandclearwater.com.au,,,,,
water filter installed,,,,,,,,,5.98,,5.98,0,,0,0.0,,0.0,6,11,,hillsirrigation.com.au,False,False,"cleanandclearwater.com.au, installedtoday.com.au","completehomefiltration.com.au, cleanandclearwater.com.au, wateranalytics.com.au, puretec.com.au, filtap.com.au",,,,
water filter solutions for melbourne families,,,,,,,,,,,,,,,,,,1,,,,False,False,cleanandclearwater.com.au,,,,,
install water filter,,,,,,,,,5.14,,5.14,0,,0,17.52,,17.52,4,3,,bunnings.com.au,False,False,,,,"completehomefiltration.com.au, cleanandclearwater.com.au, filtap.com.au, homefiltrationsystems.com",completehomefiltration.com.au,
home filter water,,,,,,,,,,,,,,,,,,2,28,,aquasafe.com.au,False,False,,,,"completehomefiltration.com.au, cleanandclearwater.com.au",,completehomefiltration.com.au
reverse osmosis melbourne,,25,,,,,,,5.09,,5.09,0,,0,0.0,,0.0,2,17,,filteredwatersolutions.com.au,False,False,cleanandclearwater.com.au,filtap.com.au,,,,
best water filters home,,,,,,,,,,,,,,,,,,4,11,,purewatersystems.com.au,False,False,,,,,,"completehomefiltration.com.au, cleanandclearwater.com.au, wateranalytics.com.au, purestwaterfiltration.com.au"
whole home filtration system,,26,,0.630382231404959,0.369617768595041,0.454545454545454,0.249999989583334,0.749999968750001,,,,,,,,,,8,15,,filtersystemsaustralia.com.au,False,False,"filtersystemsaustralia.com.au, wateranalytics.com.au, thinkwater.com.au, psifilters.com.au",filtersystemsaustralia.com.au,,wateranalytics.com.au,,"completehomefiltration.com.au, wateranalytics.com.au"
filter water house,,,,,,,,,,,,,,,,,,6,,,,False,False,"completehomefiltration.com.au, cleanandclearwater.com.au, purestwaterfiltration.com.au, filpure.com.au, filtap.com.au","completehomefiltration.com.au, cleanandclearwater.com.au, wateranalytics.com.au",,,,
softener filter,,,,,,,,,,,,,,,,,,2,,,,False,False,"cleanandclearwater.com.au, filtersystemsaustralia.com.au",,,,,
home filtration system cost,,15,,,,,,,1.92,,1.92,0,,0,7.44,,7.44,13,4,,completehomefiltration.com.au,False,False,,,,,,"completehomefiltration.com.au, homewaterfiltration.com.au, wateranalytics.com.au"
kitchen taps with filtered water,,,,,,,,,1.77,,1.77,0,,0,0.0,,0.0,5,2,,puretec.com.au,False,False,,,,,"buildmat.com.au, cleanandclearwater.com.au, thetapwareoutlet.com.au, filtersystemsaustralia.com.au, appliancesonline.com.au",
water filter system sydney,,57,,,,,,,,,,,,,,,,4,38,,filpure.com.au,False,False,"aquaserve.com.au, cleanandclearwater.com.au",,samedayhomeservices.com.au,waterfilter.com.au,,
cost of water filter,,55,,,,,,,1.96,,1.96,0,,0,0.0,,0.0,2,17,,fluidplumbingservices.com.au,False,False,,,"philips.com.au, cleanandclearwater.com.au",,,
cuno water filter,,,,0.43820451183432,0.56179548816568,0.298076923076923,0.46575341827735,0.53424656802402,1.53,,1.53,0,,0,15.23,,15.23,3,3,,premieresales.com,False,False,"filtersystemsaustralia.com.au, ebay.com.au, cleanandclearwater.com.au",filtersystemsaustralia.com.au,,,,
whole house water filtration sydney,,,,,,,,,,,,,,,,,,3,,,,False,False,google.com,"wateranalytics.com.au, cleanandclearwater.com.au",,,,
under sink water chiller,,9,,0.605665294924554,0.394334705075446,0.259259259259259,,,1.16,,1.16,0,,0,5.17,,5.17,21,0,,waterfiltersaustralia.com.au,False,False,"inflowfilter.com, waterfilterdistributors.com.au, water-filter-sentry.com.au, smarth2o.com.au, coolerfridges.com","cleanandclearwater.com.au, billi.com.au, filtersystemsaustralia.com.au, aquacoolerdirect.com.au","filpure.com.au, water-filter-sentry.com.au, aquacoolerdirect.com.au, filtersystemsaustralia.com.au, cleanandclearwater.com.au, waterfilter.net.au, watercoolersuperstore.com.au, zipwater.com","completehomefiltration.com.au, cleanandclearwater.com.au, billi.com.au, aquacoolerdirect.com.au","zipwater.com, water-filter-sentry.com.au, amazon.com.au, billi.com.au, wateranalytics.com.au, valueh2o.com.au, filtap.com.au, filteredwatersolutions.com.au, waterdropfilter.com.au, aquacoolerdirect.com.au, waterfilter.net.au, filtersystemsaustralia.com.au",watercoolershop.com.au
davey water filters,,5,,,,,,,0.94,,0.94,0,,0,1.37,,1.37,13,0,,daveywater.com,False,False,"daveywater.com, google.com",daveywater.com,"daveywater.com, filtersystemsaustralia.com.au","hydrosmart.com.au, daveywater.com, reactiveplumbingandelectrical.com.au","filpure.com.au, daveywater.com, hydrosmart.com.au, cleanandclearwater.com.au, filtap.com.au, filtersystemsaustralia.com.au","daveywater.com, asctanks.com.au, dowdens.com.au, filtap.com.au, filtersystemsaustralia.com.au, cleanandclearwater.com.au"
clean and pure water filter,,,,0.714002408822312,0.285997591177688,0.368098159509202,0.339805821943633,0.66019416834763,,,,0,,0,1.86,,1.86,4,,,,False,False,"cleanandclearwater.com.au, novoh2o.com.au, thinkwater.com.au, filtersystemsaustralia.com.au",filtersystemsaustralia.com.au,,,,
water filter installation near me,,19,,,,,,,4.1,,4.1,0,,0,0.0,,0.0,26,3,,bunnings.com.au,False,False,,"wateranalytics.com.au, pureforsure.com.au",wateranalytics.com.au,,,"wateranalytics.com.au, ndaplumbingperth.com.au, jilawater.com.au, cloudtap.com.au, greatwaterfilters.com.au, floworxplumbing.com.au, cleanandclearwater.com.au, filtap.com.au, filteredwatersolutions.com.au, easycareplumbingmelb.com.au, waterfilterguy.com.au, homewaterfiltration.com.au, completehomefiltration.com.au, lwplumbing.com.au, ovio.com, aquala.au, yourlocaltradesman.com.au, southaussieplumbing.com.au"
water filter system for business,,,,,,,,,,,,,,,,,,2,,,,False,False,cleanandclearwater.com.au,culligan.com.au,,,,
whole home filtration,,,,,,,,,,,,,,,,,,30,10,,freshwatersystems.com.au,False,False,"wateranalytics.com.au, google.com, waterfilter.com.au, filtersforyou.com.au, filtersystemsaustralia.com.au, aewaterfilters.com, shieldwaterfilter.com.au, mrsplashplumbing.com.au","wateranalytics.com.au, google.com, filtersystemsaustralia.com.au, waterfilter.com.au, safemains.com.au, puretec.com.au, purpleduck.com.au","cleanandclearwater.com.au, wateranalytics.com.au, networkplumbing.com.au, filtersystemsaustralia.com.au, cameronsplumbing.com.au, safemains.com.au, purestwaterfiltration.com.au, purpleduck.com.au, filpure.com.au, filtap.com.au, landing-pages.com.au, lovable.app, minthomefiltration.com","wateranalytics.com.au, smartenergy.co, cleanandclearwater.com.au, filtersystemsaustralia.com.au, cameronsplumbing.com.au, purestwaterfiltration.com.au, filtap.com.au, safemains.com.au, filpure.com.au, networkplumbing.com.au","smartenergy.co, wateranalytics.com.au, cleanandclearwater.com.au, waterfilter.com.au, filtersystemsaustralia.com.au, filtap.com.au, filpure.com.au, purestwaterfiltration.com.au, reactiveplumbingandelectrical.com.au","wateranalytics.com.au, purestwaterfiltration.com.au, cleanandclearwater.com.au, thewaterfiltrationcompany.com.au, filpure.com.au, springwellwater.com, filtersystemsaustralia.com.au, smartenergy.co, wilcoplumbing.com.au, filtap.com.au, waterfilter.com.au"
whole house water filter melbourne,,26,,,,,,,2.99,,2.99,0,,0,0.0,,0.0,9,17,,filtersystemsaustralia.com.au,False,False,"purewaterfiltration.com.au, google.com, distillo.com.au",,,,,"wateranalytics.com.au, filtersystemsaustralia.com.au, filtap.com.au"
undersink water purifier,,19,,,,,,,1.21,,1.21,0,,0,42.43,,42.43,1,3,,purewatersystems.com.au,False,False,,,,,,
water cooler preston,,,,,,,,,,,,,,,,,,12,,,,False,False,"eaucoolers.co.uk, bwtwaterdispensers.co.uk, living-water.co.uk","neverfail.com.au, watercoolersuperstore.com.au, aquacoolerdirect.com.au","kiewavalleyspringwater.com.au, culligan.com.au, aquacoolerdirect.com.au, neverfail.com.au, waddisprings.com.au","watercoolersuperstore.com.au, aquacoolerdirect.com.au, neverfail.com.au, officeworks.com.au","bigwet.com.au, kiewavalleyspringwater.com.au, cleanandclearwater.com.au, watercoolersuperstore.com.au",
home water filtration system cost,,16,,0.783392857142857,0.216607142857143,0.392857142857143,,,1.33,,1.33,0,,0,21.84,,21.84,20,6,,fluidplumbingservices.com.au,False,False,,"wateranalytics.com.au, comparewaterfilters.com.au, thinkwater.com.au",,,"wateranalytics.com.au, filpure.com.au, thehomewaterfilterguy.com.au, philips.com.au, filtap.com.au, neighbourhoodwaterfiltration.com.au, purewaterfiltration.com.au, westozwaterfilters.com.au, completehomefiltration.com.au, homewaterfiltration.com.au","filpure.com.au, wateranalytics.com.au, purestwaterfiltration.com.au, cleanandclearwater.com.au, westozwaterfilters.com.au, cloudtap.com.au, filtap.com.au, filtersystemsaustralia.com.au, jilawater.com.au, daveywater.com, fullhousewaterfiltration.com.au, revolutionaryfiltration.com.au"
ro purifier price,,,,,,,,,,,,,,,,,,6,,,,False,False,"lovable.app, wateranalytics.com.au, cleanandclearwater.com.au, philips.com.au, filtersystemsaustralia.com.au, waterdropfilter.com.au",,,,,
melbourne water purifier,,,,,,,,,,,,,,,,,,26,,,,False,False,"waterscoaustralia.com.au, inflowfilter.com, google.com","cleanandclearwater.com.au, alkaviva.com.au, auspurifiers.com.au, wateranalytics.com.au, comparewaterfilters.com.au, amazon.com.au, greatwaterfilters.com.au, cuckooaustralia.com.au, waterscoaustralia.com.au","purewaterfiltration.com.au, filteredwatersolutions.com.au, waterscoaustralia.com.au, tryselene.com.au, pureflowfiltration.com.au, cleanandclearwater.com.au, wateranalytics.com.au, fullhousefiltration.com.au, expertplumbing.com.au, auspurifiers.com.au","cleanandclearwater.com.au, expertplumbing.com.au, waterscoaustralia.com.au, aquacoolerdirect.com.au","cleanandclearwater.com.au, pureflowfiltration.com.au, filtap.com.au, greatwaterfilters.com.au","cleanandclearwater.com.au, waterdropfilter.com.au, pureflowfiltration.com.au, filteredwatersolutions.com.au, demandfiltration.com.au"
service water filter,,,,,,,,,,,,,,,,,,4,,,,False,False,"rilian.com.au, cleanandclearwater.com.au, filtap.com.au, filtersystemsaustralia.com.au",,,,,
undersink water filter replacement,,,,,,,,,,,,,,,,,,1,15,,purewatersystems.com.au,False,False,,,,,,
affordable water filters​,,,,,,,,,,,,,,,,,,13,,,,False,False,"waterscoaustralia.com.au, google.com, inflowfilter.com, shieldwaterfilter.com.au","filteredwatersolutions.com.au, cleanandclearwater.com.au",waterscoaustralia.com.au,"filteredwatersolutions.com.au, carawater.com.au",hyperwellbeing.com.au,"thehomewaterfilterguy.com.au, filtersystemsaustralia.com.au, filteredwatersolutions.com.au, flowpure.com, waterfilter.com.au"
water filtration whole house,,,,,,,,,,,,,,,,,,5,20,,simplyfiltration.com.au,False,False,"wateranalytics.com.au, filtersystemsaustralia.com.au, cleanandclearwater.com.au, puretec.com.au",,,,,
water filtration home,,,,,,,,,,,,,,,,,,2,38,,completehomefiltration.com.au,False,False,,,,,,
under sink water softener,,,,0.559256198347107,0.440743801652893,0.309090909090909,0.184210521468144,0.815789452216067,,,,,,,,,,7,,,,False,False,"filtersystemsaustralia.com.au, waterdropfilter.com.au, thinkwater.com.au, waterfilter.net.au","filtersystemsaustralia.com.au, cleanandclearwater.com.au, mywaterfilter.com.au, pureflowfiltration.com.au",,,,
water filter for pfas australia,,17,,,,,,,,,,,,,,,,26,7,,reddit.com,False,False,"google.com, tappwater.com.au, waterscoaustralia.com.au, philips.com.au, inflowfilter.com, shieldwaterfilter.com.au, zazenalkalinewater.com.au","filtersystemsaustralia.com.au, waterscoaustralia.com.au, betterwaterbetteryou.com.au, inflowfilter.com","kynandfolk.com, waterscoaustralia.com.au, filtersystemsaustralia.com.au, lovable.app, tappwater.com.au, philips.com.au, minthomefiltration.com, waterdropfilter.com.au","kynandfolk.com, filpure.com.au, filtersystemsaustralia.com.au, philips.com.au, water-filter-sentry.com.au, billi.com.au, waterdropfilter.com.au, cleanandclearwater.com.au, tappwater.com.au, holyh2o.com.au","filpure.com.au, blissfulhome.com.au, tappwater.com.au, filtersystemsaustralia.com.au, waterscoaustralia.com.au, waterfilter.com.au","filtersystemsaustralia.com.au, tappwater.com.au, kynandfolk.com, filteredwatersolutions.com.au, waterscoaustralia.com.au, waterfilter.com.au"
water filtration companies,,,,0.384744801512287,0.615255198487713,0.391304347826087,0.0714285688775511,0.928571395408164,2.05,,2.05,0,,0,6.09,,6.09,18,,,,False,False,"prwater.com.au, ecpwaterfilter.com, thinkwater.com.au","wateranalytics.com.au, ecpwaterfilter.com, aquapax.com.au, hydrochem.com.au","ecpwaterfilter.com, wateranalytics.com.au, hydrochem.com.au, uvguard.com, southlandfiltration.com.au, filtecwater.com, greatwaterfilters.com.au, ovio.com, valueh2o.com.au, bespokewater.com.au","collisbrosplumbing.com.au, bespokewater.com.au, hydrochem.com.au, filtap.com.au, cleanandclearwater.com.au, filtecwater.com, homewaterfiltration.com.au, wateranalytics.com.au, neighbourhoodwaterfiltration.com.au, greatwaterfilters.com.au",,
house filtration system,,,,0.695,0.305,0.366666666666667,,,,,,,,,,,,31,,,,False,False,"wateranalytics.com.au, google.com, shieldwaterfilter.com.au, filtermate.com.au, waterfilter.com.au, filtersforyou.com.au, mrsplashplumbing.com.au","wateranalytics.com.au, smarth2o.com.au, waterfilter.com.au","networkplumbing.com.au, filtersystemsaustralia.com.au, wateranalytics.com.au, cleanandclearwater.com.au, filpure.com.au, thinkwater.com.au, comparewaterfilters.com.au, lovable.app","filtersystemsaustralia.com.au, smartenergy.co, wateranalytics.com.au, purestwaterfiltration.com.au, cleanandclearwater.com.au, cameronsplumbing.com.au, filtap.com.au, networkplumbing.com.au","smartenergy.co, waterfilter.com.au, filtap.com.au, reactiveplumbingandelectrical.com.au, filtersystemsaustralia.com.au, cleanandclearwater.com.au, purestwaterfiltration.com.au, filpure.com.au, wateranalytics.com.au, aquastream.com.au","cleanandclearwater.com.au, filpure.com.au, filtersystemsaustralia.com.au, wateranalytics.com.au, purestwaterfiltration.com.au, filtap.com.au, cameronsplumbing.com.au, smartenergy.co, thinkwater.com.au, waterfilter.com.au"
pure water filtration,,,,,,,,,,,,0,,0,6.35,,6.35,13,36,,cooeewater.com.au,False,False,"purewaterfiltration.com.au, tryselene.com.au",purewaterfiltration.com.au,"smartenergy.co, wateranalytics.com.au, cleanandclearwater.com.au, waterfilter.direct, incrediblypure.com.au, waterfilter.com.au, purewatersystems.com.au","alkaviva.com.au, saferwater.com","purewaterfiltration.com.au, wateranalytics.com.au, cleanandclearwater.com.au","purewatersystems.com.au, puurefilters.com, waterfilter.com.au, cleanandclearwater.com.au, wateranalytics.com.au, filtersystemsaustralia.com.au"
water filter for house,,,,0.646074849632435,0.353925150367565,0.432835820895522,0.289473676592798,0.710526297091413,1.86,,1.86,0,,0,0.0,,0.0,9,15,,purestwaterfiltration.com.au,False,False,,"completehomefiltration.com.au, wateranalytics.com.au, puremainswater.com.au, filtersystemsaustralia.com.au","filtersystemsaustralia.com.au, wateranalytics.com.au, philips.com.au, homewaterfiltration.com.au, waterfilterdistributors.com.au, filteredwatersolutions.com.au, cleanandclearwater.com.au",,,
kitchen water softener,,,,,,,,,,,,,,,,,,4,,,,False,False,"filteredwatersolutions.com.au, aquariusdrilling.com.au, pureflowfiltration.com.au",cleanandclearwater.com.au,,,,
drinking water filter system for home,,,,,,,,,3.7,,3.7,0,,0,173.79,,173.79,12,,,,False,False,"ecovera.au, waterfilter.com.au, purewaterfiltration.com.au","wateranalytics.com.au, hiltonplumbing.com.au, hydrotechgroup.com.au",filtersystemsaustralia.com.au,"thewaterfiltrationcompany.com.au, filpure.com.au, wateranalytics.com.au, completehomefiltration.com.au, cleanandclearwater.com.au","completehomefiltration.com.au, filtap.com.au, wateranalytics.com.au, filtersystemsaustralia.com.au",
reverse osmosis filter sydney,,21,,,,,,,,,,,,,,,,19,13,,filtersystemsaustralia.com.au,False,False,"wateranalytics.com.au, waterscoaustralia.com.au, google.com, aquaserve.com.au, filtersforyou.com.au, cleanandclearwater.com.au, aewaterfilters.com, filtersystemsaustralia.com.au","cleanandclearwater.com.au, google.com","filtap.com.au, cleanandclearwater.com.au, purewaterfiltration.com.au, filtersystemsaustralia.com.au, wateranalytics.com.au, lovable.app, minthomefiltration.com",filtersystemsaustralia.com.au,"filtap.com.au, waterfilter.com.au, cleanandclearwater.com.au, filteredwatersolutions.com.au, filpure.com.au, bespokewater.com.au","filtersystemsaustralia.com.au, filtap.com.au, filpure.com.au"
reverse osmosis water filter replacement,,15,,,,,,,,,,,,,,,,1,7,,filtersystemsaustralia.com.au,False,False,,cleanandclearwater.com.au,,,,
wollongong water filters,,,,,,,,,,,,,,,,,,25,,,,False,False,"thewateralchemists.com.au, google.com, shieldwaterfilter.com.au, waterscoaustralia.com.au","thewateralchemists.com.au, inflowfilter.com, cleanandclearwater.com.au, wateranalytics.com.au","eliteplumbinggroup.com, google.com, watershop.com.au, filpure.com.au, cleannectarine.com.au, filtap.com.au, inflowfilter.com, cleanandclearwater.com.au","eliteplumbinggroup.com, filtap.com.au, filpure.com.au, watershop.com.au, cleanandclearwater.com.au","filtap.com.au, cleanandclearwater.com.au, waterfilter.com.au, filpure.com.au, filteredwatersolutions.com.au, watershop.com.au","filtap.com.au, cleanandclearwater.com.au, completehomefiltration.com.au, filtersystemsaustralia.com.au, filteredwatersolutions.com.au, waterfilter.com.au, essentialservicesgroup.com.au, culligan.com.au"
water filters wollongong,,42,,,,,,,2.31,,2.31,0,,0,1.98,,1.98,24,31,,hydrosafe.au,False,False,"purewatersystems.com.au, southernfiltration.com.au, inflowfilter.com, thewateralchemists.com.au, waterscoaustralia.com.au, shieldwaterfilter.com.au, google.com","wateranalytics.com.au, purewatersystems.com.au, filtersystemsaustralia.com.au, mrsplashplumbing.com.au","eliteplumbinggroup.com, cleanandclearwater.com.au, filtap.com.au, google.com, southernfiltration.com.au, filtersystemsaustralia.com.au, psifilters.com.au, filpure.com.au, watershop.com.au","filtap.com.au, eliteplumbinggroup.com","filtap.com.au, waterfilter.com.au, filpure.com.au, thewateralchemists.com.au, wateranalytics.com.au, dolphinhomefiltration.com.au","cleanandclearwater.com.au, filtap.com.au, filtersystemsaustralia.com.au"
filter systems,,63,,0.362,0.638,0.64,,,2.11,,2.11,0,,0,0.0,,0.0,25,28,,filtersystemsaustralia.com.au,False,False,"filtersystemsaustralia.com.au, google.com, waterscoaustralia.com.au, inflowfilter.com, aquaserve.com.au","filtersystemsaustralia.com.au, filpure.com.au, water-filter-sentry.com.au, filteredwatersolutions.com.au, google.com","filtersystemsaustralia.com.au, purpleduck.com.au, filpure.com.au, waterfilter.net.au, filteredwatersolutions.com.au, google.com, purewatersystems.com.au","filtersystemsaustralia.com.au, smartenergy.co, filteredwatersolutions.com.au, purewatersystems.com.au","alkaviva.com.au, filtersystemsaustralia.com.au, waterfilter.com.au, purezafilters.com, smartenergy.co, hyperwellbeing.com.au, reactiveplumbingandelectrical.com.au, purewatersystems.com.au, filtecwater.com, waterfilter.net.au","filtersystemsaustralia.com.au, hyperwellbeing.com.au, waterdropfilter.com.au, design10.com.au, filteredwatersolutions.com.au, alkaviva.com.au, smartenergy.co, cleanandclearwater.com.au, fltr.com.au"
under sink water filtration system sydney,,,,,,,,,,,,,,,,,,29,,,,False,False,"filtersforyou.com.au, aquaserve.com.au, cleanandclearwater.com.au, freshfilteredwater.com.au, google.com, waterfilterdistributors.com.au, aewaterfilters.com, waterscoaustralia.com.au, waterfilter.net.au, filpure.com.au, filteredwatersolutions.com.au","cleanandclearwater.com.au, filtersystemsaustralia.com.au, comparewaterfilters.com.au, minthomefiltration.com, filtap.com.au, wateranalytics.com.au, earthtank.com.au, holyh2o.com.au, linkplumbing.com.au, google.com","filtap.com.au, filtersystemsaustralia.com.au, filpure.com.au, cleanandclearwater.com.au, lovable.app, wateranalytics.com.au, buildmat.com.au, doulton.com, filteredwatersolutions.com.au","filpure.com.au, filtap.com.au, purewaterfiltration.com.au, cleanandclearwater.com.au","filtap.com.au, waterfilter.com.au, filpure.com.au, cleanandclearwater.com.au, filteredwatersolutions.com.au","filtap.com.au, cleanandclearwater.com.au"
whole house water filtration,,,,0.519263958953875,0.480736041046125,0.265560165975104,0.276836156628044,0.723163837722238,1.89,,1.89,2,,2,716.13,,716.13,10,22,,freshwatersystems.com.au,False,False,waterfilter.com.au,aquastream.com.au,"filtersystemsaustralia.com.au, wateranalytics.com.au","filtersystemsaustralia.com.au, wateranalytics.com.au, puretec.com.au, daveywater.com, cleanandclearwater.com.au","wateranalytics.com.au, filtersystemsaustralia.com.au, puretec.com.au",filtersystemsaustralia.com.au
filter water house system,,,,,,,,,,,,,,,,,,2,17,,aquasafe.com.au,False,False,,,,completehomefiltration.com.au,"completehomefiltration.com.au, cleanandclearwater.com.au",completehomefiltration.com.au
best water filters in australia,,,,,,,,,,,,,,,,,,5,18,,filtersystemsaustralia.com.au,False,False,,,,,,
5 stage reverse osmosis system,,13,,0.513288241415193,0.486711758584807,0.612903225806452,,,0.43,,0.43,0,,0,0.71,,0.71,17,1,,theitmart.com.au,False,False,"filtersforyou.com.au, waterscoaustralia.com.au, filtersystemsaustralia.com.au, google.com, aquaserve.com.au, shieldwaterfilter.com.au, aewaterfilters.com","cleanandclearwater.com.au, filteredwatersolutions.com.au, filtersystemsaustralia.com.au, purewatersystems.com.au, philips.com.au, waterfilter.net.au, waterdropfilter.com.au","filtersystemsaustralia.com.au, purewatersystems.com.au, waterdropfilter.com.au, philips.com.au, psifilters.com.au, minthomefiltration.com","filtersystemsaustralia.com.au, waterdropfilter.com.au","filtersystemsaustralia.com.au, cleanandclearwater.com.au, filteredwatersolutions.com.au","filtersystemsaustralia.com.au, waterfilter.com.au, filpure.com.au"
under sink water filters wollongong,,,,,,,,,,,,,,,,,,19,,,,False,False,"shieldwaterfilter.com.au, pearlwaterfilters.com.au, cleanandclearwater.com.au","filtap.com.au, filteredwatersolutions.com.au, cleanandclearwater.com.au, filtersystemsaustralia.com.au, novoh2o.com.au, psifilters.com.au, filpure.com.au, wateranalytics.com.au, greatwaterfilters.com.au, inflowfilter.com","filtap.com.au, filteredwatersolutions.com.au, cleanandclearwater.com.au","filtap.com.au, filteredwatersolutions.com.au, cleanandclearwater.com.au, filpure.com.au, waterfilter.com.au","filteredwatersolutions.com.au, filtap.com.au, cleanandclearwater.com.au, filtersystemsaustralia.com.au","filtap.com.au, cleanandclearwater.com.au, puretec.com.au, filtersystemsaustralia.com.au, essentialservicesgroup.com.au"
filtration system for home,,,,,,,,,,,,,,,,,,4,13,,freshwatersystems.com.au,False,False,"wateranalytics.com.au, filtersystemsaustralia.com.au, cleanandclearwater.com.au",,,,completehomefiltration.com.au,
water filteration wollongong,,,,,,,,,,,,,,,,,,21,,,,False,False,"aquaserve.com.au, google.com, wateranalytics.com.au, shieldwaterfilter.com.au","wateranalytics.com.au, filpure.com.au, cleanandclearwater.com.au, filteredwatersolutions.com.au, hydrosmart.com.au, comparewaterfilters.com.au, purewaterfiltration.com.au","purpleduck.com.au, google.com, filpure.com.au, filtap.com.au, safemains.com.au, wateranalytics.com.au, comparewaterfilters.com.au, minthomefiltration.com, cleanandclearwater.com.au, greengroupplumbing.com.au","filtap.com.au, wateranalytics.com.au","filtap.com.au, wateranalytics.com.au","wateranalytics.com.au, filtersystemsaustralia.com.au, filtap.com.au, filteredwatersolutions.com.au, cleanandclearwater.com.au"
best water filtration systems for whole house,,,,,,,,,,,,,,,,,,4,19,,waterfilter.com.au,False,False,,,,,,completehomefiltration.com.au
water filter installation under sink,,,,,,,,,,,,,,,,,,2,1,,purewatersystems.com.au,False,False,,,,,,
filter water systems,,,,,,,,,2.08,,2.08,0,,0,2.9,,2.9,7,38,,cooeewater.com.au,False,False,"filtersystemsaustralia.com.au, novoh2o.com.au, cleanandclearwater.com.au, wateranalytics.com.au, filpure.com.au","filtersystemsaustralia.com.au, filpure.com.au","waterfilter.com.au, filtersystemsaustralia.com.au, cleanandclearwater.com.au, wateranalytics.com.au",filtersystemsaustralia.com.au,,
reverse osmosis drinking water filtration system,,,,,,,,,,,,,,,,,,14,,,,False,False,"puretec.com.au, philips.com.au, filtersforyou.com.au, aquala.au, waterscoaustralia.com.au, google.com, shieldwaterfilter.com.au","filtersystemsaustralia.com.au, cleanandclearwater.com.au, philips.com.au, tappwater.com.au, wateranalytics.com.au, waterscoaustralia.com.au",filtersystemsaustralia.com.au,filtersystemsaustralia.com.au,filtersystemsaustralia.com.au,filtersystemsaustralia.com.au
home water filtration system service,,,,,,,,,,,,,,,,,,33,,,,False,False,"filtersforyou.com.au, aquaserve.com.au, mrsplashplumbing.com.au, brisbaneflowplumbing.com.au, aewaterfilters.com, salmonplumbing.com.au, plumbingbros.com.au","filtap.com.au, cleanandclearwater.com.au, networkplumbing.com.au, samedayhomeservices.com.au, lovable.app, collisbrosplumbing.com.au, mrfixplumbing.com.au, jaycoplumbing.com.au, wateranalytics.com.au, spsplumbers.com.au","cleanandclearwater.com.au, samedayhomeservices.com.au, fullhousewaterfiltration.com.au, collisbrosplumbing.com.au, filteredwatersolutions.com.au, filtap.com.au","emergencyhomeservices.com.au, filtap.com.au, cleanandclearwater.com.au, fullhousewaterfiltration.com.au, cameronsplumbing.com.au, wilcoplumbing.com.au, hydraflo.com.au, collisbrosplumbing.com.au, samedayhomeservices.com.au","emergencyhomeservices.com.au, filtap.com.au, cleanandclearwater.com.au, thewaterfiltrationcompany.com.au, fixnflow.com.au, mrfixplumbing.com.au, filpure.com.au, wilcoplumbing.com.au, fullhousewaterfiltration.com.au, filteredwatersolutions.com.au","filtap.com.au, wateranalytics.com.au, cleanandclearwater.com.au, fullhousewaterfiltration.com.au, thewaterfiltrationcompany.com.au, purpleduck.com.au, wilcoplumbing.com.au, jaycoplumbing.com.au, emergencyhomeservices.com.au"
home filtration,,39,,,,,,,,,,,,,,,,9,29,,completehomefiltration.com.au,False,False,"google.com, inflowfilter.com, aquastream.com.au, puremainswater.com.au","wateranalytics.com.au, aquastream.com.au",aquariuswaterfilters.com.au,wateranalytics.com.au,,
under sink filtration system,,15,,0.480034602076124,0.519965397923876,0.323529411764706,0.652173884688092,0.347826071833649,1.26,,1.26,0,,0,24.1,,24.1,8,4,,purewatersystems.com.au,False,False,,"puretec.com.au, philips.com.au, google.com",puretec.com.au,,,"filtersystemsaustralia.com.au, buildmat.com.au, cleanandclearwater.com.au, filteredwatersolutions.com.au"
house water filter system,,38,,0.708475665748393,0.291524334251607,0.439393939393939,0.378378368151936,0.621621604821038,,,,,,,,,,10,14,,filtersystemsaustralia.com.au,False,False,wateranalytics.com.au,"filtersystemsaustralia.com.au, pureflowfiltration.com.au","homewaterfiltration.com.au, filtersystemsaustralia.com.au",,"filtersystemsaustralia.com.au, filpure.com.au, wateranalytics.com.au, cleanandclearwater.com.au, waterfilterdistributors.com.au, puretec.com.au",
drinking water filter system,,10,,0.663133174791914,0.336866825208086,0.402298850574713,0.355769227348373,0.644230763036243,2.83,,2.83,0,,0,8.73,,8.73,5,8,,filtersystemsaustralia.com.au,False,False,,,wateranalytics.com.au,"completehomefiltration.com.au, filtap.com.au, waterfilter.net.au, wateranalytics.com.au, cleanandclearwater.com.au",,
water filtration system service,,,,,,,,,,,,,,,,,,27,,,,False,False,"aquaserve.com.au, filtersforyou.com.au, hydrochem.com.au, google.com","spsplumbers.com.au, centurionaprs.com, linkplumbing.com.au","jaycoplumbing.com.au, spsplumbers.com.au, filpure.com.au, cleanandclearwater.com.au, samedayhomeservices.com.au, filtersystemsaustralia.com.au, collisbrosplumbing.com.au, centurionaprs.com, filteredwatersolutions.com.au, minthomefiltration.com, purpleduck.com.au","wateranalytics.com.au, samedayhomeservices.com.au, filpure.com.au, collisbrosplumbing.com.au, uvguard.com, cleanandclearwater.com.au, wilcoplumbing.com.au","emergencyhomeservices.com.au, jaycoplumbing.com.au, filtersystemsaustralia.com.au, cleanandclearwater.com.au, filteredwatersolutions.com.au, wilcoplumbing.com.au, filtap.com.au",emergencyhomeservices.com.au
whole house water treatment systems,,,,0.552863395337093,0.447136604662907,0.311926605504587,,,,,,,,,,,,9,11,,freshwatersystems.com.au,False,False,"cleanandclearwater.com.au, wateranalytics.com.au, filtap.com.au, cuiyuantrade.com",homewaterfiltration.com.au,wateranalytics.com.au,filtersystemsaustralia.com.au,waterfilter.com.au,completehomefiltration.com.au
whole house reverse osmosis,,19,,0.645099129801097,0.354900870198903,0.293981481481481,0.350819670980919,0.649180325740392,2.74,,2.74,0,,0,0.35,,0.35,7,7,,waterfilter.com.au,False,False,,"filtersystemsaustralia.com.au, fullhousefiltration.com.au, pureflowfiltration.com.au, cleanandclearwater.com.au, tryselene.com.au",wateranalytics.com.au,,"filtersystemsaustralia.com.au, drinkrippl.com, wateranalytics.com.au",
hard water filtration system,,25,,0.63848,0.36152,0.48,,,0.44,,0.44,0,,0,2.31,,2.31,24,13,,filtersystemsaustralia.com.au,False,False,"google.com, filtersforyou.com.au, inflowfilter.com, wateranalytics.com.au, aquaserve.com.au, shieldwaterfilter.com.au, filtersystemsaustralia.com.au, cleanandclearwater.com.au, purewaterfiltration.com.au, puretapaustralia.com.au","wateranalytics.com.au, mrsplashplumbing.com.au","filtersystemsaustralia.com.au, wateranalytics.com.au, cleanandclearwater.com.au, safemains.com.au, filtap.com.au, filpure.com.au, minthomefiltration.com, lovable.app","filtap.com.au, wateranalytics.com.au, cleanandclearwater.com.au, hydrosmart.com.au, safemains.com.au","cleanandclearwater.com.au, waterfilter.com.au, filtap.com.au, filteredwatersolutions.com.au, wateranalytics.com.au, filpure.com.au, filtersystemsaustralia.com.au","filtersystemsaustralia.com.au, filpure.com.au, wateranalytics.com.au, alkaviva.com.au, fullhousewaterfiltration.com.au, springwellwater.com, filtap.com.au, waterfilter.com.au, cleanandclearwater.com.au"
home water filtration systems cost,,,,,,,,,,,,,,,,,,4,11,,aquastream.com.au,False,False,,,completehomefiltration.com.au,,"completehomefiltration.com.au, wateranalytics.com.au, cleanandclearwater.com.au, purestwaterfiltration.com.au",completehomefiltration.com.au
wollongong water filtration,,,,,,,,,,,,,,,,,,25,,,,False,False,"thewateralchemists.com.au, greatwaterfilters.com.au, filpure.com.au, aquaserve.com.au, southernfiltration.com.au, google.com, cleanandclearwater.com.au, wateranalytics.com.au, shieldwaterfilter.com.au","cleanandclearwater.com.au, wateranalytics.com.au","eliteplumbinggroup.com, filtap.com.au, cleanandclearwater.com.au, purpleduck.com.au, google.com, southernfiltration.com.au, minthomefiltration.com","eliteplumbinggroup.com, wateranalytics.com.au, cleanandclearwater.com.au, filtap.com.au, filpure.com.au","cleanandclearwater.com.au, filtap.com.au, daveywater.com, valueh2o.com.au, filpure.com.au","filtersystemsaustralia.com.au, filtap.com.au, cleanandclearwater.com.au, completehomefiltration.com.au, wateranalytics.com.au, alkaviva.com.au, filteredwatersolutions.com.au, valueh2o.com.au, watershop.com.au"
water filtration services,,60,,,,,,,,,,,,,,,,32,42,,completehomefiltration.com.au,False,False,"clearlyfiltered.com, uswatersystems.com, frizzlife.com, aquaserve.com.au, cleanandclearwater.com.au, hydrochem.com.au, mackenzysplumbing.com, leafhomewatersolutions.com, sweetwaterhomeservices.com, centurionaprs.com, mrsplashplumbing.com.au, ifilters.com","purewaterfiltration.com.au, hydrochem.com.au, wateranalytics.com.au, filtersystemsaustralia.com.au, aquatru.com, frizzlife.com, shieldwaterfilter.com.au, centurionaprs.com","hydrochem.com.au, filtersystemsaustralia.com.au, mypurewater.com, collisbrosplumbing.com.au, centurionaprs.com, purewaterfiltration.com.au, cleanandclearwater.com.au","hydrochem.com.au, fullhousewaterfiltration.com.au, wateranalytics.com.au, centurionaprs.com, waterfiltrationsupply.com, glacierfreshfilter.com, clearlyfiltered.com, uk-water-filters.co.uk, ifilters.com, wateranywhere.com",hydrochem.com.au,"hydrochem.com.au, kindwater.com, bluedropwater.com, filtersystemsaustralia.com.au, homedepot.com, aquakleartech.com.au"
in house water filter system,,28,,,,,,,,,,,,,,,,9,10,,filtersystemsaustralia.com.au,False,False,,filtersystemsaustralia.com.au,"bestcoast.com.au, aquastream.com.au",,"completehomefiltration.com.au, wateranalytics.com.au, purestwaterfiltration.com.au, filtersystemsaustralia.com.au, cleanandclearwater.com.au, filpure.com.au, filtap.com.au","completehomefiltration.com.au, wateranalytics.com.au, cleanandclearwater.com.au, filtap.com.au, purestwaterfiltration.com.au"
water filter systems sydney,,,,,,,,,3.04,,3.04,0,,0,0.0,,0.0,17,32,,freshwatersystems.com.au,False,False,"hydraflo.com.au, filtersystemsaustralia.com.au, filtersforyou.com.au, aquaserve.com.au, google.com, cleanandclearwater.com.au","hydraflo.com.au, cleanandclearwater.com.au, collisbrosplumbing.com.au, rixsplumbing.com.au","wateranalytics.com.au, hydraflo.com.au, samedayhomeservices.com.au, filtap.com.au, cleanandclearwater.com.au, collisbrosplumbing.com.au, minthomefiltration.com","filtersystemsaustralia.com.au, purestwaterfiltration.com.au, filtap.com.au, cleanandclearwater.com.au, filpure.com.au, collisbrosplumbing.com.au",filpure.com.au,"clickcease.com, filtersystemsaustralia.com.au, filtap.com.au, purestwaterfiltration.com.au"
water treatment system maintenance,,,,,,,,,,,,,,,,,,8,,,,False,False,"fullhousefiltration.com.au, aquaenergygroup.com.au, baysidelocalplumber.com.au, cleanandclearwater.com.au","triplezeroplumbing.com.au, filtap.com.au, oleology.com.au, cleanandclearwater.com.au, baysidelocalplumber.com.au, vitalindustries.com.au, aquaenergygroup.com.au",,,,
water filter system for home,,48,,0.522130382260806,0.477869617739194,0.389140271493213,0.340740738216735,0.659259254375857,2.57,,2.57,0,,0,28.59,,28.59,21,15,,puretec.com.au,False,False,"wateranalytics.com.au, inflowfilter.com, waterfilter.com.au","waterfilter.com.au, filpure.com.au, wateranalytics.com.au, homewaterfiltration.com.au, filtersystemsaustralia.com.au, puratap.com.au","purestwaterfiltration.com.au, wateranalytics.com.au, homewaterfiltration.com.au",networkplumbing.com.au,"smartenergy.co, reactiveplumbingandelectrical.com.au, purestwaterfiltration.com.au, filtersystemsaustralia.com.au",wateranalytics.com.au
purity water filter,,,,,,,,,,,,,,,,,,9,,,,False,False,"landing-pages.com.au, pureflowfiltration.com.au, cleanandclearwater.com.au",puritibeauty.com,"puritibeauty.com, purafion.com, flowpure.com, waterdropfilter.com.au, alkaviva.com.au",puurefilters.com,,
hard water filters,,,,,,,,,1.35,,1.35,0,,0,5.6,,5.6,12,16,,shieldwaterfilter.com.au,False,False,"inflowfilter.com, filtersystemsaustralia.com.au, waterscoaustralia.com.au, aquaserve.com.au, google.com, shieldwaterfilter.com.au",filtersystemsaustralia.com.au,"holyh2o.com.au, filtersystemsaustralia.com.au, mywaterfilter.com.au",cleanandclearwater.com.au,purezafilters.com,
water filters central coast,,33,,,,,,,4.57,,4.57,0,,0,14.98,,14.98,32,37,,centralcoastwaterfiltration.com.au,False,False,"purewatersystems.com.au, wateranalytics.com.au, culligan.com, waterscoaustralia.com.au, google.com, shieldwaterfilter.com.au, alkalineworld.com.au, zazenalkalinewater.com.au, cleanandclearwater.com.au","filtersystemsaustralia.com.au, purewatersystems.com.au, cleanandclearwater.com.au, wateranalytics.com.au, carawater.com.au, ecobud.com.au, inflowfilter.com","filtersystemsaustralia.com.au, wateranalytics.com.au, greatwaterfilters.com.au, comparewaterfilters.com.au, minthomefiltration.com, filteredwatersolutions.com.au, watershop.com.au, filpure.com.au","cleanandclearwater.com.au, filtersystemsaustralia.com.au, wateranalytics.com.au, filtap.com.au","filtersystemsaustralia.com.au, filteredwatersolutions.com.au","filtersystemsaustralia.com.au, waterfilter.com.au"
5 stage reverse osmosis filter,,12,,,,,,,2.27,,2.27,0,,0,0.0,,0.0,19,1,,purewatersystems.com.au,False,False,"filtersforyou.com.au, filtersystemsaustralia.com.au, google.com, shieldwaterfilter.com.au, waterscoaustralia.com.au, aewaterfilters.com, mywaterfilter.com.au, waterfilterdistributors.com.au, water-filter-sentry.com.au, filteredwatersolutions.com.au","filtersystemsaustralia.com.au, philips.com.au","filtersystemsaustralia.com.au, waterfilter.net.au, waterdropfilter.com.au, ovio.com, filteredwatersolutions.com.au","filtersystemsaustralia.com.au, bespokewater.com.au, cleanandclearwater.com.au, water-filter-sentry.com.au, waterfilter.net.au, waterdropfilter.com.au","filtersystemsaustralia.com.au, waterfilter.net.au","filtersystemsaustralia.com.au, waterfilter.com.au, carawater.com.au"
water treatment experts,,,,,,,,,,,,,,,,,,23,,,,False,False,"imchlo.be, cleanteqwater.com, hydrochem.com.au, centurionaprs.com, google.com",cleanteqwater.com,"watertreat.com.au, lutra.com.au, aquariusdrilling.com.au, prwater.com.au, carefree.com.au","nchasia.com, watertreat.com.au, prwater.com.au, aquariusdrilling.com.au, lpage.com.au, carefree.com.au","aquariusdrilling.com.au, lutra.com.au, ixom.com, prwater.com.au","lpage.com.au, cwc.com.au, aquariusdrilling.com.au, prwater.com.au, lutra.com.au, oleology.com.au, filtecwater.com, cleanandclearwater.com.au, watertreat.com.au"
reverse osmosis filters australia,,,,,,,,,,,,,,,,,,10,9,,filtersystemsaustralia.com.au,False,False,,,,"completehomefiltration.com.au, filtersystemsaustralia.com.au, water-filter-sentry.com.au, aquala.au, waterscoaustralia.com.au","filtersystemsaustralia.com.au, aquala.au, waterdropfilter.com.au, filpure.com.au, cleanandclearwater.com.au, hyperwellbeing.com.au, philips.com.au",
whole home water purification,,,,,,,,,,,,0,,0,2.21,,2.21,4,8,,freshwatersystems.com.au,False,False,wateranalytics.com.au,aquastream.com.au,wateranalytics.com.au,,,
full house filtration system,,24,,,,,,,,,,,,,,,,21,8,,puretec.com.au,False,False,"google.com, wateranalytics.com.au, waterfilter.com.au, filtersforyou.com.au, aquaserve.com.au, homefiltrationsystems.com, aewaterfilters.com, mrsplashplumbing.com.au","wateranalytics.com.au, filtersystemsaustralia.com.au, waterfilter.com.au, mrsplashplumbing.com.au, puretec.com.au, google.com","networkplumbing.com.au, cleanandclearwater.com.au, filtersystemsaustralia.com.au, purpleduck.com.au, wateranalytics.com.au, purestwaterfiltration.com.au, filpure.com.au, safemains.com.au, filtap.com.au, google.com","waterfilter.com.au, smartenergy.co, cleanandclearwater.com.au, filtap.com.au, filpure.com.au, purestwaterfiltration.com.au, fullhousewaterfiltration.com.au, filtersystemsaustralia.com.au, wateranalytics.com.au, networkplumbing.com.au","waterfilter.com.au, smartenergy.co, cleanandclearwater.com.au, filtap.com.au, purestwaterfiltration.com.au, reactiveplumbingandelectrical.com.au, filtersystemsaustralia.com.au, filpure.com.au","filtersystemsaustralia.com.au, wateranalytics.com.au, cleanandclearwater.com.au, filpure.com.au, fullhousewaterfiltration.com.au, smartenergy.co, purestwaterfiltration.com.au, filtap.com.au, puretec.com.au"
water filtration for house,,,,,,,,,2.16,,2.16,0,,0,0.0,,0.0,6,16,,aquasafe.com.au,False,False,"cleanandclearwater.com.au, wateranalytics.com.au, filtersystemsaustralia.com.au, pureflowfiltration.com.au",,,,,
water filtration system for home,,,,0.57023972050524,0.42976027949476,0.439344262295082,0.362573097294894,0.637426896857153,2.01,,2.01,0,,0,3.74,,3.74,17,17,,freshwatersystems.com.au,False,False,"google.com, waterfilter.com.au","filtersystemsaustralia.com.au, waterfilter.net.au, wateranalytics.com.au","wateranalytics.com.au, fullhousewaterfiltration.com.au, philips.com.au, puretec.com.au, completehomefiltration.com.au, waterfilterguy.com.au, waterfilterdistributors.com.au","cleanandclearwater.com.au, clickcease.com, puretec.com.au, daveywater.com, wateranalytics.com.au, homewaterfiltration.com.au, waterfilterdistributors.com.au, filtersystemsaustralia.com.au, filtap.com.au, revolutionaryfiltration.com.au",,
sink tap filter,,23,,,,,,,,,,,,,,,,2,4,,tradelink.com.au,False,False,"demandfiltration.com.au, cleanandclearwater.com.au",,,,,
water filtration system installation,,16,,,,,,,,,,,,,,,,6,3,,bunnings.com.au,False,False,,,,"completehomefiltration.com.au, greatwaterfilters.com.au, cleanandclearwater.com.au, filtecwater.com, filtap.com.au, thedrainmate.com.au",,
hard water filter for home,,,,,,,,,,,,,,,,,,8,,,,False,False,"completehomefiltration.com.au, wateranalytics.com.au, puretec.com.au, filtersystemsaustralia.com.au","wateranalytics.com.au, filpure.com.au, cleanandclearwater.com.au, puretec.com.au, filtap.com.au, filtersystemsaustralia.com.au, thehomewaterfilterguy.com.au",,,,
water filter system central coast,,,,,,,,,,,,,,,,,,21,,,,False,False,"google.com, wateranalytics.com.au","wateranalytics.com.au, greatwaterfilters.com.au, cleanandclearwater.com.au","cleanandclearwater.com.au, purestwaterfiltration.com.au, filtap.com.au, wateranalytics.com.au, safemains.com.au, purewaterfiltration.com.au, filteredwatersolutions.com.au, samedayhomeservices.com.au, comparewaterfilters.com.au, greatwaterfilters.com.au","cleanandclearwater.com.au, purestwaterfiltration.com.au, filteredwatersolutions.com.au, bespokewater.com.au, wateranalytics.com.au, filpure.com.au, filtap.com.au, inflowfilter.com","purestwaterfiltration.com.au, filtersystemsaustralia.com.au, wateranalytics.com.au, waterfilter.com.au, cleanandclearwater.com.au, filtap.com.au","purestwaterfiltration.com.au, filteredwatersolutions.com.au, cleanandclearwater.com.au, thewaterfiltrationcompany.com.au, filtap.com.au, filtersystemsaustralia.com.au, waterfilter.com.au, wateranalytics.com.au"
water filtration systems under sink,,,,,,,,,,,,,,,,,,5,2,,purewatersystems.com.au,False,False,"filtersystemsaustralia.com.au, puretec.com.au, waterfilter.net.au, cleanandclearwater.com.au",,,completehomefiltration.com.au,,
water filtration system cost,,20,,0.598,0.402,0.266666666666667,,,,,,,,,,,,2,3,,reddit.com,False,False,,,"wateranalytics.com.au, cleanandclearwater.com.au",,,
fluoride water filter system,,13,,,,,,,,,,,,,,,,22,4,,aquasafe.com.au,False,False,"inflowfilter.com, alkalineworld.com.au, google.com, waterscoaustralia.com.au, puretec.com.au, shieldwaterfilter.com.au, zazenalkalinewater.com.au","wateranalytics.com.au, puretec.com.au","waterscoaustralia.com.au, filtersystemsaustralia.com.au, lovable.app, tappwater.com.au, wateranalytics.com.au, collisbrosplumbing.com.au, safemains.com.au, minthomefiltration.com, waterdropfilter.com.au, cleanandclearwater.com.au, alkaviva.com.au",waterfilter.com.au,"wateranalytics.com.au, waterscoaustralia.com.au, saferwater.com, filtersystemsaustralia.com.au, purezafilters.com",completehomefiltration.com.au
home water filtration system australia,,46,,,,,,,,,,,,,,,,10,24,,filtersystemsaustralia.com.au,False,False,,"homewaterfiltration.com.au, wateranalytics.com.au",,,,
water cooler footscray,,,,,,,,,,,,,,,,,,18,,,,False,False,"neverfail.com.au, waddisprings.com.au, google.com, watercoolersuperstore.com.au","watercoolersuperstore.com.au, neverfail.com.au, amazon.com.au, kogan.com, aquacoolerdirect.com.au","edensprings.co.uk, living-water.co.uk, office-coolers.com, watercoolersuperstore.com.au, kiewavalleyspringwater.com.au, neverfail.com.au, waddisprings.com.au, aquacoolerdirect.com.au","neverfail.com.au, culligan.com.au, aquacoolerdirect.com.au","waddisprings.com.au, neverfail.com.au","bigwet.com.au, neverfail.com.au, waddisprings.com.au, kiewavalleyspringwater.com.au, watercoolershop.com.au, filtap.com.au"
5 stage reverse osmosis water filter,,,,,,,,,2.3,,2.3,0,,0,8.67,,8.67,14,1,,healthyhabitats.com.au,False,False,"filtersforyou.com.au, waterscoaustralia.com.au, shieldwaterfilter.com.au, water-filter-sentry.com.au, google.com, filtersystemsaustralia.com.au, aewaterfilters.com",filtersystemsaustralia.com.au,"filtersystemsaustralia.com.au, waterfilter.net.au, waterdropfilter.com.au, filteredwatersolutions.com.au","filteredwatersolutions.com.au, filtersystemsaustralia.com.au, waterfilter.net.au, water-filter-sentry.com.au, waterdropfilter.com.au","filtersystemsaustralia.com.au, filteredwatersolutions.com.au, waterdropfilter.com.au, waterfilter.net.au, waterfilter.com.au, cleanandclearwater.com.au","filtersystemsaustralia.com.au, filpure.com.au"
​home water filter service​,,,,,,,,,,,,,,,,,,30,,,,False,False,"aquaserve.com.au, filtersforyou.com.au, lifesourcewater.com, eliterooter.com, wateranalytics.com.au, google.com, spsplumbers.com.au, mrsplashplumbing.com.au, brisbaneflowplumbing.com.au","mrsplashplumbing.com.au, wateranalytics.com.au",lovable.app,"vellaplumbinggroup.com.au, filpure.com.au, filteredwatersolutions.com.au","emergencyhomeservices.com.au, filtersystemsaustralia.com.au, fullhousewaterfiltration.com.au, wateranalytics.com.au, waterfilter.com.au, wilcoplumbing.com.au, filteredwatersolutions.com.au","emergencyhomeservices.com.au, fullhousewaterfiltration.com.au"
whole house ro system,,19,,0.598,0.402,0.335135135135135,0.382113818031595,0.617886173838324,0.53,,0.53,0,,0,1.9,,1.9,5,13,,waterfilter.com.au,False,False,,"filtersystemsaustralia.com.au, psifilters.com.au, wateranalytics.com.au","cleanandclearwater.com.au, filtersystemsaustralia.com.au, fullhousefiltration.com.au",wateranalytics.com.au,filtersystemsaustralia.com.au,
under sink water filters central coast,,,,,,,,,,,,,,,,,,19,,,,False,False,"water2.com, aarke.com","filpure.com.au, cleanandclearwater.com.au, filteredwatersolutions.com.au, filtersystemsaustralia.com.au, comparewaterfilters.com.au, greatwaterfilters.com.au, purewatersystems.com.au, wateranalytics.com.au","filpure.com.au, filtap.com.au, cleanandclearwater.com.au","filteredwatersolutions.com.au, cleanandclearwater.com.au, filtap.com.au, filpure.com.au, waterfilter.com.au","filteredwatersolutions.com.au, filtap.com.au, cleanandclearwater.com.au, filtersystemsaustralia.com.au","cleanandclearwater.com.au, filtap.com.au, filteredwatersolutions.com.au, demandfiltration.com.au"
whole house water filtration systems,,36,,0.360057309688581,0.639942690311419,0.227941176470588,0.228571426394558,0.771428564081633,1.82,,1.82,0,,0,16.46,,16.46,3,18,,filtersystemsaustralia.com.au,False,False,wateranalytics.com.au,puretec.com.au,"wateranalytics.com.au, cleanandclearwater.com.au",,,
whole home water filtration system,,24,,0.620105728565936,0.379894271434064,0.264705882352941,0.266666663111111,0.733333323555556,,,,0,,0,2.3,,2.3,5,16,,filtersystemsaustralia.com.au,False,False,,"wateranalytics.com.au, cleanandclearwater.com.au, filtersystemsaustralia.com.au",wateranalytics.com.au,wateranalytics.com.au,filtersystemsaustralia.com.au,
water filter for home,,52,,0.519341574845472,0.480658425154528,0.475409836065574,0.468749985351563,0.531249983398438,,,,,,,,,,17,30,,youtube.com,False,False,google.com,aquastream.com.au,"filtersystemsaustralia.com.au, wateranalytics.com.au, comparewaterfilters.com.au, thinkwater.com.au, alkaviva.com.au","aquastream.com.au, homewaterfiltration.com.au, cleanandclearwater.com.au, philips.com.au, wateranalytics.com.au","wateranalytics.com.au, cleanandclearwater.com.au","thinkwater.com.au, wateranalytics.com.au, flowpure.com, filtersystemsaustralia.com.au"
pfas filters for home,,,,,,,,,,,,,,,,,,37,,,,False,False,"aquala.au, waterscoaustralia.com.au, inflowfilter.com, philips.com.au, google.com, tappwater.com.au, water-filter-sentry.com.au, filtersystemsaustralia.com.au, aquaserve.com.au, shieldwaterfilter.com.au, alkaway.com.au, wateranalytics.com.au","tappwater.com.au, cheerowaterfilter.com, betterwaterbetteryou.com.au, filtersystemsaustralia.com.au, wateranalytics.com.au, filtermate.com.au","safemains.com.au, filtersystemsaustralia.com.au, tappwater.com.au, waterscoaustralia.com.au, kynandfolk.com, filpure.com.au, alkaviva.com.au, wateranalytics.com.au, earthtank.com.au, google.com, philips.com.au, carefree.com.au, water-filter-sentry.com.au, minthomefiltration.com, betterwaterbetteryou.com.au, blissfulhome.com.au","filpure.com.au, wateranalytics.com.au, holyh2o.com.au, cleanandclearwater.com.au, kynandfolk.com, filtersystemsaustralia.com.au, reactiveplumbingandelectrical.com.au, tappwater.com.au, filteredwatersolutions.com.au, philips.com.au, safemains.com.au, bespokewater.com.au, drinkrippl.com, alkaviva.com.au","filtersystemsaustralia.com.au, wateranalytics.com.au, filteredwatersolutions.com.au, waterscoaustralia.com.au, filpure.com.au, tappwater.com.au, waterfilter.com.au, blissfulhome.com.au, kynandfolk.com, philips.com.au, hydrosmart.com.au, inflowfilter.com, water-filter-sentry.com.au","wateranalytics.com.au, filtersystemsaustralia.com.au, philips.com.au, filteredwatersolutions.com.au, tappwater.com.au, waterfilter.com.au, flowpure.com"
best reverse osmosis water filter australia,,22,,,,,,,1.98,,1.98,0,,0,8.12,,8.12,8,11,,waterdropfilter.com.au,False,False,,"waterscoaustralia.com.au, cleanandclearwater.com.au, waterdropfilter.com.au, philips.com.au","aquala.au, cleanandclearwater.com.au, waterdropfilter.com.au, philips.com.au, waterfilter.net.au, carawater.com.au",waterfilter.com.au,,
whole house filtration,,,,0.659349112426036,0.340650887573964,0.423076923076923,,,1.67,,1.67,0,,0,6.56,,6.56,15,7,,freshwatersystems.com.au,False,False,wateranalytics.com.au,aquastream.com.au,"filtersystemsaustralia.com.au, wateranalytics.com.au, cloudtap.com.au","filtersystemsaustralia.com.au, puremainswater.com.au, waterfilter.com.au, wateranalytics.com.au","filtermate.com.au, filtersystemsaustralia.com.au, wateranalytics.com.au, puretec.com.au","filpure.com.au, wateranalytics.com.au, filtersystemsaustralia.com.au, bespokewater.com.au, waterfilter.com.au, urbanfuture.com.au, homewaterfiltration.com.au, cleanandclearwater.com.au, micronwaterfilters.com.au"
water filter system house,,,,,,,,,,,,,,,,,,4,13,,aquasafe.com.au,False,False,,,,,,"completehomefiltration.com.au, cleanandclearwater.com.au, filtersystemsaustralia.com.au, wateranalytics.com.au"
4 stage water filter system,,23,,,,,,,,,,,,,,,,13,11,,filteredwatersolutions.com.au,False,False,"inflowfilter.com, google.com, shieldwaterfilter.com.au, waterscoaustralia.com.au","puretec.com.au, filtersystemsaustralia.com.au","filtersystemsaustralia.com.au, waterfilter.net.au, wateranalytics.com.au, lovable.app",filtersystemsaustralia.com.au,"filteredwatersolutions.com.au, filtersystemsaustralia.com.au, filpure.com.au",filtersystemsaustralia.com.au
house water purification system,,,,,,,,,,,,,,,,,,4,,,,False,False,"homewaterfiltration.com.au, cleanandclearwater.com.au, wateranalytics.com.au, puretec.com.au",wateranalytics.com.au,,,,
under sink chiller,,11,,,,,,,0.87,,0.87,0,,0,1.87,,1.87,9,1,,waterfiltersaustralia.com.au,False,False,"water-filter-sentry.com.au, waterfilterdistributors.com.au, shieldwaterfilter.com.au, coolerfridges.com",aquacoolerdirect.com.au,"water-filter-sentry.com.au, filpure.com.au, cleanandclearwater.com.au",billi.com.au,"aquacoolerdirect.com.au, water-filter-sentry.com.au",
water filtration systems near me,,40,,0.711426611796982,0.288573388203018,0.481481481481481,,,3.67,,3.67,0,,0,1.39,,1.39,20,19,,greatwaterfilters.com.au,False,False,,,"fallonsolutions.com.au, thinkwater.com.au, filtersystemsaustralia.com.au",,,
filtered water melbourne,,,,,,,,,2.85,,2.85,0,,0,0.0,,0.0,20,23,,tappwater.com.au,False,False,"google.com, waterscoaustralia.com.au","cleanandclearwater.com.au, pureflowfiltration.com.au","purewaterfiltration.com.au, desino.com.au, expertplumbing.com.au, fullhousefiltration.com.au, cleanandclearwater.com.au",purewaterfiltration.com.au,"filtap.com.au, cleanandclearwater.com.au","filtap.com.au, waterscoaustralia.com.au, pureflowfiltration.com.au, landing-pages.com.au, demandfiltration.com.au, cleanandclearwater.com.au, filteredwatersolutions.com.au"
whole home water filtration system cost,,18,,,,,,,,,,,,,,,,13,7,,facebook.com,False,False,,"wateranalytics.com.au, comparewaterfilters.com.au, filtersystemsaustralia.com.au, thinkwater.com.au, fullhousefiltration.com.au",,"wateranalytics.com.au, filtersystemsaustralia.com.au",,
drinking water filtration system for home,,,,,,,,,,,,,,,,,,3,32,,aquasafe.com.au,False,False,,,"cleanandclearwater.com.au, wateranalytics.com.au",,,
under sink water filter system,,17,,0.551459357277883,0.448540642722117,0.269565217391304,0.380952376417234,0.619047611678005,1.9,,1.9,0,,0,45.79,,45.79,4,2,,purewatersystems.com.au,False,False,,"cleanandclearwater.com.au, carawater.com.au, filpure.com.au",,,,welldonplumbing.com.au
filter tap,,,,,,,,,1.04,,1.04,0,,0,86.25,,86.25,12,16,,zipwater.com,False,False,"buildmat.com.au, completehomefiltration.com.au, filpure.com.au, waterfilter.net.au, tappwater.com.au, filtap.com.au, puretec.com.au, amazon.com.au, bunnings.com.au","filpure.com.au, waterfilter.net.au, zipwater.com, cleanandclearwater.com.au, buildmat.com.au, completehomefiltration.com.au, filteredwatersolutions.com.au",,,,
water filtration systems sydney,,,,,,,,,,,,,,,,,,26,38,,cassbrothers.com.au,False,False,"hydraflo.com.au, filtersforyou.com.au, cleanandclearwater.com.au, smarth2o.com.au, aquaserve.com.au, google.com","hydraflo.com.au, lovable.app, minthomefiltration.com, cleanandclearwater.com.au","filpure.com.au, purewaterfiltration.com.au, collisbrosplumbing.com.au, hydraflo.com.au, lovable.app, wateranalytics.com.au, filtap.com.au, cleanandclearwater.com.au, filtersystemsaustralia.com.au, minthomefiltration.com, purpleduck.com.au","filpure.com.au, collisbrosplumbing.com.au, samedayhomeservices.com.au, wateranalytics.com.au, purewaterfiltration.com.au, bespokewater.com.au, purpleduck.com.au","emergencyhomeservices.com.au, collisbrosplumbing.com.au, filpure.com.au, yakkazplumbing.com.au","filtersystemsaustralia.com.au, collisbrosplumbing.com.au"
whole home filter system,,,,,,,,,,,,,,,,,,1,3,,freshwatersystems.com.au,False,False,cleanandclearwater.com.au,,,,,
home water filtration,,43,,0.529180843195266,0.470819156804734,0.432692307692308,,,,,,,,,,,,18,20,,filtersystemsaustralia.com.au,False,False,"waterfilter.com.au, wateranalytics.com.au","waterfilter.com.au, wateranalytics.com.au, filpure.com.au, purewaterfiltration.com.au, homewaterfiltration.com.au","homewaterfiltration.com.au, wateranalytics.com.au, cameronsplumbing.com.au, filtersystemsaustralia.com.au","smartenergy.co, homewaterfiltration.com.au, aquastream.com.au, wateranalytics.com.au, filtersystemsaustralia.com.au, puremainswater.com.au","smartenergy.co, reactiveplumbingandelectrical.com.au, homewaterfiltration.com.au","wateranalytics.com.au, filtersystemsaustralia.com.au, thinkwater.com.au"
reverse osmosis system australia,,,,,,,,,3.57,,3.57,0,,0,12.37,,12.37,31,12,,philips.com.au,False,False,"aquala.au, filtersystemsaustralia.com.au, puretec.com.au, filtersforyou.com.au, philips.com.au, google.com, filtermate.com.au, tappwater.com.au, waterscoaustralia.com.au, shieldwaterfilter.com.au, aquaserve.com.au, inflowfilter.com, kuvings.com.au, waterfilter.net.au, bespokewater.com.au, aewaterfilters.com, carawater.com.au","filtersystemsaustralia.com.au, waterdropfilter.com.au, kuvings.com.au, aquatru.com, shieldwaterfilter.com.au, wateranalytics.com.au","filtersystemsaustralia.com.au, philips.com.au, ovio.com, waterfilter.net.au, waterdropfilter.com.au, filteredwatersolutions.com.au, waterscoaustralia.com.au, membraneshop.com.au, inflowfilter.com, mayerwater.com, kuvings.com.au, lovable.app, minthomefiltration.com, purpleduck.com.au","filtersystemsaustralia.com.au, filpure.com.au, cleanandclearwater.com.au, watershop.com.au, waterdropfilter.com.au","filtersystemsaustralia.com.au, cleanandclearwater.com.au, waterdropfilter.com.au, bespokewater.com.au, filteredwatersolutions.com.au","filtersystemsaustralia.com.au, makwater.com.au, membraneshop.com.au"
home water filters wollongong,,,,,,,,,,,,,,,,,,26,,,,False,False,"shieldwaterfilter.com.au, wateranalytics.com.au, filtersforyou.com.au, google.com, freshfilteredwater.com.au, cleanandclearwater.com.au, alkalineworld.com.au, waterscoaustralia.com.au, cloudtap.com.au","cleanandclearwater.com.au, wateranalytics.com.au, minthomefiltration.com, comparewaterfilters.com.au, greatwaterfilters.com.au, waterscoaustralia.com.au, filtersystemsaustralia.com.au, filtap.com.au","cleanandclearwater.com.au, filtap.com.au, wateranalytics.com.au, purpleduck.com.au, purewaterfiltration.com.au, filtersystemsaustralia.com.au, safemains.com.au, filpure.com.au, comparewaterfilters.com.au, greatwaterfilters.com.au, daveywater.com, novoh2o.com.au","cleanandclearwater.com.au, filpure.com.au, filtap.com.au, wateranalytics.com.au, greatwaterfilters.com.au","cleanandclearwater.com.au, filtap.com.au, waterfilter.com.au, filtersystemsaustralia.com.au, wateranalytics.com.au, filteredwatersolutions.com.au","wateranalytics.com.au, filtap.com.au, thewaterfiltrationcompany.com.au, cleanandclearwater.com.au, waterfilter.com.au, filtersystemsaustralia.com.au"
water filter central coast,,,,,,,,,,,,,,,,,,20,35,,waterscore.com.au,False,False,"google.com, wateranalytics.com.au, waterscoaustralia.com.au","wateranalytics.com.au, filtersystemsaustralia.com.au","filpure.com.au, safemains.com.au, cleanandclearwater.com.au, filtap.com.au, filtersystemsaustralia.com.au, purewaterfiltration.com.au, greatwaterfilters.com.au, wateranalytics.com.au, minthomefiltration.com, comparewaterfilters.com.au, purpleduck.com.au, filteredwatersolutions.com.au","cleanandclearwater.com.au, filpure.com.au, filteredwatersolutions.com.au, filtersystemsaustralia.com.au",cleanandclearwater.com.au,"cleanandclearwater.com.au, filtersystemsaustralia.com.au, thewaterfiltrationcompany.com.au, filtap.com.au, filteredwatersolutions.com.au"
water filtration central coast,,,,,,,,,,,,,,,,,,26,,,,False,False,"shieldwaterfilter.com.au, aquaserve.com.au, wateranalytics.com.au, google.com, cleanandclearwater.com.au, purestwaterfiltration.com.au, purewaterfiltration.com.au, filpure.com.au, aarke.com, doulton.com","wateranalytics.com.au, comparewaterfilters.com.au, minthomefiltration.com, cleanandclearwater.com.au, purestwaterfiltration.com.au, filpure.com.au, safemains.com.au, alkaviva.com.au","safemains.com.au, wateranalytics.com.au, filpure.com.au, google.com, purestwaterfiltration.com.au, purpleduck.com.au, cleanandclearwater.com.au, comparewaterfilters.com.au, valueh2o.com.au, filtersystemsaustralia.com.au, purewaterfiltration.com.au","wateranalytics.com.au, cleanandclearwater.com.au, filtersystemsaustralia.com.au, filteredwatersolutions.com.au, bespokewater.com.au, purestwaterfiltration.com.au, filpure.com.au","cleanandclearwater.com.au, purestwaterfiltration.com.au, filteredwatersolutions.com.au, filpure.com.au, wateranalytics.com.au","filtersystemsaustralia.com.au, purestwaterfiltration.com.au, purezafilters.com, wateranalytics.com.au, cleanandclearwater.com.au"
home water filters,,,,0.444480968858131,0.555519031141869,0.419117647058824,0.329113919884634,0.670886067457138,1.81,,1.81,0,,0,104.83,,104.83,7,22,,facilitieswise.com.au,False,False,"filtersystemsaustralia.com.au, alkaviva.com.au, ecobud.com.au, wateranalytics.com.au","wateranalytics.com.au, waterscoaustralia.com.au",,"filtersystemsaustralia.com.au, cleanandclearwater.com.au, wateranalytics.com.au, waterscoaustralia.com.au",,
whole home water purifier,,,,,,,,,,,,,,,,,,6,7,,freshwatersystems.com.au,False,False,"aquastream.com.au, puremainswater.com.au, wateranalytics.com.au, waterscoaustralia.com.au",waterfilter.com.au,cleanandclearwater.com.au,,,
reverse osmosis water filter sydney,,6,,,,,,,,,,0,,0,12.67,,12.67,19,7,,filtersystemsaustralia.com.au,False,False,"aquaserve.com.au, google.com, cleanandclearwater.com.au, waterscoaustralia.com.au, filtap.com.au, philips.com.au, carawater.com.au","filtersystemsaustralia.com.au, waterdropfilter.com.au, cleanandclearwater.com.au, philips.com.au, filtap.com.au, wateranalytics.com.au, purestwaterfiltration.com.au","filpure.com.au, cleanandclearwater.com.au, purestwaterfiltration.com.au, minthomefiltration.com, comparewaterfilters.com.au","filtap.com.au, filtersystemsaustralia.com.au, cleanandclearwater.com.au, purewaterfiltration.com.au","purestwaterfiltration.com.au, cleanandclearwater.com.au","filtersystemsaustralia.com.au, filtap.com.au"
water filtration system wollongong,,,,,,,,,,,,,,,,,,27,,,,False,False,"google.com, thewateralchemists.com.au, filtersforyou.com.au, filpure.com.au, aquaserve.com.au, wateranalytics.com.au, cleanandclearwater.com.au, southernfiltration.com.au","wateranalytics.com.au, greatwaterfilters.com.au, cleanandclearwater.com.au, comparewaterfilters.com.au, minthomefiltration.com, filtap.com.au, mrsplashplumbing.com.au, google.com","eliteplumbinggroup.com, filtap.com.au, cleanandclearwater.com.au, wateranalytics.com.au, filpure.com.au, safemains.com.au, google.com, networkplumbing.com.au, purpleduck.com.au, minthomefiltration.com, comparewaterfilters.com.au, greatwaterfilters.com.au, hydrosmart.com.au","filtap.com.au, wateranalytics.com.au, cleanandclearwater.com.au, eliteplumbinggroup.com","cleanandclearwater.com.au, filtap.com.au, filteredwatersolutions.com.au, wateranalytics.com.au, waterfilter.com.au, filpure.com.au, bespokewater.com.au","completehomefiltration.com.au, cleanandclearwater.com.au, filtap.com.au, filteredwatersolutions.com.au, wateranalytics.com.au, waterfilter.com.au, filtersystemsaustralia.com.au, valueh2o.com.au, thewateralchemists.com.au, filtecwater.com"
external water filter,,50,,,,,,,0.8,,0.8,0,,0,2.8,,2.8,3,19,,buildmat.com.au,False,False,,"filtersystemsaustralia.com.au, cleanandclearwater.com.au, filteredwatersolutions.com.au",,,,
water filter solutions,,12,,,,,,,2.36,,2.36,0,,0,51.28,,51.28,21,15,,filteredwatersolutions.com.au,False,False,"google.com, inflowfilter.com, aquaserve.com.au, filtersystemsaustralia.com.au, cleanandclearwater.com.au, filteredwatersolutions.com.au, waterscoaustralia.com.au","filteredwatersolutions.com.au, filtersystemsaustralia.com.au, wateranalytics.com.au, waterscoaustralia.com.au","filteredwatersolutions.com.au, filpure.com.au, filtersystemsaustralia.com.au, minthomefiltration.com, lovable.app, cleanandclearwater.com.au","smartenergy.co, filteredwatersolutions.com.au, filtersystemsaustralia.com.au, desino.com.au","filteredwatersolutions.com.au, filtersystemsaustralia.com.au, membraneshop.com.au, smartenergy.co, purezafilters.com","filtersystemsaustralia.com.au, filteredwatersolutions.com.au, prwater.com.au, oxfordandnelson.com.au"
best home filtration system,,19,,,,,,,,,,,,,,,,16,4,,puretec.com.au,False,False,,,,,,"wateranalytics.com.au, waterfilter.com.au, urbanfuture.com.au, purewaterfiltration.com.au, cloudtap.com.au, completehomefiltration.com.au"
best water filtration system for home,,,,,,,,,2.72,,2.72,0,,0,0.0,,0.0,10,14,,flipkart.com,False,False,"earthswater.com.au, philips.com.au","wateranalytics.com.au, cloudtap.com.au, puretec.com.au, purewaterfiltration.com.au","cleanandclearwater.com.au, wateranalytics.com.au, filtersystemsaustralia.com.au, aquala.au",,,
water filter plumber,,19,,,,,,,,,,,,,,,,7,2,,botanicalplumbing.com.au,False,False,,,,,ndaplumbingperth.com.au,
water filtration melbourne,,,,,,,,,4.03,,4.03,0,,0,0.0,,0.0,38,31,,freshwatersystems.com.au,False,False,"google.com, pureflowfiltration.com.au, realwater.au, cleanandclearwater.com.au, plumbersnorthmelbourne.com.au, wateranalytics.com.au, waterscoaustralia.com.au, zazenalkalinewater.com.au, alkalineworld.com.au","cleanandclearwater.com.au, wateranalytics.com.au, pureflowfiltration.com.au, purewaterfiltration.com.au, demandfiltration.com.au, demandfiltration.com, greatwaterfilters.com.au, filtap.com.au","wateranalytics.com.au, filteredwatersolutions.com.au, ahhac.com.au, cleanandclearwater.com.au, greatwaterfilters.com.au, inflowfilter.com, carefree.com.au, expertplumbing.com.au, filtap.com.au, valueh2o.com.au, purewaterfiltration.com.au, collisbrosplumbing.com.au, pureflowfiltration.com.au, vankor.com.au, minthomefiltration.com, tryselene.com.au, comparewaterfilters.com.au","cleanandclearwater.com.au, purewaterfiltration.com.au, filtap.com.au, expertplumbing.com.au, filtersystemsaustralia.com.au, pureflowfiltration.com.au, demandfiltration.com.au, atplumbingmelbourne.com.au","cleanandclearwater.com.au, filpure.com.au, filtap.com.au, wateranalytics.com.au, pureflowfiltration.com.au, waterfilter.com.au, asctanks.com.au, filteredwatersolutions.com.au, filtecwater.com, comparewaterfilters.com.au","cleanandclearwater.com.au, filtap.com.au, thewaterfiltrationcompany.com.au, filtersystemsaustralia.com.au, smarth2o.com.au, purezafilters.com, pureflowfiltration.com.au, springwellwater.com, filteredwatersolutions.com.au, wateranalytics.com.au, filtecwater.com, watershop.com.au"
3 stage water filtration system,,18,,,,,,,,,,,,,,,,13,7,,cassbrothers.com.au,False,False,"aquaserve.com.au, shieldwaterfilter.com.au, google.com, aewaterfilters.com, waterdropfilter.eu, waterscoaustralia.com.au, alkalineworld.com.au","shieldwaterfilter.com.au, puretec.com.au","filtersystemsaustralia.com.au, wateranalytics.com.au, lovable.app","pure2o.com.au, filtersystemsaustralia.com.au",filtersystemsaustralia.com.au,"cleanandclearwater.com.au, filtersystemsaustralia.com.au"
water filter system for the house,,,,,,,,,,,,,,,,,,2,10,,aquasafe.com.au,False,False,,"completehomefiltration.com.au, cleanandclearwater.com.au",completehomefiltration.com.au,,,
under sink water filter,,16,,,,,,,,,,,,,,,,17,1,,purewatersystems.com.au,False,False,"puretec.com.au, philips.com.au, inflowfilter.com, google.com",puretec.com.au,"water2.com, filtersystemsaustralia.com.au, mywaterfilter.com.au, waterdropfilter.com.au, puretec.com.au, hiltonplumbing.com.au, micronwaterfilters.com.au, waterfilter.net.au","filtersystemsaustralia.com.au, cloudtap.com.au, waterfilter.com.au, puretec.com.au, bunnings.com.au, daveywater.com, water2.com, filteredwatersolutions.com.au, cleanandclearwater.com.au",filtersystemsaustralia.com.au,"filtersystemsaustralia.com.au, puretec.com.au, waterfilter.net.au"
water filter system melbourne,,33,,,,,,,,,,,,,,,,27,25,,aquasafe.com.au,False,False,"pureflowfiltration.com.au, google.com, wateranalytics.com.au, carawater.com.au, cleanandclearwater.com.au, waterscoaustralia.com.au, waterfilterguy.com.au, shieldwaterfilter.com.au, ecovera.au, realwater.au, plumbingbros.com.au, alkalineworld.com.au","cleanandclearwater.com.au, pureflowfiltration.com.au, comparewaterfilters.com.au, wateranalytics.com.au, filtap.com.au, greatwaterfilters.com.au","cleanandclearwater.com.au, pureflowfiltration.com.au, google.com, expertplumbing.com.au, purewaterfiltration.com.au, filtap.com.au, wateranalytics.com.au, minthomefiltration.com","waterfilter.com.au, purewaterfiltration.com.au, cleanandclearwater.com.au, expertplumbing.com.au, filtap.com.au, pureflowfiltration.com.au, wateranalytics.com.au, demandfiltration.com.au","waterfilter.com.au, filtap.com.au, cleanandclearwater.com.au, greatwaterfilters.com.au","cleanandclearwater.com.au, pureflowfiltration.com.au, filtap.com.au, filteredwatersolutions.com.au"
pfas water filters,,,,,,,,,,,,,,,,,,22,4,,homewater.com,False,False,"shieldwaterfilter.com.au, aquala.au, google.com, philips.com.au, tappwater.com.au, inflowfilter.com, water-filter-sentry.com.au, waterscoaustralia.com.au, filtersystemsaustralia.com.au, doulton.com","filtersystemsaustralia.com.au, aquacoolerdirect.com.au, tappwater.com.au, philips.com.au, waterscoaustralia.com.au, shieldwaterfilter.com.au","waterscoaustralia.com.au, kynandfolk.com, filtersystemsaustralia.com.au, waterdropfilter.com.au, cleanandclearwater.com.au, rorra.com, bespokewater.com.au, safemains.com.au, minthomefiltration.com, tappwater.com.au, philips.com.au, lovable.app","filtersystemsaustralia.com.au, kynandfolk.com, tappwater.com.au","waterscoaustralia.com.au, waterfilter.com.au, filtersystemsaustralia.com.au, blissfulhome.com.au, kynandfolk.com","filtersystemsaustralia.com.au, tappwater.com.au"
hard water filter system,,27,,,,,,,,,,,,,,,,21,13,,filtersystemsaustralia.com.au,False,False,"wateranalytics.com.au, google.com, filtersforyou.com.au, inflowfilter.com, shieldwaterfilter.com.au, cleanandclearwater.com.au, filtersystemsaustralia.com.au","safemains.com.au, filtersystemsaustralia.com.au, activflo.com.au, pacificwater.com.au, shieldwaterfilter.com.au, wateranalytics.com.au, waterscoaustralia.com.au","safemains.com.au, filpure.com.au, bespokewater.com.au, cleanandclearwater.com.au, filtersystemsaustralia.com.au, wateranalytics.com.au, lovable.app, minthomefiltration.com","filtap.com.au, cleanandclearwater.com.au, filtersystemsaustralia.com.au","cleanandclearwater.com.au, filtap.com.au, waterfilter.com.au, filtersystemsaustralia.com.au, wateranalytics.com.au","filtersystemsaustralia.com.au, bespokewater.com.au, filtap.com.au, cleanandclearwater.com.au, wateranalytics.com.au"
melbourne water filter,,,,,,,,,3.75,,3.75,0,,0,1.93,,1.93,46,30,,raceglaze.com.au,False,False,"waterscoaustralia.com.au, inflowfilter.com, google.com, expertplumbing.com.au, purewaterfiltration.com.au, pureflowfiltration.com.au, cleanandclearwater.com.au, alkalineworld.com.au, zazenalkalinewater.com.au, shieldwaterfilter.com.au, water2.com, filteredwatersolutions.com.au","cleanandclearwater.com.au, waterscoaustralia.com.au, wellverti.com.au, zazenalkalinewater.com.au, filtermate.com.au, wateranalytics.com.au, alkaway.com.au, demandfiltration.com, goblutech.com, clearlyfiltered.com","expertplumbing.com.au, purewaterfiltration.com.au, filteredwatersolutions.com.au, cleanandclearwater.com.au, filtap.com.au, carefree.com.au, alkaway.com.au, fullhousefiltration.com.au, tryselene.com.au, filtersystemsaustralia.com.au, minthomefiltration.com","purewaterfiltration.com.au, cleanandclearwater.com.au, filteredwatersolutions.com.au, waterfilter.com.au, filtap.com.au, demandfiltration.com.au, rilian.com.au, desino.com.au, tappwater.com.au, waterscoaustralia.com.au, alkaway.com.au","cleanandclearwater.com.au, filtap.com.au, filteredwatersolutions.com.au, waterfilter.com.au, aquala.au, conwaysplumbingservices.com, greatwaterfilters.com.au, billi.com.au, alkaway.com.au, filtersystemsaustralia.com.au, blissfulhome.com.au, inflowfilter.com, kynandfolk.com, carawater.com.au, barewater.com.au, alkalineworld.com.au","hyperwellbeing.com.au, alkaway.com.au, cleanandclearwater.com.au, filtersystemsaustralia.com.au, purewater4life.com.au, ecobud.com.au, filteredwatersolutions.com.au, demandfiltration.com.au"
whole house water filter installation,,16,,0.673174603174603,0.326825396825397,0.666666666666667,,,1.69,,1.69,0,,0,0.0,,0.0,16,3,,filtersystemsaustralia.com.au,False,False,,,,"completehomefiltration.com.au, acplumbing.com.au, staticplumbing.com.au","completehomefiltration.com.au, wateranalytics.com.au, cleanandclearwater.com.au, filteredwatersolutions.com.au, aqualeau.com.au, gaperry.com.au, purewaterfiltration.com.au, neighbourhoodwaterfiltration.com.au","abaplumbing.com.au, levelau.com.au, wateranalytics.com.au, filtersystemsaustralia.com.au, greatwaterfilters.com.au, filteredwatersolutions.com.au, micronwaterfilters.com.au, westozwaterfilters.com.au"
home water filters sydney,,,,,,,,,,,,,,,,,,16,,,,False,False,"hydraflo.com.au, cleanandclearwater.com.au, inflowfilter.com, waterscoaustralia.com.au, aquaserve.com.au, google.com, wateranalytics.com.au","hydraflo.com.au, cleanandclearwater.com.au, minthomefiltration.com, purestwaterfiltration.com.au","filpure.com.au, purestwaterfiltration.com.au, cleanandclearwater.com.au, filtap.com.au, hydraflo.com.au, purewaterfiltration.com.au, wateranalytics.com.au, collisbrosplumbing.com.au","wateranalytics.com.au, filtap.com.au, purestwaterfiltration.com.au","waterfilter.com.au, yakkazplumbing.com.au, wateranalytics.com.au, filtap.com.au, purestwaterfiltration.com.au","wateranalytics.com.au, purestwaterfiltration.com.au"
water filter systems for home,,,,,,,,,2.46,,2.46,0,,0,11.27,,11.27,6,15,,healthyhabitats.com.au,False,False,"cleanandclearwater.com.au, filtersystemsaustralia.com.au, wateranalytics.com.au, micronwaterfilters.com.au, cloudtap.com.au",,,,completehomefiltration.com.au,
home water filters central coast,,,,,,,,,,,,,,,,,,26,,,,False,False,"google.com, wateranalytics.com.au, waterscoaustralia.com.au, jrgasandwater.com.au, aewaterfilters.com","wateranalytics.com.au, filtersystemsaustralia.com.au, greatwaterfilters.com.au, purewatersystems.com.au, cleanandclearwater.com.au, waterscoaustralia.com.au, mrsplashplumbing.com.au, google.com","filtap.com.au, cleanandclearwater.com.au, wateranalytics.com.au, filpure.com.au, filtersystemsaustralia.com.au, purestwaterfiltration.com.au, networkplumbing.com.au, novoh2o.com.au, waterscoaustralia.com.au, collisbrosplumbing.com.au, greatwaterfilters.com.au, minthomefiltration.com, filteredwatersolutions.com.au","wateranalytics.com.au, purestwaterfiltration.com.au, cleanandclearwater.com.au, filpure.com.au, google.com, filtap.com.au, filteredwatersolutions.com.au","filtap.com.au, wateranalytics.com.au, filtersystemsaustralia.com.au, cleanandclearwater.com.au, purestwaterfiltration.com.au, filteredwatersolutions.com.au, waterfilter.com.au, filpure.com.au","cleanandclearwater.com.au, purestwaterfiltration.com.au, filtap.com.au, filteredwatersolutions.com.au, drinkrippl.com, pureflowfiltration.com.au, wateranalytics.com.au, filtersystemsaustralia.com.au, waterfilter.com.au"
