Keyword,Search Volume,Ranking Difficulty,Total Monthly Clicks,Mobile Search Percent,Desktop Search Percent,Searches Not Clicked Percent,Paid Clicks Percent,Organic Clicks Percent,Broad Cost Per Click,Phrase Cost Per Click,Exact Cost Per Click,Broad Monthly Clicks,Phrase Monthly Clicks,Exact Monthly Clicks,Broad Monthly Cost,Phrase Monthly Cost,Exact Monthly Cost,Ads,Number of Ranking Homepages,SERP Features CSV,SERP First Result,Is Question?,Is Not Safe For Work?,Current SERP (1),Previous SERP (2),Past SERP (3),Past SERP (4),Past SERP (5),Past SERP (6)
water filter,5400,55,2400,0.52966017021717,0.47033982978283,0.554294478527607,0.337921541521706,0.662078458134178,1.34,,1.34,14,,14,4022.14,,4022.14,44,28,,waterfilter.au,False,False,"filtersystemsaustralia.com.au, wateranalytics.com.au, google.com, inflowfilter.com, waterscoaustralia.com.au, purewatersystems.com.au, ecobud.com.au, zipwater.com, waterdropfilter.com.au, philips.com.au, carawater.com.au, culligan.com.au, kynandfolk.com, filteredwatersolutions.com.au, filpure.com.au, cleanandclearwater.com.au, aquaserve.com.au, waterfilter.net.au, tappwater.com.au, networkplumbing.com.au, lordsplumbing.com.au","filpure.com.au, filteredwatersolutions.com.au, cleanandclearwater.com.au, culligan.com.au, filtersystemsaustralia.com.au, wateranalytics.com.au, philips.com.au, kynandfolk.com, waterscoaustralia.com.au, waterdropfilter.com.au, wellverti.com.au, alkaviva.com.au, novoh2o.com.au, roseplumbing.com.au, lordsplumbing.com.au, greatwaterfilters.com.au, zazenalkalinewater.com.au, google.com","leafhomewatersolutions.com, springwellwater.com, hydroviv.com, waterfilter.net.au, filtersystemsaustralia.com.au, titanwatersolutions.com, waterscoaustralia.com.au, kynandfolk.com, novoh2o.com.au, lordsplumbing.com.au, wellverti.com.au, cleanandclearwater.com.au, purezafilters.com, 43water.com, kindwater.com, tampaculligan.com, goodlifec.netlify.app","completehomefiltration.com.au, culligan.com.au, filtersystemsaustralia.com.au, purezafilters.com, springwellwater.com, kindwater.com, aquacoolerdirect.com.au, leafhomewatersolutions.com, wateranalytics.com.au, novoh2o.com.au, alkaviva.com.au","leafhomewatersolutions.com, waterfilter.com.au, flowpure.com, carawater.com.au, novoh2o.com.au, wateranalytics.com.au, waterfilter.net.au, filpure.com.au, waterscoaustralia.com.au, kindwater.com, filtersystemsaustralia.com.au, ecobud.com.au, springwellwater.com, drinkflowater.com","cleannectarine.com.au, filtersystemsaustralia.com.au, home-water-filtration.com, leafhomewatersolutions.com, kindwater.com"
filter,3600,41,2000,0.837671329710126,0.162328670289874,0.442472198460222,0.167050249296692,0.832949750511517,1.13,,1.13,0,,0,4.3,,4.3,2,22,,wfa.com.au,False,False,google.com,filtersystemsaustralia.com.au,filtersystemsaustralia.com.au,,,
filtration,2900,26,500,0.299955999779798,0.700044000220202,0.826187717265354,0.0133333332888889,0.986666663377778,1.41,,1.41,0,,0,4.54,,4.54,2,10,,britannica.com,False,False,,filtersystemsaustralia.com.au,,,greatwaterfilters.com.au,
irrigation,2700,51,570,0.361167570501273,0.638832429498727,0.792947202521671,0.0399619409705405,0.960038058077984,1.28,,1.28,0,,0,76.29,,76.29,36,23,,irrigationaustralia.com.au,False,False,"thelandscapestore.com.au, camberwellirrigation.com.au, google.com","camberwellirrigation.com.au, irrigationstore.com.au, thelandscapestore.com.au, irrigationexpress.com.au, sunshoweronline.com.au, duralirrigation.com.au, theirrigationhub.com.au, google.com","duralirrigation.com.au, sunshoweronline.com.au, irrigationstore.com.au, google.com, camberwellirrigation.com.au, lhg.net.au, thelandscapestore.com.au, incyt.com.au, beyondreticulation.com.au, sprinklerfixers.com.au, reticulationpro.com.au, wareticguys.com.au, wppumps.com.au, myenergysolar.com.au, irrigationexpress.com.au, metergroup.com, elitedecksnpergolas.com.au, filtersystemsaustralia.com.au, amazon.com.au, theirrigationhub.com.au, cardenascorp.au","irrigationstore.com.au, duralirrigation.com.au, sunshoweronline.com.au, thelandscapestore.com.au, irrigationexpress.com.au, allwestbr.com.au, thinkwater.com.au","thinkwater.com.au, k-rain.com.au, kingswarehouse.com.au, sunshoweronline.com.au, thelandscapestore.com.au, hyrtdrip.com, wetearth.com.au, irrigationstore.com.au, duralirrigation.com.au","beyondreticulation.com.au, wareticguys.com.au, allwestbr.com.au, shenton.com.au, landscapebydesign.com.au, tgcpropertyservices.com, duralirrigation.com.au, irrigationstore.com.au, thelandscapestore.com.au, sunshoweronline.com.au"
reverse osmosis,2500,15,1000,0.549670016960499,0.450329983039501,0.596288866599799,0.194616977145086,0.805383022440835,1.6,,1.6,2,,2,515.36,,515.36,17,5,,wikipedia.org,False,False,"centurionaprs.com, philips.com.au, filtersystemsaustralia.com.au, carawater.com.au, google.com","waterfilter.net.au, centurionaprs.com, philips.com.au, filtersystemsaustralia.com.au","filtersystemsaustralia.com.au, waterdropfilter.com.au, waterfilter.net.au","filtersystemsaustralia.com.au, waterdropfilter.com.au, sunshinecoastwaterfilters.com.au, centurionaprs.com, waterfilter.net.au, carawater.com.au","centurionaprs.com, filtersystemsaustralia.com.au, filpure.com.au, filtap.com.au, filteredwatersolutions.com.au, waterfilter.net.au, waterdropfilter.com.au, philips.com.au","filtersystemsaustralia.com.au, laftech.com.au, filpure.com.au, saferwater.com, philips.com.au, waterdropfilter.com.au"
water dispenser,2200,23,1200,0.610174470695415,0.389825529304585,0.483677747828691,0.469257540467153,0.530742459242824,1.14,,1.14,2,,2,803.09,,803.09,33,8,,neverfail.com.au,False,False,"google.com, officeworks.com.au, aussienatural.net.au, novoh2o.com.au, pacificsprings.com.au, valueh2o.com.au, rainagain.com.au, neverfail.com.au, tranquilwater.com.au, filtersystemsaustralia.com.au, templeandwebster.com.au, smarth2o.com.au","aussienatural.net.au, officeworks.com.au, novoh2o.com.au, valueh2o.com.au, aquacoolerdirect.com.au, tranquilwater.com.au, neverfail.com.au, smarth2o.com.au, rainagain.com.au, watercoolersuperstore.com.au","aussienatural.net.au, templeandwebster.com.au, aquacoolerdirect.com.au, aquago.com.au, watercoolersuperstore.com.au, officeworks.com.au, amazon.com.au, blackwoods.com.au, waterfilterman.com.au, culligan.com, neverfail.com.au, uline.com, water.com, briowater.com, drinkflowater.com, bevi.co, valueh2o.com.au, novoh2o.com.au","aussienatural.net.au, officeworks.com.au, aquacoolerdirect.com.au, inflowfilter.com, watercoolersuperstore.com.au, neverfail.com.au, templeandwebster.com.au, bevi.co, readyrefresh.com, tampaculligan.com","culligan.com.au, culligan.com, aussienatural.net.au, officeworks.com.au, neverfail.com.au, bigwet.com.au, watercoolersuperstore.com.au, aquacoolerdirect.com.au, waddisprings.com.au, plumbing-deals.com, drinkflowater.com","purezza.com, aussienatural.net.au, officeworks.com.au, neverfail.com.au, aquacoolerdirect.com.au, culligan.com.au, culligan.com, watercoolersuperstore.com.au, waddisprings.com.au"
water purifier,1800,52,780,0.597506951775566,0.402493048224433,0.566824644549763,0.380743982077961,0.619256016827948,1.48,,1.48,4,,4,999.5,,999.5,40,22,,joycemayne.com.au,False,False,"philips.com.au, waterdropfilter.com.au, smarth2o.com.au, thewaterfiltrationcompany.com.au, waterscoaustralia.com.au, inflowfilter.com, purewaterfiltration.com.au, kynandfolk.com, filtersystemsaustralia.com.au, google.com, purewatersystems.com.au, aquaserve.com.au, completehomefiltration.com.au, aquaguarduae.com, filpure.com.au, amazon.com.au","novoh2o.com.au, waterdropfilter.com.au, purewatersystems.com.au, waterscoaustralia.com.au, smarth2o.com.au, alkaviva.com.au, filtersystemsaustralia.com.au, cleanandclearwater.com.au, filteredwatersolutions.com.au, purewaterfiltration.com.au, wateranalytics.com.au, mrsplashplumbing.com.au, filpure.com.au, kynandfolk.com, google.com, completehomefiltration.com.au","hytekwaterconditioningfl.com, rorra.com, waterscoaustralia.com.au, 43water.com, titanwatersolutions.com, atlanticfilterpolk.com, theh2oheroes.com, leafhomewatersolutions.com, novoh2o.com.au, cleanandclearwater.com.au","hytekwaterconditioningfl.com, purevivausa.com, culligan.com, leafhomewatersolutions.com, acquivaro.com, purewaterfiltration.com.au, clearhavenwaterfiltration.com.au, filtersystemsaustralia.com.au","leafhomewatersolutions.com, home-water-filtration.com, hytekwaterconditioningfl.com, drinkflowater.com, tampaculligan.com, wisewell.com","home-water-filtration.com, kindwater.com"
reverse osmosis water filter,1100,19,750,0.527654832763013,0.472345167236987,0.466620305980528,0.322033897885223,0.677966100810996,1.78,,1.78,3,,3,814.3,,814.3,15,8,,filtersystemsaustralia.com.au,False,False,"google.com, philips.com.au, puretec.com.au, tappwater.com.au","philips.com.au, puretec.com.au","filtersystemsaustralia.com.au, waterscoaustralia.com.au","aquala.au, waterfilter.net.au, cleanandclearwater.com.au, filtersystemsaustralia.com.au, waterdropfilter.com.au, filteredwatersolutions.com.au, philips.com.au","waterfilter.net.au, philips.com.au, cleanandclearwater.com.au",filtersystemsaustralia.com.au
irrigation system,870,42,280,0.50365431486189,0.49634568513811,0.680940892641737,0.217391303936878,0.782608694172762,0.76,,0.76,3,,3,523.93,,523.93,15,16,,hillsirrigation.com.au,False,False,"google.com, sunshoweronline.com.au, camberwellirrigation.com.au, norsescapes.com.au, hoselink.com.au","camberwellirrigation.com.au, google.com, sunshoweronline.com.au, angusflexiblepipelines.com.au, waterpro.com.au, irrigationexpress.com.au, thelandscapestore.com.au, temu.com","camberwellirrigation.com.au, sunshoweronline.com.au, netagarden.com.au, waterpro.com.au, myenergysolar.com.au, gardenscaping.com.au, gehringoutdoorconstruction.com.au, filtersystemsaustralia.com.au",sunshoweronline.com.au,"sunshoweronline.com.au, thelandscapestore.com.au",
stefani water filter,780,5,630,,,,,,0.94,,0.94,1,,1,91.91,,91.91,3,2,,stefani.com.au,False,False,,"filtersystemsaustralia.com.au, waterscoaustralia.com.au",,bunnings.com.au,,
water filters,780,,420,0.401564970544245,0.598435029455755,0.462509865824783,0.274596181883556,0.725403817382229,1.5,,1.5,3,,3,769.6,,769.6,26,38,,cassbrothers.com.au,False,False,"filtersystemsaustralia.com.au, google.com","waterscoaustralia.com.au, shieldwaterfilter.com.au","filtersystemsaustralia.com.au, waterscoaustralia.com.au","trendhs.com.au, filtersystemsaustralia.com.au, waterscoaustralia.com.au, aquacoolerdirect.com.au, culligan.com.au, waterfilterdistributors.com.au, greatwaterfilters.com.au, sunshinecoastwaterfilters.com.au, waterfilter.net.au","filtersystemsaustralia.com.au, waterfilter.net.au, filpure.com.au, waterfilter.com.au, novoh2o.com.au, cleanandclearwater.com.au, wfa.com.au, ecovenza.com, waterscoaustralia.com.au, ecobud.com.au, inflowfilter.com, aquacoolerdirect.com.au","greatwaterfilters.com.au, filtersystemsaustralia.com.au"
ro water,750,,230,0.516163642947221,0.483836357052779,0.691401648998822,0.160305342899598,0.839694653283608,1.61,,1.61,0,,0,12.88,,12.88,1,8,,philips.com.au,False,False,filtersystemsaustralia.com.au,filtersystemsaustralia.com.au,,,,
o rings,750,16,400,0.389813222252083,0.610186777747917,0.452868852459016,0.393258426229853,0.606741571897488,0.94,,0.94,0,,0,69.46,,69.46,25,1,,fst.com,False,False,"rubberringseals.com, o-ringsseals.com, o-ring-stocks.eu, wurth.com.au, rs-online.com, refast.com.au, temu.com, ausrubberservice.com.au, amazon.com.au, google.com, hsa.com.au, cat.com, renseal-srp.com.au, filtersystemsaustralia.com.au","wurth.com.au, ausrubberservice.com.au, o-ring-stocks.eu, rs-online.com, accu.co.uk, blackwoods.com.au, amazon.com.au, temu.com, google.com, refast.com.au, ebay.com.au, oringmaker.com, o-ringsseals.com","marcorubber.com, aceseal.com, cat.com, waters.com, accu-components.com, thomasnet.com, amazon.com, rubberringseals.com, o-ring-stocks.eu, wurth.com.au, ausrubberservice.com.au","mscdirect.com, aceseal.com, marcorubber.com, cat.com, amazon.com.au","wurth.com.au, o-ring-stocks.eu",
water filter bunnings,690,3,690,,,,,,0.4,,0.4,0,,0,2.67,,2.67,2,1,,bunnings.com.au,False,False,,bunnings.com.au,bunnings.com.au,filtersystemsaustralia.com.au,,
water treatment,690,21,240,,,,,,3.68,,3.68,0,,0,47.77,,47.77,31,15,,seqwater.com.au,False,False,"aquakleartech.com.au, google.com, hydrochem.com.au","centurionaprs.com, hydrochem.com.au, aquakleartech.com.au, oleology.com.au, aquaclearindustries.com.au","lutra.com.au, aquakleartech.com.au, prwater.com.au, hydrochem.com.au, oleology.com.au, centurionaprs.com, yekevalve.com, resourcewestusa.com, pluspumps.au, jufuwater.com, carefree.com.au, southlandfiltration.com.au, kallipr.com, uvguard.com","hydrochem.com.au, terrasol.com.au, organicsoceania.com.au, yekevalve.com, aquaenergygroup.com.au, prwater.com.au, aquakleartech.com.au, obplumbprosolutions.com, centurionaprs.com, bluemont.com.au, filtersystemsaustralia.com.au, watertestsystems.com.au, southlandfiltration.com.au","aquaclearindustries.com.au, hydrochem.com.au, pearlfiltration.com.au, zayedsustainabilityprize.com, slaterpumpsmelbourne.com.au, hydrosmart.com.au, oleology.com.au, aquakleartech.com.au, prwater.com.au, wateranalytics.com.au, lpage.com.au, centurionaprs.com","hydrochem.com.au, pearlfiltration.com.au"
carbon filter,630,14,270,0.51226114094934,0.48773885905066,0.574698795180723,0.334277619449638,0.6657223777175,0.66,,0.66,0,,0,69.06,,69.06,1,3,,aquasafe.com.au,False,False,,filtersystemsaustralia.com.au,filtersystemsaustralia.com.au,,,
water filters australia,600,74,300,,,,,,2.09,,2.09,4,,4,1005.8,,1005.8,15,37,,wfa.com.au,False,False,"waterscoaustralia.com.au, inflowfilter.com, ozbath.com.au, google.com, filtersystemsaustralia.com.au, water-filter-sentry.com.au","filtersystemsaustralia.com.au, psifilters.com.au, waterscoaustralia.com.au",filtersystemsaustralia.com.au,filtersystemsaustralia.com.au,"filtersystemsaustralia.com.au, waterscoaustralia.com.au, alkaviva.com.au",
fish tank filter,600,15,270,0.737512762158188,0.262487237841812,0.540828402366864,0.49999999871134,0.49999999871134,0.44,,0.44,3,,3,312.15,,312.15,4,1,,petstock.com.au,False,False,"amazon.com.au, ebay.com.au, temu.com","amazon.com.au, temu.com, ebay.com.au, filtersystemsaustralia.com.au",amazon.com.au,,,
water filtration,570,55,220,0.407841031658217,0.592158968341783,0.6110183639399,0.244635192083111,0.755364803625044,1.7,,1.7,5,,5,1412.14,,1412.14,15,29,,completehomefiltration.com.au,False,False,wateranalytics.com.au,purezafilters.com,"cleanandclearwater.com.au, wateranalytics.com.au, filtersystemsaustralia.com.au, filpure.com.au, reactiveplumbingandelectrical.com.au, hydraflo.com.au, waterfilter.net.au","filtersystemsaustralia.com.au, wateranalytics.com.au, springwellwater.com","completehomefiltration.com.au, filtersystemsaustralia.com.au","waterfilter.com.au, demandfiltration.com.au, filtecwater.com, wateranalytics.com.au, completehomefiltration.com.au, filtersystemsaustralia.com.au"
puretec,540,22,360,0.42625,0.57375,0.333333333333333,0.0,0.999999958333335,0.2,,0.2,0,,0,25.25,,25.25,7,3,,puretec.com.au,False,False,installedtoday.com.au,"asctanks.com.au, filtersystemsaustralia.com.au","asctanks.com.au, thewaterdepot.com.au, filtersystemsaustralia.com.au","asctanks.com.au, thewaterdepot.com.au",revolutionaryfiltration.com.au,"myhomeware.com.au, waterfilter.com.au"
water softener,540,14,280,0.675627768825502,0.324372231174498,0.46182820395039,0.322465005066155,0.677534994763138,1.45,,1.45,0,,0,143.28,,143.28,9,2,,landwater.com.au,False,False,,"filtersystemsaustralia.com.au, landwater.com.au, activflo.com.au, pacificwater.com.au","waterfilter.com.au, hiltonplumbing.com.au, cloudtap.com.au, hydrotechgroup.com.au",filtersystemsaustralia.com.au,hydrosmart.com.au,
stefani,460,6,110,0.652088183421517,0.347911816578483,0.755555555555556,0.0129870128183505,0.987012974194637,,,,0,,0,0.0,,0.0,1,2,,stefani.com.au,False,False,,filtersystemsaustralia.com.au,,,,
uv filter,420,15,155,0.417325100910227,0.582674899089773,0.636761487964989,0.216867468573088,0.783132525402816,0.57,,0.57,0,,0,11.03,,11.03,4,0,,filtersystemsaustralia.com.au,False,False,,"filtersystemsaustralia.com.au, urth.co, kentfaith.com.au, psifilters.com.au",,,,
shower filter,420,18,260,0.555181991422372,0.444818008577628,0.392697466467958,0.366871165194023,0.633128833578983,1.46,,1.46,1,,1,234.46,,234.46,12,4,,tappwater.com.au,False,False,"ozbath.com.au, wellverti.com.au, inflowfilter.com, google.com","wellverti.com.au, watego.com.au, filtersystemsaustralia.com.au, hydraluxe.com.au, waterscoaustralia.com.au, aquala.au","wellverti.com.au, watego.com.au, filteredbeauty.com.au, mineralstream.co","wellverti.com.au, watego.com.au, inflowfilter.com, waterfilter.com.au, filteredbeauty.com.au","mineralstream.co, wellverti.com.au, watego.com.au, inflowfilter.com",wellverti.com.au
fsa filters,420,11,420,,,,,,1.04,,1.04,0,,0,0.0,,0.0,1,17,,sakurafilters.com.au,False,False,,,,,,
john guest fittings,380,8,270,0.401357208448118,0.598642791551882,0.293939393939394,0.278969955884249,0.721030039823906,0.49,,0.49,1,,1,42.21,,42.21,4,1,,johnguest.com,False,False,,,rs-online.com,,"carac.com.au, filtersystemsaustralia.com.au, amazon.com.au",
reverse osmosis system,380,20,195,0.638099605591729,0.361900394408271,0.490499194847021,0.367256636935994,0.632743362431894,1.66,,1.66,0,,0,154.42,,154.42,13,6,,bluetongueindustries.com.au,False,False,"centurionaprs.com, google.com, distillo.com.au",filtersystemsaustralia.com.au,"filtersystemsaustralia.com.au, filpure.com.au, cleanandclearwater.com.au","filtersystemsaustralia.com.au, waterdropfilter.com.au","filpure.com.au, fullhousewaterfiltration.com.au, centurionaprs.com, waterfilter.com.au, filtersystemsaustralia.com.au, filteredwatersolutions.com.au, aquala.au, cleanandclearwater.com.au, aquariusdrilling.com.au",
bore water testing near me,360,14,360,,,,,,2.53,,2.53,0,,0,0.0,,0.0,4,12,,sahealth.sa.gov.au,False,False,,"westsoilandwater.com.au, sustainablewatersolutions.com.au, wateranalytics.com.au","westsoilandwater.com.au, filtersystemsaustralia.com.au",,,
water filter near me,360,48,,,,,,,1.71,,1.71,,,,3.75,,3.75,5,23,,mywaterfilter.com.au,False,False,,"purewaterfiltration.com.au, filteredwatersolutions.com.au","cleanandclearwater.com.au, filtersystemsaustralia.com.au",,,
water system,360,,90,0.510578841055422,0.489421158944578,0.730337078651686,,,0.92,,0.92,0,,0,0.64,,0.64,3,24,,zipwater.com,False,False,"watertestsystems.com.au, filtersystemsaustralia.com.au",,,,,
reverse osmosis water,360,16,160,0.627397006116944,0.372602993883056,0.549822064056939,0.162055335754868,0.837944662927609,1.46,,1.46,0,,0,65.63,,65.63,3,5,,purewatersystems.com.au,False,False,,"centurionaprs.com, demandfiltration.com.au",,filtersystemsaustralia.com.au,,
water filtration systems,320,63,165,0.434875102310147,0.565124897689853,0.47103274559194,0.266666665396825,0.73333332984127,2.76,,2.76,1,,1,405.67,,405.67,32,32,,freshwatersystems.com.au,False,False,"inflowfilter.com, aquastream.com.au, aquaserve.com.au, wateranalytics.com.au, google.com, filtersystemsaustralia.com.au, cleanandclearwater.com.au, filpure.com.au, waterscoaustralia.com.au, clickcease.com","aquastream.com.au, wateranalytics.com.au, filtersystemsaustralia.com.au, aeropure.com.au","networkplumbing.com.au, filtersystemsaustralia.com.au, bespokewater.com.au, wateranalytics.com.au, filpure.com.au, cleanandclearwater.com.au, purewaterfiltration.com.au, carefree.com.au, aquastream.com.au, minthomefiltration.com, purpleduck.com.au","filtersystemsaustralia.com.au, wateranalytics.com.au, reactiveplumbingandelectrical.com.au, smartenergy.co, filpure.com.au, cleanandclearwater.com.au","reactiveplumbingandelectrical.com.au, waterfilter.com.au, filpure.com.au, filtersystemsaustralia.com.au, daveywater.com, smartenergy.co, filtecwater.com, wateranalytics.com.au, hydraflo.com.au, cleanandclearwater.com.au, bespokewater.com.au, waterfilter.net.au","filtersystemsaustralia.com.au, waterfilter.com.au"
inline water filter,320,17,175,0.626137529400361,0.373862470599639,0.444444444444444,0.377215188918443,0.622784808549912,0.92,,0.92,0,,0,92.81,,92.81,1,4,,wfa.com.au,False,False,,filtersystemsaustralia.com.au,,filtersystemsaustralia.com.au,,
reverse osmosis filter,280,17,145,0.536813295001675,0.463186704998325,0.488755622188906,0.313782990282161,0.686217006785287,1.76,,1.76,0,,0,46.47,,46.47,1,9,,filtersystemsaustralia.com.au,False,False,,filtersystemsaustralia.com.au,,,,filtersystemsaustralia.com.au
water filter cartridges,280,19,125,0.476214876033058,0.523785123966942,0.545454545454545,0.1599999936,0.839999966400001,1.19,,1.19,0,,0,73.31,,73.31,6,4,,wfa.com.au,False,False,filtersystemsaustralia.com.au,water-filter-sentry.com.au,"filtersystemsaustralia.com.au, waterfilterdistributors.com.au, waterfilter.net.au",filtersystemsaustralia.com.au,,"filtersystemsaustralia.com.au, landwater.com.au"
water flow meter,280,15,175,0.446553681805966,0.553446318194034,0.377049180327869,0.440789472234245,0.559210524476281,1.53,,1.53,0,,0,138.55,,138.55,10,1,,flomec.com.au,False,False,"ifm.com, google.com, kallipr.com, dwyeromega.com",ifm.com,ifm.com,ifm.com,ifm.com,
water filter system,280,56,145,0.625937468983465,0.374062531016535,0.486381322957198,0.392676767180964,0.60732323155641,2.42,,2.42,2,,2,638.99,,638.99,24,24,,cassbrothers.com.au,False,False,"filtersystemsaustralia.com.au, waterdropfilter.com.au, google.com, shieldwaterfilter.com.au","filtersystemsaustralia.com.au, wateranalytics.com.au, nsf.org, aquacoolerdirect.com.au","filtersystemsaustralia.com.au, waterfilter.net.au, sunshinecoastwaterfilters.com.au, summitfiltration.com.au, wateranalytics.com.au, filpure.com.au, cleanandclearwater.com.au, tryselene.com.au","reactiveplumbingandelectrical.com.au, wateranalytics.com.au, filpure.com.au, cleanandclearwater.com.au, aquastream.com.au, pure2o.com.au, filtersystemsaustralia.com.au, sunshinecoastwaterfilters.com.au, waterfilter.net.au, daveywater.com","reactiveplumbingandelectrical.com.au, filteredwatersolutions.com.au, smartenergy.co, filtersystemsaustralia.com.au, sunshinecoastwaterfilters.com.au, filtap.com.au, wateranalytics.com.au, greatwaterfilters.com.au","filtersystemsaustralia.com.au, wateranalytics.com.au, alkaviva.com.au"
complete home filtration,250,24,250,,,,,,1.0,,1.0,2,,2,582.49,,582.49,17,13,,completehomefiltration.com.au,False,False,"purestwaterfiltration.com.au, waterfilter.com.au","cleanandclearwater.com.au, homewaterfiltration.com.au","waterfilter.com.au, cleanandclearwater.com.au, purestwaterfiltration.com.au, completehomefiltration.com.au, sunshinecoastwaterfilters.com.au, wateranalytics.com.au, homewaterfiltration.com.au, summitfiltration.com.au","trendhs.com.au, sunshinecoastwaterfilters.com.au, cleanandclearwater.com.au, wateranalytics.com.au, dolphinhomefiltration.com.au, filtersystemsaustralia.com.au, homewaterfiltration.com.au, waterfilter.com.au","trendhs.com.au, sunshinecoastwaterfilters.com.au, wateranalytics.com.au, waterfilter.com.au, homewaterfiltration.com.au, smartenergy.co, slaterpumpsmelbourne.com.au",
psi water filters,250,18,250,,,,,,0.44,,0.44,1,,1,139.58,,139.58,2,6,,psifilters.com.au,False,False,,"psifilters.com.au, filtersystemsaustralia.com.au","psifilters.com.au, filtersystemsaustralia.com.au",psifilters.com.au,psifilters.com.au,"psifilters.com.au, filtersystemsaustralia.com.au"
uv water filter,250,14,140,0.588133070321623,0.411866929678377,0.430976430976431,0.349112423969749,0.650887570113091,1.26,,1.26,0,,0,104.37,,104.37,5,3,,aquasafe.com.au,False,False,,"filtersystemsaustralia.com.au, uvguard.com, puretec.com.au, cloudtap.com.au, ozfilterwarehouse.com.au",uvguard.com,uvguard.com,,
cartridge filter,250,18,40,0.457502625498845,0.542497374501155,0.833333333333334,,,1.94,,1.94,0,,0,68.73,,68.73,1,3,,poolandspawarehouse.com.au,False,False,,,,filtersystemsaustralia.com.au,,
clarence water filters,210,21,210,,,,,,3.12,,3.12,0,,0,18.03,,18.03,3,1,,clarencewaterfilters.com.au,False,False,"filtersystemsaustralia.com.au, clarencewaterfilters.com.au, cleanandclearwater.com.au","clarencewaterfilters.com.au, filtersystemsaustralia.com.au","clarencewaterfilters.com.au, filtersystemsaustralia.com.au",clarencewaterfilters.com.au,clarencewaterfilters.com.au,"clarencewaterfilters.com.au, filtersystemsaustralia.com.au"
my water filter,210,43,210,,,,,,0.63,,0.63,1,,1,210.34,,210.34,6,17,,mywaterfilter.com.au,False,False,"waterscoaustralia.com.au, mywaterfilter.com.au, filtersystemsaustralia.com.au","mywaterfilter.com.au, waterscoaustralia.com.au, filtersystemsaustralia.com.au","mywaterfilter.com.au, filtersystemsaustralia.com.au","filtersystemsaustralia.com.au, waterfilterdistributors.com.au, aquacoolerdirect.com.au, waterscoaustralia.com.au, waterfilter.net.au, mywaterfilter.com.au",,"mywaterfilter.com.au, waterscoaustralia.com.au, filtersystemsaustralia.com.au"
pure water systems,210,25,115,0.336068672839506,0.663931327160494,0.444444444444444,0.024999999375,0.974999975625001,1.72,,1.72,2,,2,417.91,,417.91,18,25,,purewatersystems.com.au,False,False,waterscoaustralia.com.au,"purewatersystems.com.au, cleanandclearwater.com.au, filteredwatersolutions.com.au, wateranalytics.com.au","purewatersystems.com.au, cleanandclearwater.com.au, wateranalytics.com.au, filtersystemsaustralia.com.au, purewaterfiltration.com.au, westflowfiltration.com.au","purewatersystems.com.au, wateranalytics.com.au, carawater.com.au, hellowaterfiltration.com.au, filtap.com.au, tappwater.com.au, cleanandclearwater.com.au, hydraflo.com.au","waterfilter.com.au, filtersystemsaustralia.com.au, purewatersystems.com.au","purewatersystems.com.au, purezafilters.com"
aquarium filter,210,15,100,0.676015065102463,0.323984934897537,0.516014234875445,0.487745096843762,0.512254900705258,0.4,,0.4,1,,1,150.28,,150.28,6,1,,furevermates.com.au,False,False,"temu.com, amazon.com.au, google.com","amazon.com.au, temu.com, ebay.com.au, water-filter-sentry.com.au, filtersystemsaustralia.com.au",amazon.com.au,,,
water filtration system,210,,105,0.578210282027676,0.421789717972323,0.507508663842896,0.326035965343209,0.67396403387493,2.76,,2.76,1,,1,404.17,,404.17,10,32,,freshwatersystems.com.au,False,False,google.com,"filtersystemsaustralia.com.au, wateranalytics.com.au","wateranalytics.com.au, filpure.com.au, cleanandclearwater.com.au, filtersystemsaustralia.com.au, homewaterfiltration.com.au","filpure.com.au, filtersystemsaustralia.com.au, wateranalytics.com.au, cleanandclearwater.com.au","reactiveplumbingandelectrical.com.au, filpure.com.au, wateranalytics.com.au, valueh2o.com.au, filtersystemsaustralia.com.au, cleanandclearwater.com.au",filtersystemsaustralia.com.au
benchtop water filter,175,18,175,,,,,,1.05,,1.05,2,,2,421.02,,421.02,8,2,,zazenalkalinewater.com.au,False,False,,"waterscoaustralia.com.au, kynandfolk.com, filtersystemsaustralia.com.au","waterfilter.com.au, kynandfolk.com, carawater.com.au, waterscoaustralia.com.au","waterscoaustralia.com.au, kynandfolk.com, tappwater.com.au, hyperwellbeing.com.au, waterdropfilter.com.au",,
best water filter australia,175,46,175,,,,,,1.5,,1.5,0,,0,51.06,,51.06,6,18,,bestwaterfilters.com.au,False,False,,bestwaterfilters.com.au,,"waterfilter.com.au, dolphinhomefiltration.com.au, bestwaterfilters.com.au, filtersystemsaustralia.com.au, greatwaterfilters.com.au, waterdropfilter.com.au",,
water filtration systems perth,175,,175,,,,,,2.5,,2.5,0,,0,3.68,,3.68,19,29,,brighterwater.com.au,False,False,"puremainswater.com.au, wateranalytics.com.au, filtersystemsaustralia.com.au, google.com","wateranalytics.com.au, purewaterfiltration.com.au, filtersystemsaustralia.com.au","dolphinhomefiltration.com.au, bestcoast.com.au, pure2o.com.au, neighbourhoodwaterfiltration.com.au, wateranalytics.com.au, filtersystemsaustralia.com.au, purewaterfiltration.com.au, urbanfuture.com.au, waterfilterman.com.au","wateranalytics.com.au, dolphinhomefiltration.com.au","completehomefiltration.com.au, cloudtap.com.au, urbanfuture.com.au, wateranalytics.com.au, waterfilter.com.au","urbanfuture.com.au, completehomefiltration.com.au, wateranalytics.com.au, puremainswater.com.au, waterfilter.com.au"
3 way mixer tap,140,13,140,,,,,,0.96,,0.96,0,,0,51.3,,51.3,4,0,,buildmat.com.au,False,False,"buildmat.com.au, templeandwebster.com.au, filtersystemsaustralia.com.au",,waterfilter.net.au,,,
inline filter,140,14,44,0.341750945179584,0.658249054820416,0.684782608695652,0.137931029726516,0.862068935790726,0.71,,0.71,0,,0,5.34,,5.34,2,0,,hiflowwaterfilters.com.au,False,False,,"sprayerwarehouse.com.au, filtersystemsaustralia.com.au",filtersystemsaustralia.com.au,,,
ro water filter,140,20,80,0.645692520775623,0.354307479224377,0.44078947368421,0.376470583806228,0.623529404429066,1.44,,1.44,0,,0,82.53,,82.53,5,9,,filtersystemsaustralia.com.au,False,False,filtersystemsaustralia.com.au,filtersystemsaustralia.com.au,,,,"filtersystemsaustralia.com.au, waterscoaustralia.com.au, philips.com.au, cloudtap.com.au, aquala.au"
water tank filters,140,,140,,,,,,1.11,,1.11,0,,0,42.05,,42.05,2,17,,tankshop.com.au,False,False,puretec.com.au,filtersystemsaustralia.com.au,,,,
charcoal filter,140,16,55,0.608384283754654,0.391615716245346,0.597883597883598,0.315789471606648,0.684210521814404,0.62,,0.62,0,,0,25.01,,25.01,1,3,,goforzero.com.au,False,False,,filtersystemsaustralia.com.au,,,,
charcoal water filter,140,16,70,0.511023250393334,0.488976749606666,0.5,0.305343509119515,0.694656483246897,0.74,,0.74,0,,0,25.99,,25.99,1,6,,goforzero.com.au,False,False,,,filtersystemsaustralia.com.au,,,
irrigation systems,140,,60,0.340491383524336,0.659508616475664,0.571030640668524,0.22077921934559,0.779220774160904,0.76,,0.76,0,,0,97.53,,97.53,14,24,,reticulationperth.com,False,False,"waterpro.com.au, filtersystemsaustralia.com.au, sunshoweronline.com.au, irrigationgroup.com.au, irrigationexpress.com.au, prolawnconsultant.com.au","ssirrigation.com.au, irrigationgroup.com.au, filtersystemsaustralia.com.au, duralirrigation.com.au, temu.com, angusflexiblepipelines.com.au, elementqld.com.au, waterpro.com.au","filtersystemsaustralia.com.au, waterpro.com.au","ssirrigation.com.au, k-rain.com.au, mistechcooling.com.au, prolawnconsultant.com.au, irrigationgroup.com.au, waterpro.com.au, focalpointlandscapemaintenance.com.au",,
carbon filtration,140,,70,0.205726643598616,0.794273356401384,0.5,,,0.66,,0.66,0,,0,5.17,,5.17,1,3,,sanalifewellness.com,False,False,filtersystemsaustralia.com.au,,,,,
whole house water filter,140,19,90,0.637203268175583,0.362796731824417,0.330555555555556,0.305117565614075,0.6948824341093,1.73,,1.73,4,,4,1283.49,,1283.49,26,9,,cassbrothers.com.au,False,False,"filtersystemsaustralia.com.au, waterfilter.com.au, wateranalytics.com.au, aquastream.com.au, google.com","homewaterfiltration.com.au, water-filter-sentry.com.au, aquastream.com.au, waterfilter.com.au, filtersystemsaustralia.com.au","filtersystemsaustralia.com.au, waterfilter.net.au, alkaviva.com.au, wateranalytics.com.au, mywaterfilter.com.au, summitfiltration.com.au, sunshinecoastwaterfilters.com.au, cleanandclearwater.com.au, filtermate.com.au, pacificwater.com.au, networkplumbing.com.au, graywaterplumbing.com.au","filtersystemsaustralia.com.au, wateranalytics.com.au, filtermate.com.au, waterfilter.com.au, trendhs.com.au, sunshinecoastwaterfilters.com.au, aquastream.com.au, dolphinhomefiltration.com.au, neighbourhoodwaterfiltration.com.au, aquariuswaterfilters.com.au, pure2o.com.au, networkplumbing.com.au, cleanandclearwater.com.au, filtap.com.au","filtersystemsaustralia.com.au, wateranalytics.com.au, sunshinecoastwaterfilters.com.au",filtersystemsaustralia.com.au
berkey water filter australia,105,6,105,,,,,,0.81,,0.81,0,,0,22.75,,22.75,7,14,,purewater4life.com.au,False,False,"purewater4life.com.au, filtersystemsaustralia.com.au, waterscoaustralia.com.au","purewater4life.com.au, mywaterfilter.com.au, kynandfolk.com","purewater4life.com.au, kynandfolk.com, carawater.com.au, h2ostores.com",,purewater4life.com.au,
shield water filter,105,53,105,,,,,,1.73,,1.73,0,,0,0.87,,0.87,5,4,,shieldwaterfilter.com.au,False,False,"shieldwaterfilter.com.au, filtersystemsaustralia.com.au, ebay.com.au","shieldwaterfilter.com.au, water-filter-sentry.com.au, waterfilter.net.au, filtersystemsaustralia.com.au",filtersystemsaustralia.com.au,,"ebay.com.au, filtersystemsaustralia.com.au",
psi filters,105,,105,,,,,,0.62,,0.62,0,,0,0.0,,0.0,2,4,,infobel.com,False,False,"psifilters.com.au, filtersystemsaustralia.com.au",psifilters.com.au,"psifilters.com.au, filtersystemsaustralia.com.au","psifilters.com.au, filtersystemsaustralia.com.au",psifilters.com.au,"psifilters.com.au, filtersystemsaustralia.com.au"
3m water filter,105,,60,0.466760412958348,0.533239587041652,0.415094339622642,0.322580634755463,0.677419332986473,1.04,,1.04,0,,0,1.2,,1.2,2,5,,idahocapitalsun.com,False,False,"thinkwater.com.au, filtersystemsaustralia.com.au",filtersystemsaustralia.com.au,,,,
puretec water filter,105,,75,,,,,,0.97,,0.97,0,,0,102.39,,102.39,7,3,,puretec.com.au,False,False,"irrigationexpress.com.au, plumbingproducts.com.au, directwholesale.com.au, asctanks.com.au, filtersystemsaustralia.com.au","directwholesale.com.au, asctanks.com.au, irrigationexpress.com.au, alkaviva.com.au",thewaterdepot.com.au,,,
hose filter,105,9,65,0.581834319526627,0.418165680473373,0.4,0.435897424720579,0.564102549638396,0.58,,0.58,0,,0,0.0,,0.0,2,4,,bestwaterfilters.com.au,False,False,,"cockyvalve.com.au, filtersystemsaustralia.com.au",,,,
best under sink water filter australia,105,20,105,,,,,,1.95,,1.95,0,,0,52.09,,52.09,7,6,,waterfilter.com.au,False,False,filtersystemsaustralia.com.au,"waterscoaustralia.com.au, minthomefiltration.com, waterdropfilter.com.au, filtersystemsaustralia.com.au","cleanandclearwater.com.au, wateranalytics.com.au, waterdropfilter.com.au, filpure.com.au",filpure.com.au,,
hi flow water filter,105,17,0,,,,,,1.21,,1.21,0,,0,62.2,,62.2,1,4,,hiflowwaterfilters.com.au,False,False,,filtersystemsaustralia.com.au,,,,
water filter sydney,105,63,105,,,,,,4.61,,4.61,0,,0,36.7,,36.7,10,39,,watershop.com.au,False,False,hydraflo.com.au,"lovable.app, hydraflo.com.au","waterfilter.net.au, novoh2o.com.au, purpleduck.com.au","filpure.com.au, novoh2o.com.au, filtap.com.au",filtersystemsaustralia.com.au,
ph buffer solution,105,13,46,0.372951388888889,0.627048611111111,0.5625,,,2.02,,2.02,0,,0,34.44,,34.44,9,0,,loganhydroponics.com.au,False,False,"sigmaaldrich.com, bluelab.com, thermofisher.com","thermofisher.com, growkings.com.au, filtersystemsaustralia.com.au, sigmaaldrich.com","thermofisher.com, amazon.com.au, sigmaaldrich.com, hach.com, instrumentchoice.com.au",sigmaaldrich.com,sigmaaldrich.com,sigmaaldrich.com
fluoride water filter,105,12,75,0.569281815570238,0.430718184429762,0.296610169491525,0.253012046668602,0.746987947307302,1.56,,1.56,0,,0,90.77,,90.77,7,2,,aquasafe.com.au,False,False,,"filtersystemsaustralia.com.au, waterscoaustralia.com.au, kynandfolk.com, psifilters.com.au","waterfilter.com.au, ecobud.com.au, aquariuswaterfilters.com.au",,,
osmosis filter,105,18,60,0.525555555555556,0.474444444444444,0.444444444444444,,,1.48,,1.48,0,,0,11.1,,11.1,2,9,,filtersystemsaustralia.com.au,False,False,,,"filtersystemsaustralia.com.au, waterdropfilter.com.au",,waterdropfilter.com.au,
great water filters,105,24,105,,,,,,1.01,,1.01,0,,0,35.34,,35.34,3,19,,greatwaterfilters.com.au,False,False,,greatwaterfilters.com.au,"greatwaterfilters.com.au, filtersystemsaustralia.com.au, purewatersystems.com.au","greatwaterfilters.com.au, filtersystemsaustralia.com.au",,"greatwaterfilters.com.au, filtersystemsaustralia.com.au"
countertop water filter,105,20,70,0.624703641528926,0.375296358471074,0.346590909090909,0.318840578785969,0.68115941831548,1.1,,1.1,0,,0,118.86,,118.86,3,6,,purewatersystems.com.au,False,False,,"kynandfolk.com, filtersystemsaustralia.com.au, waterscoaustralia.com.au",,,,
water filter services,105,37,26,,,,,,4.01,,4.01,0,,0,14.67,,14.67,2,29,,waterpeople.com.au,False,False,,,"filtersystemsaustralia.com.au, cleanandclearwater.com.au",,,
wa water filters,105,53,105,,,,,,2.35,,2.35,0,,0,14.08,,14.08,1,42,,wawaterfilters.com.au,False,False,filtersystemsaustralia.com.au,filtersystemsaustralia.com.au,filtersystemsaustralia.com.au,,,
ph calibration solution,105,10,65,0.348269916765755,0.651730083234245,0.379310344827586,0.361111101080247,0.638888871141976,1.31,,1.31,0,,0,28.15,,28.15,11,0,,hannainst.com.au,False,False,"filtersystemsaustralia.com.au, thermofisher.com, google.com, sigmaaldrich.com",thermofisher.com,"filtersystemsaustralia.com.au, instrumentchoice.com.au, thermofisher.com, hach.com, sigmaaldrich.com","instrumentchoice.com.au, hach.com, thermofisher.com, hannainst.com.au, amazon.com.au, filtersystemsaustralia.com.au, sigmaaldrich.com, labfriend.com.au",hach.com,instrumentchoice.com.au
carbon water filter,105,14,55,0.582583115899335,0.417416884100665,0.490825688073394,0.369369366041717,0.630630624949274,1.99,,1.99,0,,0,33.37,,33.37,4,4,,aquasafe.com.au,False,False,,"filtersystemsaustralia.com.au, thinkwater.com.au, alkaviva.com.au, waterscoaustralia.com.au",filtersystemsaustralia.com.au,,,
john guest,105,15,75,0.157253578179854,0.842746421820146,0.273291925465839,0.0683760677916576,0.931623923661334,0.48,,0.48,0,,0,0.73,,0.73,2,1,,caravanandrvparts.com.au,False,False,filtersystemsaustralia.com.au,"carac.com.au, filtersystemsaustralia.com.au",,,,
rain filter,70,,70,0.183325401546698,0.816674598453302,0.829268292682927,,,,,,0,,0,0.12,,0.12,2,4,,purelivingaustralia.com.au,False,False,"rainco.com.au, filtersystemsaustralia.com.au",,,,,
filter systems australia,70,66,70,,,,,,0.88,,0.88,0,,0,41.23,,41.23,2,38,,filtersystemsaustralia.com.au,False,False,,filtersystemsaustralia.com.au,filtersystemsaustralia.com.au,filtersystemsaustralia.com.au,filtersystemsaustralia.com.au,"filtersystemsaustralia.com.au, water-filter-sentry.com.au"
fridge filters australia,70,23,70,,,,,,2.32,,2.32,1,,1,318.64,,318.64,5,8,,discountfridgefilters.com.au,False,False,,,,"waterfilterforfridge.com.au, discountfridgefilters.com.au, lg.com, waterfilterdistributors.com.au, filtersystemsaustralia.com.au","waterfilterforfridge.com.au, discountfridgefilters.com.au",
reverse osmosis water filter australia,70,22,70,,,,,,2.06,,2.06,0,,0,59.72,,59.72,16,11,,filtersystemsaustralia.com.au,False,False,,"filtersystemsaustralia.com.au, waterfilter.net.au","waterdropfilter.com.au, filtersystemsaustralia.com.au, ovio.com, philips.com.au, waterscoaustralia.com.au","waterdropfilter.com.au, homewaterfiltration.com.au, waterscoaustralia.com.au, waterfilter.net.au, cleanandclearwater.com.au, carawater.com.au, philips.com.au, filtersystemsaustralia.com.au","philips.com.au, wateranalytics.com.au, tappwater.com.au, aquala.au","filtersystemsaustralia.com.au, carawater.com.au, waterdropfilter.com.au, waterscoaustralia.com.au"
whole house water filter bunnings,70,4,70,,,,,,0.64,,0.64,0,,0,0.0,,0.0,3,3,,bunnings.com.au,False,False,,,,"filtersystemsaustralia.com.au, bunnings.com.au, daveywater.com",,
pump filter,70,15,12,,,,,,0.89,,0.89,0,,0,1.97,,1.97,1,1,,youtube.com,False,False,,filtersystemsaustralia.com.au,,,,
water solutions,70,39,26,0.532461072300311,0.467538927699689,0.63302752293578,,,4.99,,4.99,0,,0,6.95,,6.95,7,47,,watersolutions.com.au,False,False,,"waterscoaustralia.com.au, filtersystemsaustralia.com.au","filtersystemsaustralia.com.au, duraquip.com.au, sustainablewatersolutions.com.au","selfcleaningfilters.co.nz, inflowfilter.com, aquaclearindustries.com.au, sustainablewatersolutions.com.au",,
ro water treatment,70,16,44,,,,,,,,,0,,0,1.63,,1.63,1,4,,rowater.com.au,False,False,,,,filtersystemsaustralia.com.au,,
hi flow,70,24,50,0.233392857142857,0.766607142857143,0.285714285714286,,,1.01,,1.01,0,,0,0.0,,0.0,1,15,,hiflow.com.au,False,False,,filtersystemsaustralia.com.au,filtersystemsaustralia.com.au,,,
7 stage water filter,70,,26,,,,,,0.9,,0.9,0,,0,9.36,,9.36,1,4,,flipkart.com,False,False,filtersystemsaustralia.com.au,,,,,
alps water filter,70,17,70,,,,,,1.17,,1.17,0,,0,12.73,,12.73,1,12,,alpswaterfilters.com.au,False,False,,,filtersystemsaustralia.com.au,,,
filtered water solutions,70,61,70,,,,,,2.36,,2.36,0,,0,65.79,,65.79,17,29,,filteredwatersolutions.com.au,False,False,,"filteredwatersolutions.com.au, filpure.com.au, purewaterfiltration.com.au, filtersystemsaustralia.com.au","filteredwatersolutions.com.au, filpure.com.au, cleanandclearwater.com.au, reactiveplumbingandelectrical.com.au","waterfilter.com.au, filteredwatersolutions.com.au, filpure.com.au, reactiveplumbingandelectrical.com.au, wateranalytics.com.au, cleanandclearwater.com.au, waterfilter.direct, smartenergy.co, filtersystemsaustralia.com.au",,
n52 magnets,70,6,42,0.519539486576524,0.480460513423476,0.386243386243386,0.448275858204518,0.551724133174792,1.26,,1.26,0,,0,10.06,,10.06,12,0,,frenergy.com.au,False,False,,jiadamagnet.my,,,"jadamagnet.com, temu.com, aliexpress.com, amazon.com.au, rs-online.com, magnet.com.au, filtersystemsaustralia.com.au, magnetop.com.au, atechmagnet.cn, aussiemagnets.com.au, mistermagnets.com.au","magnet.com.au, temu.com, aussiemagnets.com.au, amazon.com.au, jadamagnet.com"
water filtration perth,70,32,70,,,,,,2.55,,2.55,0,,0,60.96,,60.96,34,32,,waterfiltrationperth.com.au,False,False,"aussienaturalfiltration.com.au, wateranalytics.com.au, google.com, puremainswater.com.au, aquastream.com.au, nexahomesolutions.com.au, dolphinhomefiltration.com.au, jimsplumbing.com.au","purewaterfiltration.com.au, wateranalytics.com.au, waterfilterman.com.au, westozwaterfilters.com.au, hiltonplumbing.com.au, westflowfiltration.com.au, aussienaturalfiltration.com.au, greatwaterfilters.com.au, google.com","waterfilterman.com.au, westflowfiltration.com.au, hydrotechgroup.com.au, wateranalytics.com.au, hiltonplumbing.com.au, plumbdog.com.au, purewaterfiltration.com.au, puremainswater.com.au, aquariuswaterfilters.com.au, urbanfuture.com.au","dolphinhomefiltration.com.au, wateranalytics.com.au, purewaterfiltration.com.au, aquariuswaterfilters.com.au, westflowfiltration.com.au, hydrotechgroup.com.au, filtersystemsaustralia.com.au, puremainswater.com.au, neighbourhoodwaterfiltration.com.au, cloudtap.com.au, waterfilterman.com.au, centurionaprs.com, hiltonplumbing.com.au","urbanfuture.com.au, northsidehomefiltration.com.au, cloudtap.com.au, hydrotechgroup.com.au, westflowfiltration.com.au, puremainswater.com.au, wateranalytics.com.au, waterfilter.com.au, dolphinhomefiltration.com.au, bestcoast.com.au, aquariuswaterfilters.com.au","westflowfiltration.com.au, waterscoaustralia.com.au, waterfilter.com.au, urbanfuture.com.au, hydrosmart.com.au, wateranalytics.com.au, cloudtap.com.au, simplyhotwaterperth.com.au"
home water filter system,70,,50,0.580884261763115,0.419115738236885,0.290697674418605,0.344262289438323,0.655737694168235,2.46,,2.46,1,,1,353.91,,353.91,6,26,,freshwatersystems.com.au,False,False,filtersystemsaustralia.com.au,"wateranalytics.com.au, micronwaterfilters.com.au, puretec.com.au, waterfilterguy.com.au","filtersystemsaustralia.com.au, wateranalytics.com.au",,,
sink water filter,70,24,40,0.637209157127992,0.362790842872008,0.432258064516129,0.482954542710486,0.517045451607696,1.74,,1.74,0,,0,76.85,,76.85,10,4,,purewatersystems.com.au,False,False,,"filtersystemsaustralia.com.au, completehomefiltration.com.au, h2ostores.com, filteredwatersolutions.com.au, cleanandclearwater.com.au, puretec.com.au, drinkrippl.com, filtap.com.au, tappwater.com.au","filtersystemsaustralia.com.au, completehomefiltration.com.au, puretec.com.au, philips.com.au",,,
caravan water filter,70,,70,,,,,,0.61,,0.61,1,,1,230.35,,230.35,3,4,,shieldwaterfilter.com.au,False,False,"campsmart.net.au, filtersystemsaustralia.com.au, vankor.com.au",,,,,
best inline water filter,70,20,70,0.357993572084481,0.642006427915519,0.181818181818182,0.148148145404664,0.851851836076818,0.6,,0.6,0,,0,42.0,,42.0,2,2,,bestwaterfilters.com.au,False,False,,"bestwaterfilters.com.au, filtersystemsaustralia.com.au",,bestwaterfilters.com.au,,
reverse osmosis water filters,70,18,44,0.528646869121204,0.471353130878796,0.377049180327869,0.368421047783934,0.631578939058172,1.75,,1.75,0,,0,37.49,,37.49,2,9,,filtersystemsaustralia.com.au,False,False,,filtersystemsaustralia.com.au,,,,completehomefiltration.com.au
ro filtration system,70,,18,,,,,,,,,,,,,,,5,,,,False,False,"filtersystemsaustralia.com.au, waterfilter.net.au, centurionaprs.com, waterdropfilter.com.au, psifilters.com.au",filtersystemsaustralia.com.au,,,,
reverse osmosis water purification,70,,42,,,,,,1.35,,1.35,0,,0,0.0,,0.0,5,1,,purewatersystems.com.au,False,False,"filtecwater.com, filtersystemsaustralia.com.au, membraneshop.com.au, waterscoaustralia.com.au",filtersystemsaustralia.com.au,"filtersystemsaustralia.com.au, laftech.com.au",,,
osmosis water filter,70,5,44,0.629337278106509,0.370662721893491,0.369230769230769,,,1.58,,1.58,0,,0,77.18,,77.18,8,1,,purewatersystems.com.au,False,False,"water-filter-sentry.com.au, waterscoaustralia.com.au, puretec.com.au",,,"filtersystemsaustralia.com.au, waterdropfilter.com.au, waterfilter.net.au",,
carbon filters,70,,32,0.428317617648349,0.571682382351651,0.549668874172186,0.308823524870242,0.691176460423876,0.66,,0.66,0,,0,10.17,,10.17,1,0,,justhydroponics.com.au,False,False,filtersystemsaustralia.com.au,,,,,
neodymium magnets australia,70,10,55,,,,,,1.26,,1.26,0,,0,0.0,,0.0,17,8,,frenergy.com.au,False,False,"filtersystemsaustralia.com.au, magnet.com.au, aussiemagnets.com.au, magnetsaustralia.com.au, temu.com, google.com, scienceequip.com.au","magnet.com.au, filtersystemsaustralia.com.au, aussiemagnets.com.au, magnetsaustralia.com.au","magnet.com.au, aussiemagnets.com.au, magnetsaustralia.com.au, temu.com, magnetop.com.au, frenergy.com.au, north-magnet.com, smallparts.com.au, filtersystemsaustralia.com.au, ebay.com.au","magnet.com.au, aussiemagnets.com.au, magnetsaustralia.com.au, temu.com, frenergy.com.au","magnet.com.au, aussiemagnets.com.au, temu.com, magnetop.com.au","magnet.com.au, magnetsaustralia.com.au, magnetop.com.au"
commercial water filter,70,22,40,0.506472222222222,0.493527777777778,0.433333333333333,0.411764693771627,0.58823527681661,5.63,,5.63,0,,0,12.88,,12.88,5,10,,filtersystemsaustralia.com.au,False,False,,filtersystemsaustralia.com.au,"purezza.com, filtecwater.com, selfcleaningfilters.co.nz, uvguard.com, filtersystemsaustralia.com.au",,,
chlorine water filter,70,21,40,0.477118055555556,0.522881944444444,0.416666666666667,0.428571413265307,0.571428551020409,1.63,,1.63,0,,0,42.47,,42.47,4,13,,mywaterfilter.com.au,False,False,,filtersystemsaustralia.com.au,"waterfilter.com.au, cloudtap.com.au, dolphinhomefiltration.com.au",,,
ro filter,70,23,34,0.52193333485955,0.47806666514045,0.516746411483254,0.31683168003137,0.68316831006764,1.17,,1.17,0,,0,19.78,,19.78,4,13,,healthyhabitats.com.au,False,False,puretec.com.au,,"filtersystemsaustralia.com.au, waterdropfilter.com.au",filtersystemsaustralia.com.au,filtersystemsaustralia.com.au,"filtersystemsaustralia.com.au, drinkrippl.com, waterdropfilter.com.au"
benchtop water cooler,70,23,70,,,,,,0.87,,0.87,1,,1,178.45,,178.45,8,0,,neverfail.com.au,False,False,"waterscoaustralia.com.au, watercoolersuperstore.com.au, filtersystemsaustralia.com.au, purewatersystems.com.au, kiewavalleyspringwater.com.au, waddisprings.com.au","novoh2o.com.au, waterscoaustralia.com.au",aquacoolerdirect.com.au,,watercoolersuperstore.com.au,
zip water filter,70,10,70,0.525555555555556,0.474444444444444,0.222222222222222,,,2.45,,2.45,1,,1,260.89,,260.89,6,2,,zipwater.com,False,False,,"zipwater.com, cassbrothers.com.au, appliancesonline.com.au","zipwater.com, ecovenza.com, filtersystemsaustralia.com.au",,"zipwater.com, cassbrothers.com.au, ecovenza.com, ebay.com.au",
water filters perth,70,,70,,,,,,1.78,,1.78,0,,0,89.09,,89.09,26,33,,simplyhotwaterperth.com.au,False,False,"google.com, puremainswater.com.au, aquastream.com.au, waterscoaustralia.com.au, filtersystemsaustralia.com.au, westozwaterfilters.com.au, jimsplumbing.com.au, wateranalytics.com.au",westflowfiltration.com.au,"purewaterfiltration.com.au, filtersystemsaustralia.com.au, wateranalytics.com.au, greatwaterfilters.com.au, hiltonplumbing.com.au, clearhavenwaterfiltration.com.au, waterfilter.net.au","purewaterfiltration.com.au, dolphinhomefiltration.com.au, filtersystemsaustralia.com.au, waterfilter.com.au, pure2o.com.au, water2.com, westflowfiltration.com.au, waterfilter.net.au","waterfilter.com.au, westflowfiltration.com.au, northsidehomefiltration.com.au, hydrotechgroup.com.au, cloudtap.com.au, urbanfuture.com.au, aquariuswaterfilters.com.au, westozwaterfilters.com.au, greatwaterfilters.com.au","waterfilter.com.au, cloudtap.com.au, greatwaterfilters.com.au, urbanfuture.com.au, westozwaterfilters.com.au, hydrotechgroup.com.au, filtersystemsaustralia.com.au"
filtration system,70,39,14,0.377897153351699,0.622102846648301,0.803030303030303,,,1.76,,1.76,0,,0,36.73,,36.73,8,26,,puretec.com.au,False,False,,"filtersystemsaustralia.com.au, fullhousefiltration.com.au, purewaterfiltration.com.au",,"completehomefiltration.com.au, filtersystemsaustralia.com.au","filtersystemsaustralia.com.au, completehomefiltration.com.au","filtersystemsaustralia.com.au, wateranalytics.com.au, waterfilter.com.au, cloudtap.com.au"
water softening,70,,40,0.317222222222222,0.682777777777778,0.416666666666667,0.0714285704081633,0.928571415306123,1.45,,1.45,0,,0,0.06,,0.06,1,6,,energy.gov,False,False,filtersystemsaustralia.com.au,,,,,
reverse osmosis filter australia,70,,70,,,,,,2.8,,2.8,0,,0,0.32,,0.32,32,15,,philips.com.au,False,False,"aquala.au, philips.com.au, waterscoaustralia.com.au, google.com, filtersystemsaustralia.com.au, inflowfilter.com, filtersforyou.com.au, puretec.com.au, alkaviva.com.au, kuvings.com.au, buildmat.com.au, clickcease.com, tappwater.com.au, carawater.com.au, hydrogenhealth.net.au, shieldwaterfilter.com.au, aewaterfilters.com, waterdropfilter.com.au, water-filter-sentry.com.au","filtersystemsaustralia.com.au, philips.com.au, tappwater.com.au, water-filter-sentry.com.au, waterdropfilter.com.au, cleanandclearwater.com.au, google.com, waterscoaustralia.com.au, puretec.com.au","waterscoaustralia.com.au, filtersystemsaustralia.com.au, waterdropfilter.com.au, waterfilter.net.au, ovio.com, philips.com.au, filpure.com.au, tappwater.com.au, cleanandclearwater.com.au","filtersystemsaustralia.com.au, cleanandclearwater.com.au, filteredwatersolutions.com.au, waterdropfilter.com.au, bespokewater.com.au, philips.com.au, carawater.com.au, waterscoaustralia.com.au, waterfilter.net.au","waterscoaustralia.com.au, filtersystemsaustralia.com.au, waterfilter.net.au, aquala.au, tappwater.com.au, cleanandclearwater.com.au, hyperwellbeing.com.au","filtersystemsaustralia.com.au, waterfilter.com.au, filpure.com.au"
best water filters australia,70,,70,,,,,,1.59,,1.59,0,,0,0.0,,0.0,3,28,,quora.com,False,False,bestwaterfilters.com.au,"bestwaterfilters.com.au, filtersystemsaustralia.com.au",bestwaterfilters.com.au,,,
rainwater filter,70,14,38,0.695,0.305,0.46,0.407407392318245,0.59259257064472,0.66,,0.66,0,,0,67.47,,67.47,4,5,,rainwatch.com.au,False,False,,"filtersystemsaustralia.com.au, psifilters.com.au, puretec.com.au","filtersystemsaustralia.com.au, puretec.com.au, uvguard.com",,,
granular activated carbon filter,70,10,30,,,,,,,,,0,,0,0.0,,0.0,2,0,,mywaterfilter.com.au,False,False,naturecarbon.com,filtersystemsaustralia.com.au,,,,
ro water purifier,70,24,36,0.609313191968474,0.390686808031526,0.493150684931507,0.43243242074507,0.567567552227904,1.27,,1.27,0,,0,5.15,,5.15,3,8,,purewatersystems.com.au,False,False,"filpure.com.au, waterfilter.net.au, filtersystemsaustralia.com.au",,,,,
shower water filter,70,15,46,0.648055192658183,0.351944807341817,0.337349397590361,0.387878786703398,0.612121210266299,1.45,,1.45,0,,0,130.52,,130.52,14,3,,bunnings.com.au,False,False,google.com,"wellverti.com.au, aquala.au, filtersystemsaustralia.com.au","wellverti.com.au, mineralstream.co, watego.com.au, inflowfilter.com, filteredbeauty.com.au, stone-stream.com, ozbath.com.au","wellverti.com.au, inflowfilter.com, watego.com.au","wellverti.com.au, filtersystemsaustralia.com.au, puritibeauty.com, stone-stream.com, ngillaflow.com, hydraluxe.com.au","wellverti.com.au, mineralstream.co, cloverandcove.com"
drinking water filter,70,59,44,0.557692975385951,0.442307024614049,0.377952755905512,0.303797464508893,0.69620252283288,1.36,,1.36,1,,1,152.6,,152.6,3,28,,filtersystemsaustralia.com.au,False,False,,,"dolphinhomefiltration.com.au, waterfilter.com.au, filtersystemsaustralia.com.au",,,
water softeners,70,,46,0.456690137953153,0.543309862046847,0.348233597692862,0.353982300493382,0.646017698400423,1.45,,1.45,0,,0,50.42,,50.42,2,4,,landwater.com.au,False,False,completehomefiltration.com.au,"completehomefiltration.com.au, filtersystemsaustralia.com.au",,,,
ro water system,70,21,40,0.675270081671719,0.324729918328281,0.441478439425051,0.437499998391544,0.562499997931985,1.99,,1.99,0,,0,58.47,,58.47,6,10,,filtersystemsaustralia.com.au,False,False,,"filtersystemsaustralia.com.au, psifilters.com.au, purewatersystems.com.au, waterfilter.net.au, centurionaprs.com","filtersystemsaustralia.com.au, waterfilter.net.au, filpure.com.au",,filtersystemsaustralia.com.au,
lawn irrigation system,70,23,36,0.607166638355699,0.392833361644301,0.497536945812808,0.274509801230296,0.725490188965782,0.72,,0.72,0,,0,76.63,,76.63,10,6,,sunshoweronline.com.au,False,False,"waterpro.com.au, camberwellirrigation.com.au, google.com, hoselink.com.au","mabhenairrigation.com, waterpro.com.au, filtersystemsaustralia.com.au",waterpro.com.au,"cardenascorp.au, nswater.com.au, amazon.com.au, sunshoweronline.com.au",,
reverse osmosis water treatment,70,14,42,0.270888888888889,0.729111111111111,0.4,0.29629628532236,0.703703677640604,1.89,,1.89,0,,0,74.12,,74.12,11,2,,filtersystemsaustralia.com.au,False,False,"aquala.au, philips.com.au",waterdropfilter.com.au,"centurionaprs.com, philips.com.au, jufuwater.com",,aquariusdrilling.com.au,
under sink water filters australia,70,17,70,,,,,,1.54,,1.54,0,,0,40.74,,40.74,4,5,,filtersystemsaustralia.com.au,False,False,"aquala.au, philips.com.au, filtersystemsaustralia.com.au, google.com",,filtersystemsaustralia.com.au,,,
home water filtration system,70,46,44,0.58439269270496,0.41560730729504,0.376569037656904,0.295302012431872,0.704697984212423,2.01,,2.01,0,,0,107.78,,107.78,31,27,,freshwatersystems.com.au,False,False,"google.com, puremainswater.com.au, homewaterfiltration.com.au","waterfilter.com.au, filpure.com.au, purewaterfiltration.com.au, homewaterfiltration.com.au, puretec.com.au, cleanandclearwater.com.au","networkplumbing.com.au, wateranalytics.com.au, filpure.com.au, cloudtap.com.au, filtersystemsaustralia.com.au, sunshinecoastwaterfilters.com.au, summitfiltration.com.au, hydrotechgroup.com.au, purewaterfiltration.com.au, pureflowfiltration.com.au, tryselene.com.au, thinkwater.com.au, sznobana.com, inflowfilter.com, cleanandclearwater.com.au","trendhs.com.au, wateranalytics.com.au, sunshinecoastwaterfilters.com.au, homewaterfiltration.com.au, smartenergy.co, filtersystemsaustralia.com.au",smartenergy.co,"puretec.com.au, wateranalytics.com.au, waterfilter.com.au, filpure.com.au, smartenergy.co, purestwaterfiltration.com.au"
pre tank rainwater filter,36,,36,,,,,,0.29,,0.29,0,,0,0.0,,0.0,3,2,,tankshop.com.au,False,False,filtersystemsaustralia.com.au,,,,,completehomefiltration.com.au
water testing australia,36,,36,,,,,,3.02,,3.02,0,,0,0.93,,0.93,4,15,,health.wa.gov.au,False,False,"brisbanelab.com.au, wateranalytics.com.au, filtersystemsaustralia.com.au, watertestsystems.com.au",,,,,
pure magic water filters,36,,36,,,,,,,,,,,,,,,2,8,,puremagic.com.au,False,False,"filtersystemsaustralia.com.au, purewaterfiltration.com.au",,,,,
activated carbon cartridge,36,,12,,,,,,,,,,,,,,,1,,,,False,False,filtersystemsaustralia.com.au,,,,,
filtration systems australia,36,,36,,,,,,1.91,,1.91,0,,0,10.04,,10.04,2,53,,filtersystemsaustralia.com.au,False,False,filtersystemsaustralia.com.au,,,,,
filtered tap,36,,36,,,,,,,,,,,,,,,8,6,,zipwater.com,False,False,"completehomefiltration.com.au, filtap.com.au, cleanandclearwater.com.au, filtersystemsaustralia.com.au, zipwater.com, filpure.com.au","completehomefiltration.com.au, filpure.com.au, filtap.com.au, waterfilter.net.au, zipwater.com, puretec.com.au, cleanandclearwater.com.au",,,,
ecosoft water conditioner reviews,36,,36,,,,,,,,,0,,0,0.0,,0.0,2,,,,False,False,"carefree.com.au, filtersystemsaustralia.com.au",,,,,
rainwater uv filter,36,,22,,,,,,0.52,,0.52,0,,0,0.0,,0.0,3,,,,False,False,filtersystemsaustralia.com.au,"uvguard.com, filtersystemsaustralia.com.au, puretec.com.au",,,,
water filter system australia,36,,36,,,,,,2.13,,2.13,0,,0,8.73,,8.73,7,38,,makwater.com.au,False,False,greatwaterfilters.com.au,filtersystemsaustralia.com.au,"filtersystemsaustralia.com.au, cleanandclearwater.com.au, filteredwatersolutions.com.au, waterscoaustralia.com.au",,,
hi flow water filter price,36,,36,,,,,,,,,,,,,,,1,,,,False,False,filtersystemsaustralia.com.au,,,,,
air filters australia,36,46,36,,,,,,2.6,,2.6,0,,0,31.6,,31.6,5,28,,airfilters.com.au,False,False,,"hotselects.com, inovaairpurifiers.com.au, filtermakers.com.au","inovaairpurifiers.com.au, hotselects.com, filtermakers.com.au, choice.com.au","filtersystemsaustralia.com.au, inovaairpurifiers.com.au",,
water filter byron bay,36,,36,,,,,,2.16,,2.16,0,,0,0.0,,0.0,8,,,,False,False,"purewatersystems.com.au, homewaterfiltration.com.au","alkaway.com.au, filtersystemsaustralia.com.au, wellverti.com.au, waterscoaustralia.com.au, kynandfolk.com","alkaway.com.au, kynandfolk.com, alkaviva.com.au",,,
sediment filters,36,,16,0.6325133499466,0.3674866500534,0.547169811320755,0.624999973958334,0.374999984375001,1.37,,1.37,0,,0,1.86,,1.86,1,0,,freshwatersystems.com.au,False,False,filtersystemsaustralia.com.au,,,,,
arkal filters,36,,36,0.130502958579882,0.869497041420118,0.153846153846154,,,1.03,,1.03,0,,0,0.0,,0.0,6,0,,iop.org,False,False,"water-filter-sentry.com.au, filtersystemsaustralia.com.au, duralirrigation.com.au","southlandfiltration.com.au, duralirrigation.com.au",duralirrigation.com.au,"valvewarehouseaustralia.com.au, pearlfiltration.com.au",,
big blue water filters australia,36,,36,,,,,,2.32,,2.32,0,,0,0.0,,0.0,3,12,,lululemon.com.au,False,False,"filtersystemsaustralia.com.au, waterfilter.net.au, ebay.com.au","filtersystemsaustralia.com.au, waterfilter.net.au, ebay.com.au",,,,
water dispensing tap,36,,36,,,,,,,,,,,,,,,1,,,,False,False,filtersystemsaustralia.com.au,,,,,
water treatment commercial,36,,36,,,,,,,,,,,,,,,6,,,,False,False,"hydrochem.com.au, dixengineering.com","cleanteqwater.com, filtecwater.com, prwater.com.au, filtersystemsaustralia.com.au",,,,
complete home water filter system,36,,30,,,,,,,,,,,,,,,7,10,,homewater.com,False,False,wateranalytics.com.au,"wateranalytics.com.au, cleanandclearwater.com.au, homewaterfiltration.com.au, filtersystemsaustralia.com.au, thinkwater.com.au",wateranalytics.com.au,completehomefiltration.com.au,,
hifi filters australia,36,10,36,,,,,,,,,0,,0,0.0,,0.0,2,24,,hifi-filter.com,False,False,,,,,,
under bench water chiller,36,,36,,,,,,0.97,,0.97,0,,0,0.0,,0.0,8,1,,zipwater.com,False,False,a1waterfilters.com.au,"kiewavalleyspringwater.com.au, billi.com.au, filtersystemsaustralia.com.au, aquacoolerdirect.com.au, zipwater.com, cleanandclearwater.com.au","aquacoolerdirect.com.au, zipwater.com, watercoolersuperstore.com.au, billi.com.au",,,
irrigation products,36,,9,,,,,,0.96,,0.96,0,,0,2.31,,2.31,7,25,,mvirrigation.com.au,False,False,"waterpro.com.au, filtersystemsaustralia.com.au","waterpro.com.au, valvewarehouseaustralia.com.au, sunshoweronline.com.au, irrigationstore.com.au, duralirrigation.com.au",thelandscapestore.com.au,,,
tap filter bunnings,36,3,36,,,,,,0.25,,0.25,0,,0,0.0,,0.0,4,0,,bunnings.com.au,False,False,,,"bunnings.com.au, flowpure.com, tappwater.com.au, filtersystemsaustralia.com.au",,,
best whole house water filtration system australia,36,22,36,,,,,,2.06,,2.06,0,,0,0.5,,0.5,15,11,,puretec.com.au,False,False,wateranalytics.com.au,"wateranalytics.com.au, filtersystemsaustralia.com.au, comparewaterfilters.com.au",,"filtersystemsaustralia.com.au, wateranalytics.com.au",,"wateranalytics.com.au, cloudtap.com.au, hydrotechgroup.com.au, filtersystemsaustralia.com.au, puretec.com.au, micronwaterfilters.com.au"
purestream water filters,36,10,0,,,,,,1.52,,1.52,0,,0,3.41,,3.41,2,13,,waterfiltersaustralia.com.au,False,False,purewatersystems.com.au,"purewatersystems.com.au, filtersystemsaustralia.com.au","purewatersystems.com.au, filtersystemsaustralia.com.au","purewatersystems.com.au, filtersystemsaustralia.com.au",purewatersystems.com.au,filtersystemsaustralia.com.au
ultraceram,36,,0,,,,,,1.89,,1.89,0,,0,1.24,,1.24,4,2,,picclick.co.uk,False,False,purewatersystems.com.au,auspurifiers.com.au,"landwater.com.au, filtersystemsaustralia.com.au",,,
water filter membrane price,36,,36,,,,,,,,,0,,0,0.0,,0.0,2,,,,False,False,"membraneshop.com.au, filtersystemsaustralia.com.au",membraneshop.com.au,,,,
fluoride filter bunnings,36,,36,,,,,,0.48,,0.48,0,,0,0.0,,0.0,2,0,,amazon.com.au,False,False,filtersystemsaustralia.com.au,,,,,
great water,36,,6,,,,,,4.85,,4.85,0,,0,0.0,,0.0,4,24,,gmbwater.au,False,False,greatwaterfilters.com.au,"greatwaterfilters.com.au, filtersystemsaustralia.com.au",greatwaterfilters.com.au,"greatwaterfilters.com.au, carefree.com.au, waterscoaustralia.com.au",,
oliveri water filter,36,10,36,,,,,,1.14,,1.14,0,,0,0.0,,0.0,6,1,,oliveri.com.au,False,False,,buildmat.com.au,"buildmat.com.au, filtersystemsaustralia.com.au, lasoo.com.au, cassbrothers.com.au",oliveri.com.au,2magpies.com.au,
salt filter,36,,20,0.327088846880907,0.672911153119093,0.434782608695652,,,3.55,,3.55,0,,0,0.0,,0.0,2,1,,arxiv.org,False,False,"filtersystemsaustralia.com.au, tropicalpoolstore.com.au",,,,,
filteroo water filter,36,4,36,,,,,,0.51,,0.51,0,,0,0.0,,0.0,5,4,,filteroo.com.au,False,False,"mywaterfilter.com.au, auspurifiers.com.au, filtersystemsaustralia.com.au",mywaterfilter.com.au,"mywaterfilter.com.au, kynandfolk.com","mywaterfilter.com.au, biome.com.au",mywaterfilter.com.au,mywaterfilter.com.au
caravan water filters,36,16,36,,,,,,0.72,,0.72,1,,1,108.01,,108.01,1,2,,thethirstynomad.com.au,False,False,,filtersystemsaustralia.com.au,,,,
remove iron from water,36,,20,0.760765432098766,0.239234567901235,0.422222222222222,0.423076906804734,0.576923054733729,,,,,,,,,,3,,,,False,False,"aquaclearindustries.com.au, thinkwater.com.au, filtersystemsaustralia.com.au",,,,,
tank water filter systems,36,,36,,,,,,1.45,,1.45,0,,0,0.0,,0.0,2,16,,tankshop.com.au,False,False,"filtersystemsaustralia.com.au, puretec.com.au",,,,,
waterco water filter,36,8,22,,,,,,1.08,,1.08,0,,0,0.51,,0.51,5,6,,waterco.com.au,False,False,waterscoaustralia.com.au,waterscoaustralia.com.au,"waterscoaustralia.com.au, thinkwater.com.au, filtersystemsaustralia.com.au, purewatersystems.com.au, psifilters.com.au",,waterscoaustralia.com.au,
nt water filters,36,41,36,,,,,,5.9,,5.9,0,,0,0.0,,0.0,2,27,,ntwaterfilters.com.au,False,False,,"filtersystemsaustralia.com.au, daveywater.com",,,,
house water filters,36,,24,0.593654513888889,0.406345486111111,0.291666666666667,0.264705874567474,0.735294096020762,1.5,,1.5,0,,0,25.41,,25.41,2,7,,freshwatersystems.com.au,False,False,filtersystemsaustralia.com.au,,completehomefiltration.com.au,completehomefiltration.com.au,,
carbon block,36,8,18,0.345390625,0.654609375,0.5,0.0833333298611112,0.916666628472224,,,,,,,,,,1,0,,filtersystemsaustralia.com.au,False,False,,filtersystemsaustralia.com.au,,,,
shower filter australia,36,14,36,,,,,,1.46,,1.46,0,,0,8.23,,8.23,7,4,,earthswater.com.au,False,False,,"wellverti.com.au, filtersystemsaustralia.com.au, terrawellness.com.au","wellverti.com.au, holyh2o.com.au, mineralstream.co, terrawellness.com.au","wellverti.com.au, watego.com.au, mineralstream.co, holyh2o.com.au",,
rodi filter,36,12,,0.49603550295858,0.50396449704142,0.384615384615385,0.437499986328126,0.562499982421876,1.1,,1.1,,,,0.0,,0.0,3,4,,water-filter-sentry.com.au,False,False,filtersystemsaustralia.com.au,"reefpurero.com.au, filtersystemsaustralia.com.au, psifilters.com.au",,reefpurero.com.au,,
everpure water filter,36,13,24,0.464818312668872,0.535181687331128,0.341708542713568,0.41221373888468,0.587786257298526,1.71,,1.71,0,,0,56.2,,56.2,4,9,,wfa.com.au,False,False,"essentialservicesgroup.com.au, filtersystemsaustralia.com.au",,"filtersystemsaustralia.com.au, thewaterdepot.com.au, discountfridgefilters.com.au",,,
uv water filtration systems for home,36,14,22,0.645692520775623,0.354307479224377,0.394736842105263,0.347826071833649,0.652173884688092,0.67,,0.67,0,,0,0.62,,0.62,5,4,,aquasafe.com.au,False,False,filtersystemsaustralia.com.au,filtersystemsaustralia.com.au,filtersystemsaustralia.com.au,"wateranalytics.com.au, filtersystemsaustralia.com.au, daveywater.com, puretec.com.au",,
bag filter,36,,12,0.337768595041322,0.662231404958678,0.659090909090909,,,1.15,,1.15,0,,0,10.32,,10.32,1,2,,filtermakers.com.au,False,False,filtersystemsaustralia.com.au,filtersystemsaustralia.com.au,,,,
cartridge filters,36,,20,0.173555555555556,0.826444444444444,0.433333333333333,,,2.06,,2.06,0,,0,0.0,,0.0,1,1,,poolandspawarehouse.com.au,False,False,filtersystemsaustralia.com.au,filtersystemsaustralia.com.au,filtersystemsaustralia.com.au,,,
reverse osmosis filtration system,36,,22,0.398216631950008,0.601783368049992,0.367088607594937,0.3599999928,0.6399999872,1.99,,1.99,0,,0,1.33,,1.33,23,4,,philips.com.au,False,False,"puretec.com.au, filtersforyou.com.au, aquala.au, google.com, aquaserve.com.au, shieldwaterfilter.com.au","waterdropfilter.com.au, wateranalytics.com.au, filtermate.com.au, desalinationwatermaker.com, forenwater.com, puretec.com.au","filtersystemsaustralia.com.au, waterdropfilter.com.au, waterscoaustralia.com.au, cleanandclearwater.com.au, philips.com.au, tappwater.com.au","filtersystemsaustralia.com.au, philips.com.au, fullhousewaterfiltration.com.au, wateranalytics.com.au, bespokewater.com.au, filpure.com.au, filteredwatersolutions.com.au","filtersystemsaustralia.com.au, waterdropfilter.com.au, filpure.com.au","filtersystemsaustralia.com.au, waterfilter.com.au, filpure.com.au"
reverse osmosis tank,36,3,20,0.532655749377003,0.467344250622997,0.405660377358491,0.444444437389771,0.555555546737214,0.4,,0.4,0,,0,0.04,,0.04,1,0,,perthcommercialkitchens.com.au,False,False,filtersystemsaustralia.com.au,,filtersystemsaustralia.com.au,,,
total dissolved solids in water,36,,20,0.418602022605592,0.581397977394408,0.414634146341463,0.0,0.999999958333335,,,,0,,0,0.0,,0.0,1,0,,waterworld.com,False,False,filtersystemsaustralia.com.au,,,,,
20 micron filter,36,,16,,,,,,1.15,,1.15,0,,0,0.13,,0.13,1,2,,wjgnet.com,False,False,filtersystemsaustralia.com.au,filtersystemsaustralia.com.au,,,,
water filtration systems australia,36,,36,,,,,,2.92,,2.92,0,,0,4.02,,4.02,9,45,,freshwatersystems.com.au,False,False,greatwaterfilters.com.au,,,"filtersystemsaustralia.com.au, completehomefiltration.com.au","filtersystemsaustralia.com.au, wateranalytics.com.au, purewatersystems.com.au, mywaterfilter.com.au, filteredwatersolutions.com.au, waterscoaustralia.com.au, cleanandclearwater.com.au",
resin filter,36,10,10,,,,,,,,,,,,,,,2,2,,aquastream.com.au,False,False,,"filtersystemsaustralia.com.au, windowcleaningsupplies.com.au",,,,
reverse osmosis water system,36,19,22,0.547040525852699,0.452959474147301,0.396882494004796,0.39165009862495,0.608349899386978,2.23,,2.23,0,,0,86.88,,86.88,9,6,,filtersystemsaustralia.com.au,False,False,puretec.com.au,"filtersystemsaustralia.com.au, waterfilter.net.au",filtersystemsaustralia.com.au,"filtecwater.com, filtersystemsaustralia.com.au, cleanandclearwater.com.au, demandfiltration.com.au","filtersystemsaustralia.com.au, waterfilter.net.au, waterdropfilter.com.au, h2ostores.com",
peroxide test strips,36,7,36,0.372951388888889,0.627048611111111,0.375,,,0.76,,0.76,0,,0,6.86,,6.86,4,0,,westlab.com.au,False,False,"sigmaaldrich.com, filtersystemsaustralia.com.au",,filtersystemsaustralia.com.au,sigmaaldrich.com,sigmaaldrich.com,"sigmaaldrich.com, filtersystemsaustralia.com.au, hannainst.com.au"
buy water filters,36,71,36,,,,,,1.43,,1.43,0,,0,0.0,,0.0,1,31,,cassbrothers.com.au,False,False,filtersystemsaustralia.com.au,,,,,
rare earth magnets for sale,36,9,26,0.48826800786218,0.51173199213782,0.236559139784946,0.394366191628645,0.605633794286848,0.84,,0.84,0,,0,9.34,,9.34,8,3,,magnet.com.au,False,False,supermagnete.se,frenergy.com.au,"magnet.com.au, aussiemagnets.com.au","magnet.com.au, aussiemagnets.com.au, temu.com, magnetsaustralia.com.au",magnet.com.au,magnet.com.au
filter system australia,36,67,36,,,,,,,,,,,,,,,2,29,,filtersystemsaustralia.com.au,False,False,,,,,,simplyhotwaterperth.com.au
smart water filter,36,,18,0.664222222222222,0.335777777777778,0.466666666666667,,,0.31,,0.31,0,,0,0.0,,0.0,2,,,,False,False,hydrosmart.com.au,filtersystemsaustralia.com.au,,,,
shurflo water filter,36,,36,,,,,,0.78,,0.78,0,,0,0.0,,0.0,2,0,,coastrv.com.au,False,False,"vankor.com.au, filtersystemsaustralia.com.au",,,,,
omnipure water filter,36,4,30,,,,,,1.32,,1.32,0,,0,21.44,,21.44,6,1,,omnipure.com,False,False,,"thinkwater.com.au, filtersystemsaustralia.com.au, landwater.com.au, discountfridgefilters.com.au, ebay.com.au",,"filtersystemsaustralia.com.au, mywaterfilter.com.au, discountfridgefilters.com.au",,
whole house filter system,36,,20,0.73825,0.26175,0.45,,,,,,,,,,,,4,18,,simplyfiltration.com.au,False,False,waterfilter.com.au,wateranalytics.com.au,filtersystemsaustralia.com.au,filtersystemsaustralia.com.au,filtersystemsaustralia.com.au,filtersystemsaustralia.com.au
water filter shop,36,70,36,,,,,,2.83,,2.83,0,,0,7.27,,7.27,4,46,,phwaterfilters.com.au,False,False,filtersystemsaustralia.com.au,"filtersystemsaustralia.com.au, thinkwater.com.au, mywaterfilter.com.au, psifilters.com.au",,,,
5 stage water filter,36,12,36,0.639636678200692,0.360363321799308,0.411764705882353,,,1.72,,1.72,0,,0,10.58,,10.58,13,2,,filtersystemsaustralia.com.au,False,False,"filtersystemsaustralia.com.au, water-filter-sentry.com.au, waterscoaustralia.com.au, filtersforyou.com.au, shieldwaterfilter.com.au, mywaterfilter.com.au, google.com, aewaterfilters.com","filtersystemsaustralia.com.au, waterscoaustralia.com.au, filteredwatersolutions.com.au","filtersystemsaustralia.com.au, filteredwatersolutions.com.au","filtersystemsaustralia.com.au, filteredwatersolutions.com.au, filpure.com.au",filtersystemsaustralia.com.au,filtersystemsaustralia.com.au
ro filter system,36,,16,0.765138888888889,0.234861111111111,0.527777777777778,0.411764697808535,0.588235282583622,2.47,,2.47,0,,0,9.52,,9.52,2,4,,philips.com.au,False,False,shieldwaterfilter.com.au,filtersystemsaustralia.com.au,,,,
reverse osmosis cartridge,36,,22,,,,,,1.71,,1.71,0,,0,8.63,,8.63,1,,,,False,False,filtersystemsaustralia.com.au,,,,,
bore water filter,36,14,36,,,,,,2.09,,2.09,0,,0,104.91,,104.91,6,10,,thethirstynomad.com.au,False,False,,"cloudtap.com.au, hydrotechgroup.com.au, filtersystemsaustralia.com.au","cloudtap.com.au, waterfilter.com.au, allwestbr.com.au, neighbourhoodwaterfiltration.com.au",,,
4 stage water filter,36,16,36,0.330553633217993,0.669446366782007,0.382352941176471,,,2.35,,2.35,0,,0,17.48,,17.48,12,7,,filteredwatersolutions.com.au,False,False,"google.com, waterscoaustralia.com.au, inflowfilter.com, shieldwaterfilter.com.au","cleanandclearwater.com.au, filtersystemsaustralia.com.au, waterfilter.net.au, waterscoaustralia.com.au","filtersystemsaustralia.com.au, lovable.app","alkaviva.com.au, filtersystemsaustralia.com.au",filtersystemsaustralia.com.au,filtersystemsaustralia.com.au
water filter replacement,36,27,18,0.448714771698761,0.551285228301239,0.463687150837989,0.322916663302951,0.677083326280382,2.18,,2.18,0,,0,38.64,,38.64,10,14,,wfa.com.au,False,False,,"filtersystemsaustralia.com.au, waterscoaustralia.com.au, irrigationexpress.com.au, psifilters.com.au, thinkwater.com.au","filtersystemsaustralia.com.au, purezafilters.com, waterscoaustralia.com.au",filtersystemsaustralia.com.au,filtersystemsaustralia.com.au,"alkaway.com.au, filtersystemsaustralia.com.au, cleanandclearwater.com.au"
water purifier system,36,52,12,0.7965625,0.2034375,0.666666666666667,,,4.0,,4.0,0,,0,77.73,,77.73,2,27,,filtersystemsaustralia.com.au,False,False,,"puratap.com.au, filtersystemsaustralia.com.au",,,,
water filters cheap,36,,24,,,,,,1.24,,1.24,0,,0,0.0,,0.0,2,23,,u-buy.com.au,False,False,"filtersystemsaustralia.com.au, temu.com",,,,,
water filter replacement cartridges,36,,24,0.345390625,0.654609375,0.3125,,,1.78,,1.78,0,,0,9.69,,9.69,3,3,,directpoolsupplies.com.au,False,False,waterscoaustralia.com.au,"filtersystemsaustralia.com.au, waterfilterdistributors.com.au",filtersystemsaustralia.com.au,,,
reverse osmosis filters,36,,22,0.375189633243677,0.624810366756323,0.392694063926941,0.375939846797445,0.624060145683758,1.71,,1.71,0,,0,24.66,,24.66,9,2,,philips.com.au,False,False,"filtersystemsaustralia.com.au, waterdropfilter.com.au, purewatersystems.com.au","filtersystemsaustralia.com.au, waterfilterguy.com.au","filtersystemsaustralia.com.au, filpure.com.au, waterscoaustralia.com.au, micronwaterfilters.com.au, philips.com.au",,,
rainwater filtration system,36,15,36,0.6235625,0.3764375,0.35,0.230769221893491,0.769230739644972,1.49,,1.49,0,,0,7.83,,7.83,5,5,,puretec.com.au,False,False,"filtersystemsaustralia.com.au, puretec.com.au","filtersystemsaustralia.com.au, psifilters.com.au, thinkwater.com.au",,uvguard.com,,
full house water filtration system,36,17,24,,,,,,,,,,,,,,,26,7,,fullhousewaterfiltration.com.au,False,False,"wateranalytics.com.au, filtersystemsaustralia.com.au, google.com, waterfilter.com.au, aquaserve.com.au, shieldwaterfilter.com.au, aewaterfilters.com, mrsplashplumbing.com.au","wateranalytics.com.au, waterfilter.com.au, filtersystemsaustralia.com.au, aquastream.com.au, waterfilterman.com.au, nexahomesolutions.com.au, mrsplashplumbing.com.au, google.com","networkplumbing.com.au, cleanandclearwater.com.au, filpure.com.au, purestwaterfiltration.com.au, purpleduck.com.au, safemains.com.au, wateranalytics.com.au, filtersystemsaustralia.com.au, collisbrosplumbing.com.au, lovable.app","filtap.com.au, smartenergy.co, purestwaterfiltration.com.au, hyperwellbeing.com.au, cleanandclearwater.com.au, wateranalytics.com.au, filpure.com.au, networkplumbing.com.au","waterfilter.com.au, cleanandclearwater.com.au, smartenergy.co, filtap.com.au, purestwaterfiltration.com.au, reactiveplumbingandelectrical.com.au, fullhousewaterfiltration.com.au, wateranalytics.com.au, filpure.com.au","filtersystemsaustralia.com.au, filpure.com.au, purestwaterfiltration.com.au, wateranalytics.com.au, waterfilter.com.au, cleanandclearwater.com.au"
aqua water filter,36,47,22,0.270888888888889,0.729111111111111,0.355555555555556,0.37931033174792,0.620689633769323,0.84,,0.84,0,,0,38.99,,38.99,4,18,,waterfilter.com.au,False,False,,"aquacoolerdirect.com.au, filtersystemsaustralia.com.au, alkaviva.com.au",aquacoolerdirect.com.au,"aquacoolerdirect.com.au, waterfilter.net.au",,
aqua pure water filter,36,,22,0.584890625,0.415109375,0.3625,0.499999995098039,0.499999995098039,1.76,,1.76,0,,0,24.15,,24.15,5,24,,aquapureltd.com,False,False,"purewatersystems.com.au, filtersystemsaustralia.com.au, discountfridgefilters.com.au, thewaterdepot.com.au","filtersystemsaustralia.com.au, discountfridgefilters.com.au, ebay.com.au",,,,
water filter tap replacement,36,,36,,,,,,0.96,,0.96,0,,0,4.04,,4.04,1,17,,auspurifiers.com.au,False,False,filtersystemsaustralia.com.au,,,,,
big blue filter,36,8,22,0.393454221165279,0.606545778834721,0.344827586206897,0.302631574965374,0.697368411876732,1.42,,1.42,0,,0,6.9,,6.9,2,1,,filtersystemsaustralia.com.au,False,False,,"psifilters.com.au, filtersystemsaustralia.com.au",,filtersystemsaustralia.com.au,,
filter systems australia review,36,,36,,,,,,3.31,,3.31,0,,0,0.0,,0.0,1,1,,productreview.com.au,False,False,filtersystemsaustralia.com.au,filtersystemsaustralia.com.au,filtersystemsaustralia.com.au,filtersystemsaustralia.com.au,filtersystemsaustralia.com.au,filtersystemsaustralia.com.au
uv water sterilizer,36,11,22,0.568431584640346,0.431568415359654,0.37984496124031,,,1.32,,1.32,0,,0,36.64,,36.64,1,2,,clarencewaterfilters.com.au,False,False,,filtersystemsaustralia.com.au,,,,
gravity water filter,36,17,22,0.58658617087314,0.41341382912686,0.385214007782101,0.32278480808364,0.677215185587246,1.16,,1.16,0,,0,9.59,,9.59,3,10,,livingwhole.com.au,False,False,,"filtersystemsaustralia.com.au, purezafilters.com, kynandfolk.com",,,,
filter housing,36,10,16,0.2811572265625,0.7188427734375,0.53125,0.199999993333334,0.799999973333334,1.83,,1.83,0,,0,6.03,,6.03,1,3,,puretec.com.au,False,False,,,,filtersystemsaustralia.com.au,filtersystemsaustralia.com.au,
water filter perth,36,,36,,,,,,1.86,,1.86,0,,0,0.42,,0.42,27,41,,simplyhotwaterperth.com.au,False,False,"puremainswater.com.au, aquastream.com.au, google.com, wateranalytics.com.au, aussienaturalfiltration.com.au","wateranalytics.com.au, inflowfilter.com, mrsippy.com, ecobud.com.au","purewaterfiltration.com.au, protocol-plumbing.com.au, wateranalytics.com.au","wateranalytics.com.au, dolphinhomefiltration.com.au, hydrotechgroup.com.au, clear2o.com.au, water2.com, inflowfilter.com, ourtaap.com, pure2o.com.au, purewaterfiltration.com.au, aquariuswaterfilters.com.au, cloudtap.com.au, urbanfuture.com.au, filtersystemsaustralia.com.au","northsidehomefiltration.com.au, cloudtap.com.au, urbanfuture.com.au, wateranalytics.com.au, dolphinhomefiltration.com.au, waterfilter.com.au, aquariuswaterfilters.com.au","waterfilter.com.au, hydrotechgroup.com.au, westozwaterfilters.com.au, westflowfiltration.com.au, wateranalytics.com.au, cloudtap.com.au, greatwaterfilters.com.au"
whole house water filtration system,36,20,26,0.487145130860903,0.512854869139097,0.255842558425584,0.262809916920975,0.737190081426132,1.82,,1.82,0,,0,41.41,,41.41,11,12,,filtersystemsaustralia.com.au,False,False,"waterfilter.com.au, google.com","filtersystemsaustralia.com.au, cloudtap.com.au, westozwaterfilters.com.au","filtersystemsaustralia.com.au, wateranalytics.com.au, thinkwater.com.au","filtersystemsaustralia.com.au, wateranalytics.com.au, hydrosmart.com.au, hydrotechgroup.com.au",,"filtersystemsaustralia.com.au, wateranalytics.com.au, thinkwater.com.au, springwellwater.com"
kitchen water filter,36,36,20,0.644632880267741,0.355367119732259,0.446280991735537,,,1.8,,1.8,0,,0,125.41,,125.41,3,11,,purewatersystems.com.au,False,False,,"filtersystemsaustralia.com.au, homewaterfiltration.com.au, filteredwatersolutions.com.au",,,,
reverse osmosis water filter bunnings,36,4,36,,,,,,0.72,,0.72,0,,0,0.0,,0.0,4,1,,bunnings.com.au,False,False,,"filtersystemsaustralia.com.au, waterdropfilter.com.au, bunnings.com.au",,"waterdropfilter.com.au, bunnings.com.au, carawater.com.au",,
electrolux water filter,36,8,22,0.551239265424759,0.448760734575241,0.367816091954023,0.599999989090909,0.399999992727273,1.75,,1.75,0,,0,34.18,,34.18,5,2,,electrolux.com.au,False,False,"discountfridgefilters.com.au, filtersystemsaustralia.com.au, shieldwaterfilter.com.au","discountfridgefilters.com.au, electrolux.com.au, ebay.com.au",,,,
clear choice water filters,36,13,36,0.581834319526627,0.418165680473373,0.296703296703297,0.546874991455078,0.453124992919922,3.59,,3.59,0,,0,5.6,,5.6,2,18,,clearchoicewaterfilters.com.au,False,False,,"filtersystemsaustralia.com.au, crystalpure.com.au",,filtersystemsaustralia.com.au,,
aqua blue water filter,36,9,18,,,,,,2.24,,2.24,0,,0,19.12,,19.12,4,15,,aquabluefilters.com.au,False,False,,"ebay.com.au, filtersystemsaustralia.com.au, discountfridgefilters.com.au",filtersystemsaustralia.com.au,,"ebay.com.au, discountfridgefilters.com.au, filtersystemsaustralia.com.au, perthappliancespares.com.au",
whole house water filter australia,36,26,36,,,,,,1.51,,1.51,0,,0,89.7,,89.7,13,17,,puretec.com.au,False,False,filtersystemsaustralia.com.au,"filtersystemsaustralia.com.au, wateranalytics.com.au, psifilters.com.au, thinkwater.com.au",filtersystemsaustralia.com.au,,wateranalytics.com.au,
water filter housing,36,,22,0.38650390625,0.61349609375,0.3875,0.397959179612661,0.602040810183257,1.1,,1.1,0,,0,14.85,,14.85,1,1,,filtersystemsaustralia.com.au,False,False,filtersystemsaustralia.com.au,,,,,
irrigation store online,36,57,,,,,,,6.94,,6.94,0,,0,8.45,,8.45,7,41,,irrigationstore.com.au,False,False,"irrigationstore.com.au, irrigationonline.co.uk","filtersystemsaustralia.com.au, irrigationstore.com.au, google.com","irrigationstore.com.au, sunshoweronline.com.au, thelandscapestore.com.au","irrigationstore.com.au, sunshoweronline.com.au, irrigationonline.co.uk","thelandscapestore.com.au, irrigationexpress.com.au","thelandscapestore.com.au, irrigationstore.com.au"
awesome water filters,36,6,36,,,,,,0.87,,0.87,0,,0,0.0,,0.0,9,10,,awesomewater.com,False,False,waterscoaustralia.com.au,"filtersystemsaustralia.com.au, mywaterfilter.com.au, inflowfilter.com, purewatersystems.com.au, awesomewater.com","awesomewater.com, alkaviva.com.au, filtersystemsaustralia.com.au, heppi.com.au, purewaterfiltration.com.au",,awesomewater.com,
under sink ro system,36,13,36,0.603601168736304,0.396398831263696,0.216216216216216,0.482758604042807,0.517241361474436,2.09,,2.09,0,,0,0.0,,0.0,3,4,,filtersystemsaustralia.com.au,False,False,"puretec.com.au, waterscoaustralia.com.au, filtersystemsaustralia.com.au",,,,,
portable reverse osmosis water filter,36,10,18,0.731284722222222,0.268715277777778,0.5,,,1.35,,1.35,0,,0,16.66,,16.66,4,2,,purewatersystems.com.au,False,False,"filtersystemsaustralia.com.au, ultralightgear.com.au, waterscoaustralia.com.au, lediwatermaker.com",,,,,
1 micron filter,36,10,18,0.375817174515235,0.624182825484764,0.5,,,1.02,,1.02,0,,0,1.05,,1.05,1,1,,kegland.com.au,False,False,,filtersystemsaustralia.com.au,,filtersystemsaustralia.com.au,,
water tank filter,36,,0,,,,,,1.02,,1.02,0,,0,23.59,,23.59,4,3,,electel.net.au,False,False,"filtersystemsaustralia.com.au, puretec.com.au, google.com","puretec.com.au, filtersystemsaustralia.com.au","filtersystemsaustralia.com.au, puretec.com.au","filtersystemsaustralia.com.au, puretec.com.au, completehomefiltration.com.au",filtersystemsaustralia.com.au,
ro system,36,22,16,0.562486028271337,0.437513971728663,0.520153550863724,0.347999998608,0.651999997392,1.85,,1.85,0,,0,79.58,,79.58,11,8,,filtersystemsaustralia.com.au,False,False,google.com,"waterdropfilter.com.au, realwater.au, philips.com.au, shieldwaterfilter.com.au","filtersystemsaustralia.com.au, lordsplumbing.com.au, waterdropfilter.com.au, purewatersystems.com.au, psifilters.com.au","filtersystemsaustralia.com.au, waterfilter.net.au, waterdropfilter.com.au, reefpurero.com.au",,filtersystemsaustralia.com.au
kdf filter,36,5,22,0.41258034026465,0.58741965973535,0.391304347826087,0.26785713807398,0.732142844068878,0.58,,0.58,0,,0,0.94,,0.94,1,1,,micronwaterfilters.com.au,False,False,filtersystemsaustralia.com.au,,,,,
pressure washer o rings,36,14,36,0.866205357142857,0.133794642857143,0.535714285714286,0.307692295857989,0.692307665680474,0.57,,0.57,0,,0,1.06,,1.06,1,0,,bunnings.com.au,False,False,,,,,,filtersystemsaustralia.com.au
aquamira filter,36,,24,,,,,,,,,,,,,,,2,,,,False,False,"filtersystemsaustralia.com.au, ultralightgear.com.au",,,,,
full house water filter system,36,17,22,,,,,,,,,,,,,,,6,5,,puretec.com.au,False,False,"aquastream.com.au, google.com",,,,,wateranalytics.com.au
under sink water filtration,36,17,26,0.351804733727811,0.648195266272189,0.230769230769231,,,1.12,,1.12,1,,1,218.82,,218.82,3,2,,purewatersystems.com.au,False,False,filtersystemsaustralia.com.au,cleanandclearwater.com.au,,,,completehomefiltration.com.au
kitchen sink filter,36,24,12,0.525555555555556,0.474444444444444,0.666666666666667,,,0.79,,0.79,0,,0,5.1,,5.1,1,9,,purewatersystems.com.au,False,False,,filtersystemsaustralia.com.au,,,,
water filters adelaide,36,,36,,,,,,2.18,,2.18,0,,0,22.3,,22.3,4,34,,rightnowplumbingadelaide.com.au,False,False,"ctfiltration.com.au, purewatersystems.com.au, google.com",filtersystemsaustralia.com.au,,,,
rainwater filter system,36,13,18,,,,,,1.14,,1.14,0,,0,0.64,,0.64,4,7,,tankdoctor.com.au,False,False,google.com,"filtersystemsaustralia.com.au, puretec.com.au, thinkwater.com.au",,,,
rainwater tank filter,36,13,36,,,,,,1.24,,1.24,0,,0,56.44,,56.44,7,1,,tankshop.com.au,False,False,"puretec.com.au, filtermate.com.au, realwater.au, filtersystemsaustralia.com.au",,"wateranalytics.com.au, puretec.com.au, filtersystemsaustralia.com.au, psifilters.com.au","waterfilter.com.au, puretec.com.au, filtersystemsaustralia.com.au",,
rv water filter,36,15,22,0.704566485754132,0.295433514245868,0.39344262295082,0.432432431533404,0.567567566387594,0.77,,0.77,0,,0,11.91,,11.91,1,3,,bestwaterfilters.com.au,False,False,,filtersystemsaustralia.com.au,,,,
water filters brisbane,36,70,36,,,,,,2.04,,2.04,0,,0,42.56,,42.56,7,36,,waterfilterworldaustralia.com.au,False,False,"psifilters.com.au, filtersystemsaustralia.com.au, purewaterfiltration.com.au",filtersystemsaustralia.com.au,"filtersystemsaustralia.com.au, cooeewater.com.au, pacificsprings.com.au, homewaterfiltration.com.au",,water-filter-sentry.com.au,filtersystemsaustralia.com.au
under sink water filters,36,,26,0.292076416015625,0.707923583984375,0.234375,0.357142853498542,0.642857136297376,1.92,,1.92,0,,0,109.72,,109.72,6,1,,zipwater.com,False,False,"filtersystemsaustralia.com.au, waterfilter.net.au","trendhs.com.au, filtersystemsaustralia.com.au, puretec.com.au, sunshinecoastwaterfilters.com.au",filpure.com.au,,,
water softener system,36,12,22,0.639573892348073,0.360426107651927,0.368100825727944,0.335625859466557,0.664374139845685,1.7,,1.7,0,,0,125.81,,125.81,6,2,,landwater.com.au,False,False,,"filtersystemsaustralia.com.au, hydrosmart.com.au",filtersystemsaustralia.com.au,,wateranalytics.com.au,"completehomefiltration.com.au, wilcoplumbing.com.au, fixnflow.com.au, wateranalytics.com.au"
cheap water filter,36,18,26,0.1860625,0.8139375,0.275,0.241379302021403,0.758620663495839,1.24,,1.24,0,,0,11.42,,11.42,1,0,,jbhifi.com.au,False,False,,filtersystemsaustralia.com.au,,,,
limescale filter,36,34,36,,,,,,1.35,,1.35,0,,0,1.52,,1.52,4,0,,woolworths.com.au,False,False,,"carefree.com.au, filtersystemsaustralia.com.au, psifilters.com.au, alkaviva.com.au",,,,
tank water filter,36,,10,,,,,,1.11,,1.11,0,,0,57.43,,57.43,3,12,,tankshop.com.au,False,False,"filtersystemsaustralia.com.au, puretec.com.au, aquastream.com.au",,,,,
replacement water filters,36,,20,0.661136228435455,0.338863771564545,0.448780487804878,0.45132742963427,0.548672561516172,2.18,,2.18,0,,0,8.36,,8.36,3,14,,zipwater.com,False,False,"shieldwaterfilter.com.au, waterscoaustralia.com.au",filtersystemsaustralia.com.au,filtersystemsaustralia.com.au,filtersystemsaustralia.com.au,,
under sink water purifier,36,18,20,0.525555555555556,0.474444444444444,0.404761904761905,0.359999985600001,0.639999974400001,1.21,,1.21,0,,0,55.92,,55.92,5,2,,purewatersystems.com.au,False,False,,"filtersystemsaustralia.com.au, puretec.com.au, waterfilter.net.au",,,"completehomefiltration.com.au, waterfilter.com.au",
disc magnets,36,3,20,0.497357266435986,0.502642733564014,0.441176470588235,0.289473676592798,0.710526297091413,0.94,,0.94,0,,0,1.19,,1.19,3,1,,bunnings.com.au,False,False,,,,"magnet.com.au, aussiemagnets.com.au, filtersystemsaustralia.com.au",magnet.com.au,
whole house water filter system,36,28,22,0.619704265075887,0.380295734924113,0.398648648648649,0.325842695408829,0.674157300845853,1.73,,1.73,0,,0,120.0,,120.0,12,10,,crystalclearfiltration.com.au,False,False,"aquastream.com.au, filtersystemsaustralia.com.au","filtersystemsaustralia.com.au, google.com","wateranalytics.com.au, cleanandclearwater.com.au","filtersystemsaustralia.com.au, wateranalytics.com.au, cleanandclearwater.com.au, alkaviva.com.au",,
ro unit,36,17,18,0.450029585798817,0.549970414201183,0.5,0.576923054733729,0.423076906804734,1.89,,1.89,0,,0,23.61,,23.61,4,5,,purewatersystems.com.au,False,False,,"filtersystemsaustralia.com.au, psifilters.com.au, centurionaprs.com, waterdropfilter.com.au",filtersystemsaustralia.com.au,,,
home filtration system,36,27,20,0.520142857142857,0.479857142857143,0.414285714285714,0.219512189767995,0.780487785841761,,,,,,,,,,15,26,,teamsmartfix.com.au,False,False,"wateranalytics.com.au, waterfilter.com.au, purewaterfiltration.com.au, nexahomesolutions.com.au",aquastream.com.au,"wateranalytics.com.au, filtersystemsaustralia.com.au, greatwaterfilters.com.au, thinkwater.com.au, comparewaterfilters.com.au",,,
gac filter,36,8,14,0.492117202268431,0.507882797731569,0.623188405797101,0.346153832840237,0.653846128698226,1.84,,1.84,0,,0,0.0,,0.0,1,7,,clarencewaterfilters.com.au,False,False,,,filtersystemsaustralia.com.au,,,
ro water machine,36,20,18,,,,,,0.13,,0.13,0,,0,0.0,,0.0,5,10,,purewatersystems.com.au,False,False,,"filtersystemsaustralia.com.au, psifilters.com.au, aquapax.com.au, waterdropfilter.com.au, highfine-en.com",waterdropfilter.com.au,,,
cto filter,36,,16,0.309854318418314,0.690145681581686,0.548387096774194,,,0.65,,0.65,0,,0,0.0,,0.0,1,,,,False,False,filtersystemsaustralia.com.au,,,,,
o rings australia,36,20,36,,,,,,1.22,,1.22,0,,0,5.52,,5.52,15,0,,fixplusaustralia.com.au,False,False,"renseal-srp.com.au, fluidseals.com.au, digikey.com.au, sprayerwarehouse.com.au, hsa.com.au, filtersystemsaustralia.com.au, google.com, o-ring-stocks.eu, bfmaustralia.com.au, fusterubberseal.com",,,,"filtersystemsaustralia.com.au, wurth.com.au, rs-online.com, ausrubberservice.com.au, tucks.com.au","o-ring-stocks.eu, wurth.com.au, filtersystemsaustralia.com.au, rs-online.com, digikey.com.au, ausrubberservice.com.au, fluidseals.com.au, smallparts.com.au"
water filters sydney,36,,36,,,,,,4.14,,4.14,0,,0,70.09,,70.09,20,38,,waterscore.com.au,False,False,"hydraflo.com.au, filtersforyou.com.au, waterscoaustralia.com.au, aquaserve.com.au, inflowfilter.com, cleanandclearwater.com.au, google.com","hydraflo.com.au, lovable.app, filtersystemsaustralia.com.au, cleanandclearwater.com.au, google.com","waterfilter.net.au, hydraflo.com.au, purewaterfiltration.com.au, filtersystemsaustralia.com.au, lovable.app, minthomefiltration.com, cleanandclearwater.com.au",filtersystemsaustralia.com.au,"waterfilter.com.au, yakkazplumbing.com.au","filtersystemsaustralia.com.au, watercoolersuperstore.com.au, filtap.com.au, filtermate.com.au, waterscoaustralia.com.au, cleanandclearwater.com.au, filteredwatersolutions.com.au, waterfilter.com.au"
home water filtration systems,36,,24,0.629601664684899,0.370398335315101,0.301724137931034,,,2.14,,2.14,0,,0,94.34,,94.34,13,20,,freshwatersystems.com.au,False,False,"google.com, homewaterfiltration.com.au, wateranalytics.com.au","wateranalytics.com.au, filtersystemsaustralia.com.au","homewaterfiltration.com.au, wateranalytics.com.au, filtersystemsaustralia.com.au","wateranalytics.com.au, homewaterfiltration.com.au","purestwaterfiltration.com.au, fullhousewaterfiltration.com.au, wateranalytics.com.au, philips.com.au","wateranalytics.com.au, filpure.com.au, purestwaterfiltration.com.au, thehomewaterfilterguy.com.au, homewaterfiltration.com.au, filtersystemsaustralia.com.au, aquala.au, waterscoaustralia.com.au, cleanandclearwater.com.au"
how does reverse osmosis work,36,8,22,0.549104955370883,0.450895044629117,0.389473684210526,0.0517241376337693,0.948275856619104,1.91,,1.91,0,,0,0.0,,0.0,5,0,,reddit.com,True,False,,"waterdropfilter.com.au, filtersystemsaustralia.com.au",,,,"completehomefiltration.com.au, filtersystemsaustralia.com.au, waterdropfilter.com.au"
waterfilter,36,,14,0.467138888888889,0.532861111111111,0.616666666666667,0.304347812854443,0.695652143667298,,,,,,,,,,4,38,,philips.com.au,False,False,"filtersystemsaustralia.com.au, mywaterfilter.com.au, waterfilter.net.au",culligan.com.au,,,,
push to connect fittings,36,12,18,0.41425878445312,0.58574121554688,0.488549618320611,0.246268654878592,0.753731337658721,0.48,,0.48,0,,0,0.14,,0.14,3,1,,valvesonline.com.au,False,False,,,,"airparts.com.au, rs-online.com, filtersystemsaustralia.com.au","rs-online.com, airparts.com.au",
water filter systems,36,,18,0.462325706980537,0.537674293019463,0.476525821596244,0.345291478272236,0.65470851724346,2.42,,2.42,0,,0,59.87,,59.87,29,25,,freshwatersystems.com.au,False,False,"filtersystemsaustralia.com.au, google.com, waterscoaustralia.com.au, inflowfilter.com, aquaserve.com.au, shieldwaterfilter.com.au, wateranalytics.com.au","filtersystemsaustralia.com.au, waterfilter.net.au, waterscoaustralia.com.au, purewatersystems.com.au, wateranalytics.com.au, mrsplashplumbing.com.au","filtersystemsaustralia.com.au, networkplumbing.com.au, wateranalytics.com.au, purpleduck.com.au, filpure.com.au, minthomefiltration.com","filtersystemsaustralia.com.au, smartenergy.co, homewaterfiltration.com.au, wateranalytics.com.au","reactiveplumbingandelectrical.com.au, smartenergy.co, waterfilter.com.au, valueh2o.com.au, wateranalytics.com.au, filtersystemsaustralia.com.au, cleanandclearwater.com.au, filpure.com.au",filtersystemsaustralia.com.au
uv light water filter,36,,20,0.684913580246914,0.315086419753086,0.422222222222222,0.384615369822486,0.615384591715977,1.18,,1.18,0,,0,2.9,,2.9,3,2,,thefishworks.com.au,False,False,ultraaqua.com,filtersystemsaustralia.com.au,,,,
full home water filtration system,36,24,28,0.296354453627181,0.703645546372819,0.212121212121212,0.423076906804734,0.576923054733729,,,,,,,,,,27,14,,completehomefiltration.com.au,False,False,"google.com, wateranalytics.com.au, waterfilter.com.au, filtersforyou.com.au, aquaserve.com.au, inflowfilter.com, filtersystemsaustralia.com.au, shieldwaterfilter.com.au, mrsplashplumbing.com.au","wateranalytics.com.au, waterfilter.com.au, cleanandclearwater.com.au, purewaterfiltration.com.au, purestwaterfiltration.com.au, filtap.com.au, filtermate.com.au, mrsplashplumbing.com.au, google.com","wateranalytics.com.au, purestwaterfiltration.com.au, cleanandclearwater.com.au, filtersystemsaustralia.com.au, networkplumbing.com.au, purpleduck.com.au, safemains.com.au, ecovenza.com, minthomefiltration.com, filpure.com.au, tryselene.com.au, fullhousefiltration.com.au, pureflowfiltration.com.au, purewaterfiltration.com.au","wateranalytics.com.au, smartenergy.co, cleanandclearwater.com.au, filtap.com.au, purestwaterfiltration.com.au, networkplumbing.com.au","waterfilter.com.au, smartenergy.co, wateranalytics.com.au, cleanandclearwater.com.au, filtap.com.au, purestwaterfiltration.com.au, reactiveplumbingandelectrical.com.au, filpure.com.au","wateranalytics.com.au, cleanandclearwater.com.au, smartenergy.co, waterfilter.com.au, purestwaterfiltration.com.au, filpure.com.au"
filter system,36,,2,,,,,,0.52,,0.52,0,,0,4.27,,4.27,1,27,,freshwatersystems.com.au,False,False,filtersystemsaustralia.com.au,filtersystemsaustralia.com.au,,,,
water filtration sydney,36,,36,,,,,,4.74,,4.74,0,,0,16.22,,16.22,41,28,,makwater.com.au,False,False,"hydraflo.com.au, filtersforyou.com.au, google.com, aquaserve.com.au, freshfilteredwater.com.au, cleanandclearwater.com.au, smarth2o.com.au, filtersystemsaustralia.com.au, wateranalytics.com.au, shieldwaterfilter.com.au, waterscoaustralia.com.au","hydraflo.com.au, lovable.app, purewaterfiltration.com.au, cleanandclearwater.com.au, safemains.com.au, waterfilter.net.au, minthomefiltration.com, filtap.com.au, rixsplumbing.com.au, purpleduck.com.au, thewaterfiltrationcompany.com.au","collisbrosplumbing.com.au, samedayhomeservices.com.au, purpleduck.com.au, safemains.com.au, wateranalytics.com.au, filpure.com.au, purewaterfiltration.com.au, cleanandclearwater.com.au, filtap.com.au, hydraflo.com.au, valueh2o.com.au, elkay.com, lovable.app, minthomefiltration.com, filtersystemsaustralia.com.au, inflowfilter.com, buildmat.com.au, comparewaterfilters.com.au, watershop.com.au","wateranalytics.com.au, filpure.com.au, filtersystemsaustralia.com.au, filtap.com.au, collisbrosplumbing.com.au, samedayhomeservices.com.au, purewaterfiltration.com.au, bespokewater.com.au, cleanandclearwater.com.au, valueh2o.com.au","emergencyhomeservices.com.au, waterfilter.com.au, wateranalytics.com.au, valueh2o.com.au, filtersystemsaustralia.com.au, cleanandclearwater.com.au, yakkazplumbing.com.au, bespokewater.com.au, collisbrosplumbing.com.au, filpure.com.au, hydraflo.com.au, samedayhomeservices.com.au, filtap.com.au","filtersystemsaustralia.com.au, smarth2o.com.au, purestwaterfiltration.com.au, thewaterfiltrationcompany.com.au, emergencyhomeservices.com.au, wateranalytics.com.au, collisbrosplumbing.com.au, filtap.com.au, valueh2o.com.au, springwellwater.com"
whole home water filter,36,28,24,0.737933104131461,0.262066895868539,0.338422391857506,0.276923075857988,0.723076920295858,1.5,,1.5,0,,0,132.94,,132.94,5,14,,selectplumbingandgas.com.au,False,False,"waterfilter.com.au, filtersystemsaustralia.com.au, wateranalytics.com.au",,"puretec.com.au, wateranalytics.com.au, filtersystemsaustralia.com.au",,,
aqua filter,36,32,16,0.407716262975779,0.592283737024221,0.544117647058824,0.451612888657649,0.548387079084288,1.33,,1.33,0,,0,24.05,,24.05,2,31,,aquacoolerdirect.com.au,False,False,,filtersystemsaustralia.com.au,"filtersystemsaustralia.com.au, aquacoolerdirect.com.au",,aquacoolerdirect.com.au,
water cooler for home,36,26,24,0.67385798816568,0.32614201183432,0.323076923076923,0.551136360504907,0.448863633813275,1.51,,1.51,0,,0,21.25,,21.25,19,8,,neverfail.com.au,False,False,"aussienaturalfiltration.com.au, officeworks.com.au, google.com, aussienatural.net.au, watercoolersuperstore.com.au, neverfail.com.au, kogan.com","aquacoolerdirect.com.au, officeworks.com.au, aussienatural.net.au, filtersystemsaustralia.com.au, philips.com.au, aussienaturalfiltration.com.au","aussienatural.net.au, watercoolersuperstore.com.au, aquacoolerdirect.com.au, officeworks.com.au, neverfail.com.au, bigwet.com.au, waddisprings.com.au","aussienatural.net.au, neverfail.com.au, officeworks.com.au, watercoolersuperstore.com.au, pacificsprings.com.au, aquacoolerdirect.com.au, bigwet.com.au","aussienatural.net.au, aquacoolerdirect.com.au, watercoolersuperstore.com.au, neverfail.com.au, bigwet.com.au","aussienatural.net.au, valueh2o.com.au, aquacoolerdirect.com.au, neverfail.com.au, officeworks.com.au, bigwet.com.au, watercoolersuperstore.com.au"
ro membrane,36,,18,0.54371100009426,0.45628899990574,0.485436893203884,,,2.35,,2.35,0,,0,33.71,,33.71,3,2,,alfalaval.com.au,False,False,ixro.com.au,"waterfilter.net.au, filtersystemsaustralia.com.au",,,,
sediment filter,36,13,20,0.596129477571802,0.403870522428198,0.452095808383234,0.338797812356296,0.661202182179223,0.79,,0.79,0,,0,4.36,,4.36,1,3,,filtersystemsaustralia.com.au,False,False,,filtersystemsaustralia.com.au,filtersystemsaustralia.com.au,,,
activated carbon filtration,36,,12,,,,,,,,,0,,0,10.25,,10.25,1,2,,waterworld.com,False,False,filtersystemsaustralia.com.au,,,,,
reverse osmosis machine,36,,20,0.51032,0.48968,0.44,,,2.87,,2.87,0,,0,6.82,,6.82,2,4,,philips.com.au,False,False,"filtersystemsaustralia.com.au, psifilters.com.au",,,,,
water filter company,36,,24,0.2590625,0.7409375,0.333333333333333,,,5.7,,5.7,0,,0,3.91,,3.91,4,54,,youtube.com,False,False,ctfiltration.com.au,"wateranalytics.com.au, filtersystemsaustralia.com.au, waterfiltercompany.co.nz",,,,
filter cartridge,36,17,12,0.42625,0.57375,0.676470588235294,,,2.04,,2.04,0,,0,8.49,,8.49,4,3,,filtersystemsaustralia.com.au,False,False,,,,,"filtersystemsaustralia.com.au, hyperwellbeing.com.au, mrpoolman.com.au, rs-online.com",
reverse osmosis water filtration,36,22,22,0.525555555555556,0.474444444444444,0.386473429951691,0.212598423522847,0.787401568603137,2.84,,2.84,0,,0,40.36,,40.36,2,8,,filtersystemsaustralia.com.au,False,False,,filtersystemsaustralia.com.au,,,,
reverse osmosis water filtration system,36,21,22,0.543861802533131,0.456138197466869,0.363636363636364,0.346153844251902,0.653846150253593,1.77,,1.77,0,,0,22.83,,22.83,7,8,,filtersystemsaustralia.com.au,False,False,,"philips.com.au, filtersystemsaustralia.com.au",filtersystemsaustralia.com.au,"filpure.com.au, philips.com.au, cleanandclearwater.com.au","filtersystemsaustralia.com.au, waterfilter.net.au, waterdropfilter.com.au, waterscoaustralia.com.au",
whole home water filtration,36,,26,0.598,0.402,0.269565217391304,,,,,,,,,,,,15,11,,homewater.com,False,False,"google.com, wateranalytics.com.au, waterfilter.com.au","homewaterfiltration.com.au, waterfilter.com.au, wateranalytics.com.au, cleanandclearwater.com.au",wateranalytics.com.au,"networkplumbing.com.au, wateranalytics.com.au, cleanandclearwater.com.au, purpleduck.com.au","wateranalytics.com.au, filtersystemsaustralia.com.au","completehomefiltration.com.au, puremainswater.com.au, wateranalytics.com.au, cloudtap.com.au"
fsaa australia,,,,,,,,,,,,,,,,,,1,6,,fsaa.org.au,False,False,,filtersystemsaustralia.com.au,,,,
awesome water filters replacement,,,,,,,,,0.57,,0.57,0,,0,0.0,,0.0,3,30,,awesomewaterfilters.com.au,False,False,,,"awesomewater.com, ebay.com.au, filtersystemsaustralia.com.au","awesomewater.com, ebay.com.au, filtersystemsaustralia.com.au","awesomewater.com, ebay.com.au, filtersystemsaustralia.com.au",
best caravan water filters australia,,,,,,,,,,,,,,,,,,3,11,,bestwaterfilters.com.au,False,False,"completehomefiltration.com.au, outbackequipment.com.au, filtersystemsaustralia.com.au",,,,,
water filter ballarat,,,,,,,,,,,,,,,,,,5,31,,greatwaterfilters.com.au,False,False,"completehomefiltration.com.au, cleanandclearwater.com.au, filtersystemsaustralia.com.au, purewatersystems.com.au, tappwater.com.au",,,,,
best undersink water filter australia,,,,,,,,,,,,,,,,,,7,13,,livingwhole.com.au,False,False,,,,,,
on tap filters,,,,,,,,,,,,,,,,,,3,10,,brita.com.au,False,False,,,,cnfilter.net,,"filtersystemsaustralia.com.au, ccwt.com.au"
innovia water filters,,,,,,,,,0.96,,0.96,0,,0,0.0,,0.0,5,8,,purchasenetwork.com.au,False,False,,,,,,thewatershop.com.au
inline water filters australia,,,,,,,,,1.69,,1.69,0,,0,0.0,,0.0,5,24,,wfa.com.au,False,False,,"completehomefiltration.com.au, purewatersystems.com.au, filtersystemsaustralia.com.au, bestproductsaustralia.com",,,,
rain water filtration system adelaide,,,,,,,,,,,,,,,,,,6,,,,False,False,"wateranalytics.com.au, puretec.com.au, filtecwater.com, aemgroup.net.au, filtersystemsaustralia.com.au","wateranalytics.com.au, filtecwater.com, teampoly.com.au, puretec.com.au",,,,
whole house fluoride filters brisbane,,,,,,,,,,,,,,,,,,5,,,,False,False,"completehomefiltration.com.au, wateranalytics.com.au, homewaterfiltration.com.au, waterscoaustralia.com.au",filtersystemsaustralia.com.au,,,,
whole house water filtration system adelaide,,,,,,,,,,,,,,,,,,7,,,,False,False,"wateranalytics.com.au, puretec.com.au, filtersystemsaustralia.com.au","wateranalytics.com.au, levelau.com.au, filtersystemsaustralia.com.au, greatwaterfilters.com.au, daveywater.com, aemgroup.net.au",,,,
what is the healthiest way to filter tap water,,,,,,,,,,,,,,,,,,3,,,,True,False,"waterscoaustralia.com.au, filtersystemsaustralia.com.au, puurefilters.com",,,,,
home water filter system australia,,,,,,,,,,,,,,,,,,12,50,,freshwatersystems.com.au,False,False,"koalaplumbingadelaide.com.au, wateranalytics.com.au, filtersystemsaustralia.com.au, puretec.com.au","wateranalytics.com.au, clickcease.com, aquala.au, puretec.com.au, cleanandclearwater.com.au, philips.com.au, filtersystemsaustralia.com.au, hyperwellbeing.com.au, hydrotechgroup.com.au",,,,
whole house fluoride filter adelaide,,,,,,,,,,,,,,,,,,3,,,,False,False,wateranalytics.com.au,"wateranalytics.com.au, filtersystemsaustralia.com.au, aquala.au",,,,
clear water filter australia,,,,,,,,,,,,,,,,,,4,,,,False,False,filtersystemsaustralia.com.au,"cleanandclearwater.com.au, waterscoaustralia.com.au, filtersystemsaustralia.com.au, ovio.com",,,,
whole house rainwater filtration systems sydney,,,,,,,,,,,,,,,,,,8,,,,False,False,"wateranalytics.com.au, filpure.com.au, cleanandclearwater.com.au, envirosolutions.com.au, purestwaterfiltration.com.au, filtersystemsaustralia.com.au, bespokewater.com.au, puretec.com.au",,,,,
3 stage filter system for home,,,,,,,,,,,,,,,,,,3,,,,False,False,"waterfilter.com.au, puretec.com.au, filtersystemsaustralia.com.au",,,,,
a water filter or reverse osmosis,,,,,,,,,,,,,,,,,,3,,,,False,False,"filtersystemsaustralia.com.au, purestwaterfiltration.com.au, kuvings.com.au",,,,,
rainwater filter system for home,,,,,,,,,,,,,,,,,,6,,,,False,False,completehomefiltration.com.au,"puretec.com.au, wateranalytics.com.au, filtersystemsaustralia.com.au, daveywater.com, cloudtap.com.au",,,,
fluoride water filter system brisbane,,,,,,,,,,,,,,,,,,4,,,,False,False,wateranalytics.com.au,"wateranalytics.com.au, filteredwatersolutions.com.au, filtersystemsaustralia.com.au, homewaterfiltration.com.au",,,,
whole house rainwater filtration systems melbourne,,,,,,,,,,,,,,,,,,6,,,,False,False,"cleanandclearwater.com.au, wateranalytics.com.au, filtap.com.au, puretec.com.au","wateranalytics.com.au, demandfiltration.com.au, filtersystemsaustralia.com.au, cleanandclearwater.com.au",,,,
whole house water filtration adelaide,,,,,,,,,,,,,,,,,,2,,,,False,False,"wateranalytics.com.au, filtersystemsaustralia.com.au",wateranalytics.com.au,,,,
rainwater filter systems for home sydney,,,,,,,,,,,,,,,,,,8,,,,False,False,"wateranalytics.com.au, puretec.com.au, filtersystemsaustralia.com.au, daveywater.com","wateranalytics.com.au, filtap.com.au, kingspanwatertanks.com.au, purestwaterfiltration.com.au, puretec.com.au, aussiewatersavers.com.au",,,,
rain water filtration systems brisbane,,,,,,,,,,,,,,,,,,4,,,,False,False,"wateranalytics.com.au, filtecwater.com, filtersystemsaustralia.com.au, puretec.com.au",,,,,
reverse osmosis water filters adelaide,,,,,,,,,,,,,,,,,,1,,,,False,False,filtersystemsaustralia.com.au,,,,,
3 stage home water filter,,,,,,,,,,,,,,,,,,2,,,,False,False,"filtersystemsaustralia.com.au, waterfilter.com.au",,,,,
domestic water filters australia,,,,,,,,,1.63,,1.63,0,,0,0.48,,0.48,1,,,,False,False,filtersystemsaustralia.com.au,,,,,
home water filtration system cost brisbane,,,,,,,,,,,,,,,,,,7,,,,False,False,"wateranalytics.com.au, homewaterfiltration.com.au, filtersystemsaustralia.com.au, completehomefiltration.com.au","wateranalytics.com.au, homewaterfiltration.com.au, filteredwatersolutions.com.au, jilawater.com.au, aquatech.com.au",,,,
whole house rainwater filtration systems brisbane,,,,,,,,,,,,,,,,,,4,,,,False,False,wateranalytics.com.au,"filtersystemsaustralia.com.au, wateranalytics.com.au, homewaterfiltration.com.au, daveywater.com",,,,
pond filter system supplier online,,,,,,,,,,,,,,,,,,3,,,,False,False,"filtersystemsaustralia.com.au, aquaproonline.com.au, diymegastore.com.au",,,,,
whole house water filtration melbourne,,,,,,,,,,,,,,,,,,8,,,,False,False,"fullhousefiltration.com.au, wateranalytics.com.au","wateranalytics.com.au, demandfiltration.com.au, filtap.com.au, filtersystemsaustralia.com.au","wateranalytics.com.au, cleanandclearwater.com.au, filtap.com.au, pureflowfiltration.com.au, filteredwatersolutions.com.au",,,
earthcore tap timers & sprinklers,,,,,,,,,,,,,,,,,,3,,,,False,False,"hoselink.com.au, filtersystemsaustralia.com.au, duralirrigation.com.au",,,,,
which countertop water filter removes the most contaminants,,,,,,,,,,,,,,,,,,4,,,,True,False,"waterscoaustralia.com.au, bestproductsaustralia.com, filtersystemsaustralia.com.au, oneclearwinner.com.au",,,,,
ap easy complete,,,,,,,,,,,,,,,,,,2,,,,False,False,"alkaviva.com.au, filtersystemsaustralia.com.au",,,,,
sewage systems australia,,,,,,,,,1.78,,1.78,0,,0,0.0,,0.0,3,35,,waterquality.gov.au,False,False,,,,,,
5 stage reverse osmosis replacement filter kit,,,,,,,,,,,,,,,,,,1,,,,False,False,filtersystemsaustralia.com.au,,,,,
how to pick a water filter,,,,,,,,,,,,,,,,,,4,,,,True,False,"filtersystemsaustralia.com.au, buildmat.com.au, waterdropfilter.com.au, choice.com.au",,,,,
clear choice water filtration,,,,,,,,,1.78,,1.78,0,,0,0.0,,0.0,1,17,,aquascienceaz.com,False,False,filtersystemsaustralia.com.au,,,,,
water filters do they work,,,,,,,,,,,,,,,,,,1,,,,False,False,filtersystemsaustralia.com.au,,,,,
ionized water australia,,,,,,,,,,,,,,,,,,5,14,,alkaviva.com.au,False,False,,,,,,
bio1000,,,,,,,,,,,,,,,,,,2,,,,False,False,"waterscoaustralia.com.au, filtersystemsaustralia.com.au",,,,,
cck water filter,,,,,,,,,,,,,,,,,,2,,,,False,False,"filtersystemsaustralia.com.au, waterfilter.net.au",,,,,
which type of filter is most effective for water?,,,,,,,,,,,,,,,,,,2,,,,True,False,"filtersystemsaustralia.com.au, ecobud.com.au",,,,,
whole house water filters brisbane,,,,,,,,,,,,,,,,,,3,,,,False,False,"wateranalytics.com.au, filtersystemsaustralia.com.au, homewaterfiltration.com.au",,,,,
whole house water filter systems comparison australia,,,,,,,,,2.34,,2.34,0,,0,0.0,,0.0,10,21,,healthywaterways.org,False,False,"wateranalytics.com.au, filtersystemsaustralia.com.au, cleanandclearwater.com.au, cloudtap.com.au, puretec.com.au","filtersystemsaustralia.com.au, urbanfuture.com.au, cloudtap.com.au, wateranalytics.com.au, aquala.au, homewaterfiltration.com.au, filpure.com.au, cleanandclearwater.com.au, puretec.com.au, waterfilter.direct",,,,
whole house water filtration system melbourne,,,,,,,,,,,,,,,,,,3,,,,False,False,"wateranalytics.com.au, filtap.com.au, filtersystemsaustralia.com.au",,,,,
rm33 blizzard,,,,,,,,,,,,,,,,,,1,,,,False,False,filtersystemsaustralia.com.au,,,,,
whole house fluoride filter brisbane,,,,,,,,,,,,,,,,,,6,,,,False,False,"completehomefiltration.com.au, wateranalytics.com.au, filtersystemsaustralia.com.au, homewaterfiltration.com.au","lumika.com.au, wateranalytics.com.au, aquala.au, homewaterfiltration.com.au, filtersystemsaustralia.com.au",,,,
whole house fluoride filter perth,,,,,,,,,,,,,,,,,,6,,,,False,False,"wateranalytics.com.au, aquala.au, filtersystemsaustralia.com.au, waterfilter.com.au, urbanfuture.com.au, cloudtap.com.au",,,,,
complete home water filtration system brisbane,,,,,,,,,,,,,,,,,,5,,,,False,False,wateranalytics.com.au,"wateranalytics.com.au, homewaterfiltration.com.au, aquala.au, greatwaterfilters.com.au, filtersystemsaustralia.com.au",,,,
whole house water filtration system reverse osmosis,,,,,,,,,2.41,,2.41,0,,0,0.0,,0.0,4,27,,waterfilterworldaustralia.com.au,False,False,,,,,,
whole house fluoride filters melbourne,,,,,,,,,,,,,,,,,,8,,,,False,False,"wateranalytics.com.au, filtersystemsaustralia.com.au, filtap.com.au, waterfilterguy.com.au, micronwaterfilters.com.au","demandfiltration.com.au, cleanandclearwater.com.au, wateranalytics.com.au, filtap.com.au, aquala.au",,,,
whole house water filters sydney,,,,,,,,,,,,,,,,,,6,,,,False,False,"cleanandclearwater.com.au, wateranalytics.com.au, filtersystemsaustralia.com.au, filpure.com.au, fullhousewaterfiltration.com.au, filtap.com.au",,,,,
rain water tank filter system adelaide,,,,,,,,,,,,,,,,,,5,,,,False,False,"wateranalytics.com.au, puretec.com.au, daveywater.com, filtersystemsaustralia.com.au","levelau.com.au, wateranalytics.com.au, daveywater.com",,,,
rain water filtration systems melbourne,,,,,,,,,,,,,,,,,,6,,,,False,False,"wateranalytics.com.au, puretec.com.au, cleanandclearwater.com.au, filtersystemsaustralia.com.au, daveywater.com","cleanandclearwater.com.au, puretec.com.au, filtap.com.au, wateranalytics.com.au",,,,
whole house fluoride filters perth,,,,,,,,,,,,,,,,,,5,,,,False,False,"waterfilter.com.au, wateranalytics.com.au, waterscoaustralia.com.au","wateranalytics.com.au, aquala.au, filtersystemsaustralia.com.au",,,,
rain water filtration systems adelaide,,,,,,,,,,,,,,,,,,9,,,,False,False,"wateranalytics.com.au, puretec.com.au, filtersystemsaustralia.com.au, filtermate.com.au","levelau.com.au, wateranalytics.com.au, hydrosmart.com.au, puretec.com.au, daveywater.com, rhinotanks.com.au, filtersystemsaustralia.com.au, ecobuildingsupplies.com.au",,,,
water filter aus,,,,,,,,,,,,,,,,,,2,42,,makwater.com.au,False,False,filtersystemsaustralia.com.au,,,,,
best water filter system australia,,,,,,,,,,,,,,,,,,10,21,,shieldwaterfilter.com.au,False,False,"wateranalytics.com.au, waterscoaustralia.com.au, zipwater.com, philips.com.au","wateranalytics.com.au, aquala.au, cleanandclearwater.com.au, waterdropfilter.com.au, filtersystemsaustralia.com.au, philips.com.au, waterscoaustralia.com.au, cloudtap.com.au",,,,
reverse osmosis water filters australia,,,,,,,,,,,,,,,,,,5,13,,philips.com.au,False,False,"waterfilter.com.au, filtersystemsaustralia.com.au, wateranalytics.com.au",,,,,
whole house fluoride filter sydney,,,,,,,,,,,,,,,,,,2,,,,False,False,"wateranalytics.com.au, filtersystemsaustralia.com.au",,,,,
sunshine beach water filters,,,,,,,,,,,,,,,,,,4,,,,False,False,"sunshinecoastwaterfilters.com.au, trendhs.com.au","trendhs.com.au, greatwaterfilters.com.au, sunshinecoastwaterfilters.com.au, filtersystemsaustralia.com.au",sunshinecoastwaterfilters.com.au,sunshinecoastwaterfilters.com.au,,
best water filtration company,,,,,,,,,,,,,,,,,,4,48,,caravanandrvparts.com.au,False,False,"wateranalytics.com.au, thinkwater.com.au, filtersystemsaustralia.com.au, aquapax.com.au",,,,,
first need water filter cartridge,,,,,,,,,,,,,,,,,,4,,,,False,False,"watertestsystems.com.au, filtersystemsaustralia.com.au, expeditionhq.com.au, ultralightgear.com.au",,,,,
filtration and purification system,,,,,,,,,,,,,,,,,,2,,,,False,False,"filtersystemsaustralia.com.au, alkaviva.com.au",,,,,
diy irrigation system australia,,,,,,,,,,,,,,,,,,5,,,,False,False,"duralirrigation.com.au, filtersystemsaustralia.com.au, bunnings.com.au, thelandscapestore.com.au",netagarden.com.au,,,,
1 4 quick connect valve,,,,,,,,,,,,,,,,,,1,,,,False,False,filtersystemsaustralia.com.au,,,,,
water flow meter 50mm,,,,,,,,,1.02,,1.02,0,,0,0.0,,0.0,5,1,,cwc.com.au,False,False,"badgermeter.com, aquamonix.com.au, filtersystemsaustralia.com.au, ebay.com.au, proconit.com.au",,,,,
brass inline filter,,,,,,,,,,,,,,,,,,1,,,,False,False,filtersystemsaustralia.com.au,,,,,
water filters tank,,,,,,,,,,,,,,,,,,1,7,,tankdoctor.com.au,False,False,,,,,,filtersystemsaustralia.com.au
2.5 micron filter,,,,,,,,,,,,,,,,,,1,,,,False,False,filtersystemsaustralia.com.au,filtersystemsaustralia.com.au,,,,
filterlogic water filter reviews,,,,,,,,,,,,,,,,,,1,,,,False,False,filtersystemsaustralia.com.au,,,,,
neodymium channel magnet,,,,,,,,,,,,,,,,,,7,,,,False,False,"magnet.com.au, rs-online.com, aliexpress.com, filtersystemsaustralia.com.au, magnetop.com.au, aussiemagnets.com.au, jinmagnets.com","magnet.com.au, filtersystemsaustralia.com.au, aussiemagnets.com.au",,,,
pump systems australia,,,,,,,,,5.38,,5.38,0,,0,0.0,,0.0,2,60,,pumpsystemsgroup.com,False,False,,,,,,
coconut shell whole house water filter,,,,,,,,,,,,,,,,,,4,,,,False,False,"filtersystemsaustralia.com.au, mywaterfilter.com.au, alkaviva.com.au, wateranalytics.com.au","filtersystemsaustralia.com.au, wateranalytics.com.au",,,,
clear 10 filter housing,,,,,,,,,,,,,,,,,,1,,,,False,False,filtersystemsaustralia.com.au,,,,,
hard water filter system for home,,,,,,,,,,,,,,,,,,10,,,,False,False,"puretec.com.au, wateranalytics.com.au, daveywater.com, filpure.com.au, fullhousewaterfiltration.com.au","wateranalytics.com.au, filpure.com.au, cleanandclearwater.com.au, aquala.au, waterfilterdistributors.com.au, revolutionaryfiltration.com.au, filtersystemsaustralia.com.au",,,,
water filters parramatta,,,,,,,,,,,,,,,,,,4,,,,False,False,"cleanandclearwater.com.au, filtersystemsaustralia.com.au, filtap.com.au, novoh2o.com.au",,,,,
1 4 male quick connect,,,,,,,,,,,,,,,,,,5,,,,False,False,"rs-online.com, airparts.com.au, filtersystemsaustralia.com.au, amazon.com.au, sigmaaldrich.com","rs-online.com, filtersystemsaustralia.com.au",,,,
buy shower filter online,,,,,,,,,,,,,,,,,,4,,,,False,False,wellverti.com.au,"wellverti.com.au, purewater4life.com.au, filtersystemsaustralia.com.au",enduroshield.com.au,,,
liquid filter vessel,,,,,,,,,,,,,,,,,,4,,,,False,False,"pearlfiltration.com.au, shelco.com",pearlfiltration.com.au,"hengst.com.au, filtersystemsaustralia.com.au",,,
water filtration solutions supplier perth,,,,,,,,,,,,,,,,,,9,,,,False,False,"cloudtap.com.au, aquapax.com.au, puremainswater.com.au, dolphinhomefiltration.com.au, pure2o.com.au, oleology.com.au, pearlfiltration.com.au, ecpwaterfilter.com, filtersystemsaustralia.com.au",,,,,
commercial water system adelaide,,,,,,,,,,,,,,,,,,1,,,,False,False,filtersystemsaustralia.com.au,,,,,
mooloolah valley water filters,,,,,,,,,,,,,,,,,,7,,,,False,False,"sunshinecoastwaterfilters.com.au, trendhs.com.au, filtersystemsaustralia.com.au, daveywater.com","trendhs.com.au, sunshinecoastwaterfilters.com.au, enviroaqua.com.au","filtecwater.com, sunshinecoastwaterfilters.com.au","sunshinecoastwaterfilters.com.au, homewaterfiltration.com.au",,
aroona water filters,,,,,,,,,,,,,,,,,,10,,,,False,False,"ecobud.com.au, billi.com.au, zazenalkalinewater.com.au, fallonsolutions.com.au","bluehavenhomefiltration.com.au, filtersystemsaustralia.com.au, purewater4life.com.au, water-filter-sentry.com.au, ecobud.com.au",watego.com.au,sunshinecoastwaterfilters.com.au,,
peregian beach water filters,,,,,,,,,,,,,,,,,,4,,,,False,False,"water-filter-sentry.com.au, sunshinecoastwaterfilters.com.au, trendhs.com.au, filtersystemsaustralia.com.au",sunshinecoastwaterfilters.com.au,sunshinecoastwaterfilters.com.au,,,
aqua pure water filters australia,,,,,,,,,1.3,,1.3,0,,0,0.0,,0.0,7,32,,aquasureusa.com,False,False,"filtersystemsaustralia.com.au, discountfridgefilters.com.au, aquapax.com.au","completehomefiltration.com.au, purewatersystems.com.au, ebay.com.au, aquapure.co",,,,
single candle water filter,,,,,,,,,,,,,,,,,,1,,,,False,False,filtersystemsaustralia.com.au,,,,,
home alkaline water filtration system,,,,,,,,,,,,,,,,,,4,,,,False,False,alkaviva.com.au,"alkaviva.com.au, alkaway.com.au, wateranalytics.com.au, filtersystemsaustralia.com.au",,,,
uv light pool system reviews,,,,,,,,,,,,,,,,,,2,,,,False,False,"filtersystemsaustralia.com.au, naked-pools.com",,,,,
buderim water filters,,,,,,,,,,,,,,,,,,6,,,,False,False,"sunshinecoastwaterfilters.com.au, water-filter-sentry.com.au, greatwaterfilters.com.au","sunshinecoastwaterfilters.com.au, homewaterfiltration.com.au, filtersystemsaustralia.com.au, water-filter-sentry.com.au","sunshinecoastwaterfilters.com.au, filtersystemsaustralia.com.au, ecobud.com.au, homewaterfiltration.com.au",,,
fluoride water filter system perth,,,,,,,,,,,,,,,,,,9,,,,False,False,"purewaterfiltration.com.au, waterfilter.net.au, cloudtap.com.au, wateranalytics.com.au","cloudtap.com.au, dolphinhomefiltration.com.au, purewaterfiltration.com.au, wateranalytics.com.au","waterfilter.com.au, aqualeau.com.au, wateranalytics.com.au, hyperwellbeing.com.au, filtersystemsaustralia.com.au",,,
aquarium filters supplier online,,,,,,,,,,,,,,,,,,5,,,,False,False,"aquariumspareparts.com.au, filtersystemsaustralia.com.au, natureaquariums.com.au, aqualifeaquarium.com.au","aquariumspareparts.com.au, temu.com",,,,
best hard water filter for house,,,,,,,,,,,,,,,,,,12,,,,False,False,"cleanandclearwater.com.au, wateranalytics.com.au, hydrotechgroup.com.au, cloudtap.com.au, completehomefiltration.com.au","wateranalytics.com.au, filtersystemsaustralia.com.au, homewaterfiltration.com.au, daveywater.com, urbanfuture.com.au, cloudtap.com.au, waterscoaustralia.com.au, micronwaterfilters.com.au, puretec.com.au, cleanandclearwater.com.au",,,,
clearwater filters australia,,,,,,,,,,,,,,,,,,4,,,,False,False,"filtersystemsaustralia.com.au, cleanandclearwater.com.au, filpure.com.au, ozfilterwarehouse.com.au",,,,,
cuno water filter cartridges,,,,,,,,,,,,,,,,,,1,,,,False,False,filtersystemsaustralia.com.au,,,,,
silver impregnated carbon filter,,,,,,,,,0.49,,0.49,0,,0,0.0,,0.0,1,,,,False,False,filtersystemsaustralia.com.au,filtersystemsaustralia.com.au,,,,
water tank pre filter,,,,,,,,,0.38,,0.38,0,,0,0.0,,0.0,1,,,,False,False,filtersystemsaustralia.com.au,,,,,
push fit pipe connectors,,,,,,,,,0.41,,0.41,0,,0,0.0,,0.0,5,,,,False,False,"wilcoplumbing.com.au, rs-online.com, carac.com.au, bunnings.com.au, filtersystemsaustralia.com.au",,,,,
filtered water system kitchen,,,,,,,,,,,,,,,,,,9,,,,False,False,"completehomefiltration.com.au, filtap.com.au, filteredwatersolutions.com.au, fixnflow.com.au, filtersystemsaustralia.com.au, cleanandclearwater.com.au, puretec.com.au, billi.com.au","completehomefiltration.com.au, zipwater.com, cleanandclearwater.com.au, filtap.com.au",,,,
filtu water filters,,,,,,,,,,,,,,,,,,2,,,,False,False,"waterscoaustralia.com.au, filtersystemsaustralia.com.au",,,,,
best water filter cartridge review,,,,,,,,,,,,,,,,,,3,,,,False,False,"filtersystemsaustralia.com.au, advancedfiltrationsystems.com.au, bestwaterfilters.com.au","filtersystemsaustralia.com.au, bestwaterfilters.com.au",,,,
holyh20 water filter,,,,,,,,,,,,,,,,,,4,,,,False,False,"holyh2o.com.au, blissfulhome.com.au, purafion.com, filtersystemsaustralia.com.au",,,,,
whole house water filter comparison chart,,,,,,,,,,,,,,,,,,2,,,,False,False,filtersystemsaustralia.com.au,"wateranalytics.com.au, filtersystemsaustralia.com.au",,,,
water filter for farm use,,,,,,,,,,,,,,,,,,4,,,,False,False,"water2.com, gvpoly.com, filtersystemsaustralia.com.au, carefree.com.au",,,,,
glenview water filters,,,,,,,,,,,,,,,,,,15,,,,False,False,"billi.com.au, waterscoaustralia.com.au, sunshinecoastwaterfilters.com.au, waterfilter.net.au, westozwaterfilters.com.au, radiantlifecatalog.com","waterfilter.net.au, ecobud.com.au, billi.com.au, waterscoaustralia.com.au, sunshinecoastwaterfilters.com.au","sunshinecoastwaterfilters.com.au, clarencewaterfilters.com.au, water-filter-sentry.com.au","h2odistributors.com, clarencewaterfilters.com.au, sunshinecoastwaterfilters.com.au, homewaterfiltration.com.au, filtersystemsaustralia.com.au, briowater.com","sunshinecoastwaterfilters.com.au, aquala.au, clickcease.com, clarencewaterfilters.com.au",
b.e.s.t water filter twin pack australia,,,,,,,,,,,,,,,,,,2,,,,False,False,"filtersystemsaustralia.com.au, bestwaterfilters.com.au",,,,,
ilkley water filters,,,,,,,,,,,,,,,,,,10,,,,False,False,"hydrosmart.com.au, sunshinecoastwaterfilters.com.au, water-filter-sentry.com.au, filtersystemsaustralia.com.au","waterfilter.net.au, ecobud.com.au, filtersystemsaustralia.com.au, kynandfolk.com, waterscoaustralia.com.au, filtecwater.com","sunshinecoastwaterfilters.com.au, ecobud.com.au","sunshinecoastwaterfilters.com.au, pearlfiltration.com.au, filtecwater.com",,
jg speedfit to copper,,,,,,,,,,,,,,,,,,1,,,,False,False,filtersystemsaustralia.com.au,,,,,
mooloolaba water filters,,,,,,,,,,,,,,,,,,7,,,,False,False,"alkaway.com.au, trendhs.com.au, filtersystemsaustralia.com.au, water-filter-sentry.com.au, sunshinecoastwaterfilters.com.au, waterfilter.com.au","sunshinecoastwaterfilters.com.au, waterfilter.com.au",water-filter-sentry.com.au,sunshinecoastwaterfilters.com.au,"sunshinecoastwaterfilters.com.au, filtersystemsaustralia.com.au, pearlfiltration.com.au",
maroochydore water filters,,,,,,,,,,,,,,,,,,8,,,,False,False,"sunshinecoastwaterfilters.com.au, filtersystemsaustralia.com.au, water-filter-sentry.com.au, alkalineworld.com.au, trendhs.com.au","waterfilter.com.au, water-filter-sentry.com.au, sunshinecoastwaterfilters.com.au, filtersystemsaustralia.com.au, trendhs.com.au","sunshinecoastwaterfilters.com.au, essentialservicesgroup.com.au, filtersystemsaustralia.com.au, pearlfiltration.com.au",,,
uv water sterilisation,,,,,,,,,,,,,,,,,,1,,,,False,False,filtersystemsaustralia.com.au,,,,,
reverse osmosis systems perth,,,,,,,,,,,,,,,,,,6,,,,False,False,"neighbourhoodwaterfiltration.com.au, cloudtap.com.au, purewaterfiltration.com.au, filtersystemsaustralia.com.au, westozwaterfilters.com.au, wateranalytics.com.au",,,,,
viqua australia,,,,,,,,,1.8,,1.8,0,,0,0.0,,0.0,2,,,,False,False,"ozfilterwarehouse.com.au, filtersystemsaustralia.com.au",,,,,
pure stream water filters,,9,,,,,,,,,,,,,,,,3,15,,waterfiltersaustralia.com.au,False,False,"purewatersystems.com.au, filtersystemsaustralia.com.au, ozfilterwarehouse.com.au",,,,,
water filters for samsung refrigerators,,,,0.0700000000000001,0.93,0.2,,,2.05,,2.05,0,,0,0.0,,0.0,5,3,,quora.com,False,False,"samsung.com, discountfridgefilters.com.au","purezafilters.com, discountfridgefilters.com.au, amazon.com.au, filtersystemsaustralia.com.au",,,,
20” x 4.5” whole house water filter system with aragon | free-standing stainless steel cover | scale chlorine fluoride lead removal | watermark certified,,,,,,,,,,,,,,,,,,3,,,,False,False,"filtersystemsaustralia.com.au, alkaviva.com.au, waterfilterdistributors.com.au",,,,,
is complete home filtration australian made,,,,,,,,,,,,,,,,,,1,,,,True,False,filtersystemsaustralia.com.au,,,,,
which water filter goes first,,,,,,,,,0.5,,0.5,0,,0,0.0,,0.0,2,,,,True,False,"filtersystemsaustralia.com.au, inflowfilter.com",,,,,
hanna ph calibration solution,,,,,,,,,0.23,,0.23,0,,0,0.53,,0.53,6,0,,ebay.com,False,False,"livingstone.com.au, hannainst.com.au, instrumentchoice.com.au, franshydroponics.com.au, rs-online.com, filtersystemsaustralia.com.au","hannainst.com.au, instrumentchoice.com.au, filtersystemsaustralia.com.au",,,,
diy water tank filter,,,,,,,,,,,,,,,,,,1,,,,False,False,filtersystemsaustralia.com.au,,,,,
water tank pump filter,,,,,,,,,0.71,,0.71,0,,0,0.0,,0.0,3,3,,quora.com,False,False,"thinkwater.com.au, filtersystemsaustralia.com.au, daveywater.com",,,,,
whole house uv water filtration system,,,,,,,,,,,,,,,,,,5,12,,freshwatersystems.com.au,False,False,"filtersystemsaustralia.com.au, cleanandclearwater.com.au, puretec.com.au, wateranalytics.com.au",filtersystemsaustralia.com.au,,,,
kawana waters water filters,,,,,,,,,,,,,,,,,,8,,,,False,False,"trendhs.com.au, sunshinecoastwaterfilters.com.au, water-filter-sentry.com.au","sunshinecoastwaterfilters.com.au, trendhs.com.au, waterfilter.com.au",sunshinecoastwaterfilters.com.au,"sunshinecoastwaterfilters.com.au, homewaterfiltration.com.au, filtersystemsaustralia.com.au","sunshinecoastwaterfilters.com.au, pearlfiltration.com.au, waterscoaustralia.com.au, filtersystemsaustralia.com.au",
1 4 plastic quick connect fittings,,,,,,,,,,,,,,,,,,2,,,,False,False,rs-online.com,"rs-online.com, filtersystemsaustralia.com.au",,,,
are there any reverse osmosis water filters which also pump hydrogen into,,,,,,,,,,,,,,,,,,5,,,,True,False,"wateranalytics.com.au, waterdropfilter.com.au, filtersystemsaustralia.com.au, waterscoaustralia.com.au, alkaway.com.au",,,,,
uv c water sterilization,,,,,,,,,,,,,,,,,,4,,,,False,False,"ultraaqua.com, southlandfiltration.com.au, centurionaprs.com, filtersystemsaustralia.com.au","ultraaqua.com, filtersystemsaustralia.com.au",,,,
desktop water filter & chiller,,,,,,,,,,,,,,,,,,3,,,,False,False,"h2ostores.com, filtersystemsaustralia.com.au, aquacoolerdirect.com.au",,,,,
aquametix filter,,,,,,,,,,,,,,,,,,1,,,,False,False,filtersystemsaustralia.com.au,,,,,
rain water filtration systems perth,,,,,,,,,,,,,,,,,,9,,,,False,False,"purewaterfiltration.com.au, hydrotechgroup.com.au, filtersystemsaustralia.com.au, wateranalytics.com.au","cloudtap.com.au, hydrotechgroup.com.au, purewaterfiltration.com.au, wateranalytics.com.au, westozwaterfilters.com.au","wateranalytics.com.au, urbanfuture.com.au, puretec.com.au, daveywater.com, cloudtap.com.au, westozwaterfilters.com.au",,,
whole house water filter ballina,,,,,,,,,,,,,,,,,,6,,,,False,False,"wateranalytics.com.au, filtersystemsaustralia.com.au, alkaviva.com.au, purewatersystems.com.au, graywaterplumbing.com.au","homewaterfiltration.com.au, wateranalytics.com.au, filtersystemsaustralia.com.au",,,,
inline sediment filter for toilet,,,,,,,,,,,,,,,,,,1,,,,False,False,filtersystemsaustralia.com.au,filtersystemsaustralia.com.au,,,,
best carbon water filtration system,,,,,,,,,,,,,,,,,,1,,,,False,False,filtersystemsaustralia.com.au,,,,,
what is a reverse osmosis filter good for?,,,,,,,,,,,,,,,,,,2,,,,True,False,"filtersystemsaustralia.com.au, waterdropfilter.com.au",,,,,
under counter water filtration system reviews,,,,,,,,,,,,,,,,,,2,,,,False,False,"filtersystemsaustralia.com.au, waterdropfilter.com.au",filtersystemsaustralia.com.au,waterdropfilter.com.au,waterdropfilter.com.au,,
wurtulla water filters,,,,,,,,,,,,,,,,,,7,,,,False,False,"sunshinecoastwaterfilters.com.au, filtersystemsaustralia.com.au, water-filter-sentry.com.au","waterfilter.com.au, water-filter-sentry.com.au, sunshinecoastwaterfilters.com.au, trendhs.com.au, filtersystemsaustralia.com.au",trendhs.com.au,"sunshinecoastwaterfilters.com.au, waterfilter.net.au","sunshinecoastwaterfilters.com.au, pearlfiltration.com.au",
whole house fluoride filters,,,,,,,,,,,,,,,,,,10,,,,False,False,completehomefiltration.com.au,"filtersystemsaustralia.com.au, aquala.au, wateranalytics.com.au, waterscoaustralia.com.au, purewater4life.com.au, fullhousewaterfiltration.com.au, waterdropfilter.com.au, micronwaterfilters.com.au, homewaterfiltration.com.au",,,,
warana water filters,,,,,,,,,,,,,,,,,,8,,,,False,False,"purewatersystems.com.au, sunshinecoastwaterfilters.com.au, filtersystemsaustralia.com.au","sunshinecoastwaterfilters.com.au, purewatersystems.com.au, trendhs.com.au",waterfilter.com.au,filtersystemsaustralia.com.au,filtersystemsaustralia.com.au,"sunshinecoastwaterfilters.com.au, valueh2o.com.au, hiflowwaterfilters.com.au"
blondal water filter,,,,,,,,,,,,,,,,,,2,,,,False,False,"thinkwater.com.au, filtersystemsaustralia.com.au",,,,,
built in water purifier,,,,,,,,,,,,,,,,,,4,,,,False,False,"cuiyuantrade.com, filtersystemsaustralia.com.au, zipwater.com, wateranalytics.com.au",,,,,
cto carbon filter cartridge,,,,,,,,,,,,,,,,,,1,,,,False,False,filtersystemsaustralia.com.au,,,,,
water filter cartridges perth,,,,,,,,,2.13,,2.13,0,,0,0.0,,0.0,4,,,,False,False,"filtersystemsaustralia.com.au, psifilters.com.au, billi.com.au, clearhavenwaterfiltration.com.au",filtersystemsaustralia.com.au,,,,
aqua pro ro,,,,,,,,,,,,,,,,,,3,,,,False,False,"membraneshop.com.au, filtersystemsaustralia.com.au, thewaterdepot.com.au",,,,,
rain water tank filter systems perth,,,,,,,,,,,,,,,,,,8,,,,False,False,"filtersystemsaustralia.com.au, aquariuswaterfilters.com.au, wateranalytics.com.au, purewaterfiltration.com.au","waterfilter.com.au, wateranalytics.com.au, puretec.com.au, filtersystemsaustralia.com.au","waterfilter.com.au, wateranalytics.com.au, westozwaterfilters.com.au, cloudtap.com.au",,,
most economical water filter system,,,,,,,,,,,,,,,,,,2,,,,False,False,filtersystemsaustralia.com.au,filtersystemsaustralia.com.au,wateranalytics.com.au,,,
filter australia,,,,,,,,,,,,,,,,,,1,52,,filtersystemsaustralia.com.au,False,False,,,,filtersystemsaustralia.com.au,,
doulton candle filter,,,,,,,,,,,,,,,,,,2,,,,False,False,"mywaterfilter.com.au, filtersystemsaustralia.com.au",,,,,
palmview water filters,,,,,,,,,,,,,,,,,,11,,,,False,False,"summitfiltration.com.au, sunshinecoastwaterfilters.com.au","water-filter-sentry.com.au, sunshinecoastwaterfilters.com.au, waterfilter.com.au, waterfilter.net.au, shieldwaterfilter.com.au, filtersystemsaustralia.com.au, billi.com.au","waterfilter.net.au, trendhs.com.au, sunshinecoastwaterfilters.com.au, water-filter-sentry.com.au, filtersystemsaustralia.com.au","ecobud.com.au, trendhs.com.au","sunshinecoastwaterfilters.com.au, filtersystemsaustralia.com.au","sunshinecoastwaterfilters.com.au, pearlfiltration.com.au"
water filter systems whole house brisbane,,,,,,,,,,,,,,,,,,3,,,,False,False,"filtersystemsaustralia.com.au, homewaterfiltration.com.au, wateranalytics.com.au",,,,,
quick change x5540 filter cartridge,,,,,,,,,,,,,,,,,,5,,,,False,False,"filtersystemsaustralia.com.au, aquacoolerdirect.com.au, mrpoolman.com.au, fallonsolutions.com.au, tropicalpoolstore.com.au",,,,,
minyama water filters,,,,,,,,,,,,,,,,,,6,,,,False,False,sunshinecoastwaterfilters.com.au,"filtersystemsaustralia.com.au, sunshinecoastwaterfilters.com.au","sunshinecoastwaterfilters.com.au, trendhs.com.au, filtersystemsaustralia.com.au, waterfilter.com.au, water-filter-sentry.com.au","filtersystemsaustralia.com.au, greatwaterfilters.com.au",sunshinecoastwaterfilters.com.au,
3m whole house water filter reviews,,,,,,,,,,,,,,,,,,2,,,,False,False,"filtersystemsaustralia.com.au, psifilters.com.au",,,,,
mudjimba water filters,,,,,,,,,,,,,,,,,,4,,,,False,False,"sunshinecoastwaterfilters.com.au, filtersystemsaustralia.com.au","sunshinecoastwaterfilters.com.au, filtersystemsaustralia.com.au","trendhs.com.au, sunshinecoastwaterfilters.com.au","water-filter-sentry.com.au, sunshinecoastwaterfilters.com.au",sunshinecoastwaterfilters.com.au,sunshinecoastwaterfilters.com.au
speedfit mdpe,,,,,,,,,,,,,,,,,,4,,,,False,False,"filtersystemsaustralia.com.au, bentonpipingsystems.com.au, rs-online.com, carac.com.au",,,,,
pentair filter housing,,,,0.444480968858131,0.555519031141869,0.441176470588235,,,,,,,,,,,,2,,,,False,False,filtersystemsaustralia.com.au,reece.com.au,,,,
electric water treatment systems,,,,,,,,,,,,,,,,,,5,,,,False,False,"prwater.com.au, hydrosmart.com.au, thinkwater.com.au, filtersystemsaustralia.com.au, taylex.com.au","hydrosmart.com.au, thinkwater.com.au",,,,
water softener calcium,,,,,,,,,,,,,,,,,,1,,,,False,False,filtersystemsaustralia.com.au,,,,,
pelican waters water filters,,,,,,,,,,,,,,,,,,11,,,,False,False,"purewatersystems.com.au, sunshinecoastwaterfilters.com.au, alkaviva.com.au, alkaway.com.au","sunshinecoastwaterfilters.com.au, waterfilter.com.au, trendhs.com.au, fallonsolutions.com.au","waterfilter.com.au, sunshinecoastwaterfilters.com.au, filtersystemsaustralia.com.au, pearlwaterfilters.com.au, alkaviva.com.au, purewatersystems.com.au","sunshinecoastwaterfilters.com.au, homewaterfiltration.com.au, waterscoaustralia.com.au",,
landsborough water filters,,,,,,,,,,,,,,,,,,11,,,,False,False,"sunshinecoastwaterfilters.com.au, filtersystemsaustralia.com.au, minthomefiltration.com","waterfilter.net.au, sunshinecoastwaterfilters.com.au, filtersystemsaustralia.com.au, trendhs.com.au","waterfilter.net.au, sunshinecoastwaterfilters.com.au, purewatersystems.com.au, daveywater.com","greatwaterfilters.com.au, sunshinecoastwaterfilters.com.au",sunshinecoastwaterfilters.com.au,"sunshinecoastwaterfilters.com.au, clarencewaterfilters.com.au, filtersystemsaustralia.com.au, filtecwater.com, pearlfiltration.com.au"
osmosis filtration system,,,,,,,,,,,,,,,,,,1,,,,False,False,filtersystemsaustralia.com.au,,,,,
home water filter irrigation system,,,,,,,,,,,,,,,,,,2,,,,False,False,"filtersystemsaustralia.com.au, waterpro.com.au",,,,,
buy filter cartridge,,,,,,,,,,,,,,,,,,1,,,,False,False,filtersystemsaustralia.com.au,,,,,
8 stage water filter system,,,,,,,,,,,,,,,,,,1,,,,False,False,filtersystemsaustralia.com.au,,,,,
water filters gravity,,,,,,,,,,,,,,,,,,2,13,,livingwhole.com.au,False,False,,,,,"completehomefiltration.com.au, filtersystemsaustralia.com.au",
water softener for hard water areas,,,,,,,,,,,,,,,,,,5,,,,False,False,"carefree.com.au, filtersystemsaustralia.com.au, hydrosmart.com.au, wateranalytics.com.au, comparewaterfilters.com.au",filtersystemsaustralia.com.au,"hydrosmart.com.au, carefree.com.au",,,
aus water filters,,,,,,,,,,,,,,,,,,4,69,,philips.com.au,False,False,"filtersystemsaustralia.com.au, ozfilterwarehouse.com.au, waterscoaustralia.com.au, auspurifiers.com.au","filtersystemsaustralia.com.au, ozfilterwarehouse.com.au, waterscoaustralia.com.au",filtersystemsaustralia.com.au,"filtersystemsaustralia.com.au, waterscoaustralia.com.au",,
water filters kitchen sink,,,,,,,,,,,,,,,,,,5,6,,purewatersystems.com.au,False,False,,,,,,
benchtop water filter perth,,,,,,,,,,,,,,,,,,5,,,,False,False,filtersystemsaustralia.com.au,"carawater.com.au, waterscoaustralia.com.au, wateranalytics.com.au, waterfilter.com.au",,,,
marcoola water filters,,,,,,,,,,,,,,,,,,8,,,,False,False,"sunshinecoastwaterfilters.com.au, hiflowwaterfilters.com.au","trendhs.com.au, sunshinecoastwaterfilters.com.au, water-filter-sentry.com.au","waterfilter.com.au, sunshinecoastwaterfilters.com.au, trendhs.com.au, pearlfiltration.com.au","sunshinecoastwaterfilters.com.au, filtersystemsaustralia.com.au, hiflowwaterfilters.com.au, billi.com.au","sunshinecoastwaterfilters.com.au, filtersystemsaustralia.com.au",
home water filter system reviews,,,,,,,,,2.32,,2.32,0,,0,0.32,,0.32,9,11,,waterfilterguru.com,False,False,"wateranalytics.com.au, filtersystemsaustralia.com.au, completehomefiltration.com.au","wateranalytics.com.au, aquala.au, waterdropfilter.com.au, urbanfuture.com.au, cloudtap.com.au, homewaterfiltration.com.au, filtersystemsaustralia.com.au, waterscoaustralia.com.au",,,,
buy filter cartridge online,,,,,,,,,,,,,,,,,,2,,,,False,False,"filtersystemsaustralia.com.au, tropicalpoolstore.com.au",filtersystemsaustralia.com.au,,,,
what is the best water filtration system for hard water,,,,,,,,,,,,,,,,,,3,,,,True,False,"wateranalytics.com.au, filtersystemsaustralia.com.au, alkaviva.com.au",wateranalytics.com.au,,,,
aquabliss high output 12 stage shower filter,,,,,,,,,,,,,,,,,,8,,,,False,False,"holyh2o.com.au, aquabliss.com, wellverti.com.au, getnouriven.com, mineralstream.co, watego.com.au, filtersystemsaustralia.com.au","wellverti.com.au, thehydrafilter.com",,,,
how to install whole house water filter and softener,,,,,,,,,,,,,,,,,,1,,,,True,False,filtersystemsaustralia.com.au,,,,,
best ro membrane brand,,,,,,,,,,,,,,,,,,3,,,,False,False,"membraneshop.com.au, filtersystemsaustralia.com.au, mywaterfilter.com.au",membraneshop.com.au,,,,
under sink filtration system hawthorn,,,,,,,,,,,,,,,,,,2,,,,False,False,"filtersystemsaustralia.com.au, filteredwatersolutions.com.au",,,,,
residential drinking water filtration systems,,,,,,,,,,,,,,,,,,5,,,,False,False,"filtersystemsaustralia.com.au, wateranalytics.com.au, alkaviva.com.au, puretec.com.au, thinkwater.com.au",wateranalytics.com.au,,,,
do carbon water filters remove fluoride,,,,,,,,,,,,,,,,,,3,,,,True,False,"waterscoaustralia.com.au, filtersystemsaustralia.com.au",waterdropfilter.com.au,,,,
caloundra water filters,,,,,,,,,,,,,,,,,,11,,,,False,False,"sunshinecoastwaterfilters.com.au, filtersystemsaustralia.com.au, summitfiltration.com.au, waterfilterdistributors.com.au","sunshinecoastwaterfilters.com.au, trendhs.com.au, water-filter-sentry.com.au, ozfilterwarehouse.com.au, filtersystemsaustralia.com.au","sunshinecoastwaterfilters.com.au, trendhs.com.au",sunshinecoastwaterfilters.com.au,"sunshinecoastwaterfilters.com.au, homewaterfiltration.com.au, filtersystemsaustralia.com.au, daveywater.com, filtecwater.com","sunshinecoastwaterfilters.com.au, pearlfiltration.com.au, filtersystemsaustralia.com.au"
house carbon filter,,,,,,,,,,,,,,,,,,1,,,,False,False,filtersystemsaustralia.com.au,filtersystemsaustralia.com.au,,,,
reverse osmosis systems for aquariums,,,,,,,,,,,,,,,,,,3,3,,water-filter-sentry.com.au,False,False,,,,,,
water tank purification systems,,,,,,,,,,,,,,,,,,4,,,,False,False,"filtersystemsaustralia.com.au, thinkwater.com.au, puretec.com.au, prwater.com.au",,,,,
inlinefilter,,,,,,,,,,,,,,,,,,3,1,,truckline.com.au,False,False,"filtersystemsaustralia.com.au, meanmother.com.au, bestwaterfilters.com.au","filtersystemsaustralia.com.au, meanmother.com.au",,,,
electronic water conditioner reviews,,,,,,,,,,,,,,,,,,5,,,,False,False,"carefree.com.au, hydrosmart.com.au, filtersystemsaustralia.com.au, activflo.com.au, pickreviews.co.uk",,,,,
water filters sunshine coast,,,,,,,,,1.24,,1.24,0,,0,0.0,,0.0,1,30,,cooeewater.com.au,False,False,filtersystemsaustralia.com.au,,,,,
string wound polypropylene filter cartridge,,,,,,,,,,,,,,,,,,7,,,,False,False,"filtersystemsaustralia.com.au, irrigationexpress.com.au, fltr.com.au, psifilters.com.au, easy-filters.com, pearlwaterfilters.com.au","waterfilter.net.au, filtersystemsaustralia.com.au",,,,
whole house water filtration brisbane,,26,,,,,,,,,,,,,,,,8,20,,filteredwatersolutions.com.au,False,False,,,,,"completehomefiltration.com.au, wateranalytics.com.au, homewaterfiltration.com.au, callreliabletradies.com.au, jrgasandwater.com.au","wateranalytics.com.au, homewaterfiltration.com.au, filtersystemsaustralia.com.au, lumika.com.au, jilawater.com.au"
waterwise filter replacement,,,,,,,,,,,,,,,,,,4,,,,False,False,"filtersystemsaustralia.com.au, waterscoaustralia.com.au, aquacoolerdirect.com.au, alkaviva.com.au",,,,,
ro water system parts,,,,,,,,,,,,,,,,,,3,,,,False,False,"membraneshop.com.au, filtersystemsaustralia.com.au, windowcleaningsupplies.com.au",,,,,
whole house water filter systems comparison,,,,,,,,,2.84,,2.84,0,,0,2.03,,2.03,2,5,,clearwaterarizona.com,False,False,filtersystemsaustralia.com.au,completehomefiltration.com.au,completehomefiltration.com.au,,,
tewantin water filters,,,,,,,,,,,,,,,,,,8,,,,False,False,"filtersystemsaustralia.com.au, sunshinecoastwaterfilters.com.au, purewatersystems.com.au","trendhs.com.au, sunshinecoastwaterfilters.com.au","sunshinecoastwaterfilters.com.au, clarencewaterfilters.com.au, watego.com.au, filtersystemsaustralia.com.au","sunshinecoastwaterfilters.com.au, waterfallsinks.com.au, clarencewaterfilters.com.au, clickcease.com",,
bokarina water filters,,,,,,,,,,,,,,,,,,11,,,,False,False,"filtersystemsaustralia.com.au, purewatersystems.com.au, sunshinecoastwaterfilters.com.au","waterfilter.com.au, water-filter-sentry.com.au","trendhs.com.au, filtersystemsaustralia.com.au, water-filter-sentry.com.au, essentialservicesgroup.com.au, waterfilter.net.au, waterfilter.com.au, carawater.com.au, sunshinecoastwaterfilters.com.au",greatwaterfilters.com.au,"sunshinecoastwaterfilters.com.au, pearlfiltration.com.au, filtersystemsaustralia.com.au",
clearwater water filter systems,,,,,,,,,,,,,,,,,,1,,,,False,False,filtersystemsaustralia.com.au,filtersystemsaustralia.com.au,,,,
faucet water filter systems reviews,,,,,,,,,,,,,,,,,,6,,,,False,False,"filtersystemsaustralia.com.au, purafion.com, waterscoaustralia.com.au, blissfulhome.com.au, inflowfilter.com, bestpulse.co.uk",,,,,
under sink water filter system sydney,,,,,,,,,,,,,,,,,,4,,,,False,False,"filtap.com.au, filtersystemsaustralia.com.au, filteredwatersolutions.com.au, psifilters.com.au",,,,,
pond filter system supplier australia,,,,,,,,,,,,,,,,,,4,,,,False,False,oaseaustralia.com.au,"diymegastore.com.au, filtersystemsaustralia.com.au",oaseaustralia.com.au,aquaproonline.com.au,,
how to choose reverse osmosis system,,,,,,,,,,,,,,,,,,6,,,,True,False,"waterdropfilter.com.au, filtersystemsaustralia.com.au, pureflowfiltration.com.au, buildmat.com.au, comparewaterfilters.com.au","waterdropfilter.com.au, filtersystemsaustralia.com.au, buildmat.com.au, carawater.com.au",filtersystemsaustralia.com.au,,,
built in water filter under sink,,,,,,,,,,,,,,,,,,4,,,,False,False,"filtersystemsaustralia.com.au, psifilters.com.au","filtersystemsaustralia.com.au, puretec.com.au, buildmat.com.au",,,,
national water purification systems,,,,,,,,,,,,,,,,,,3,,,,False,False,"thewaterdepot.com.au, hydrosmart.com.au",filtersystemsaustralia.com.au,,,,
aquasana claryum filter review,,,,,,,,,,,,,,,,,,2,,,,False,False,"mywaterfilter.com.au, filtersystemsaustralia.com.au",,,,,
polypropylene vs stainless steel for reverse osmosis system,,,,,,,,,,,,,,,,,,1,,,,False,False,filtersystemsaustralia.com.au,,,,,
charcoal for water filters,,,,,,,,,,,,,,,,,,5,0,,naturalfilters.com.au,False,False,"filtersystemsaustralia.com.au, ecobud.com.au, kelincarbon.com, kuvings.com.au",,,completehomefiltration.com.au,,
reverse osmosis water filter reviews australia,,,,,,,,,1.31,,1.31,0,,0,0.0,,0.0,4,,,,False,False,"waterscoaustralia.com.au, waterdropfilter.com.au, filtersystemsaustralia.com.au, philips.com.au",waterscoaustralia.com.au,waterdropfilter.com.au,,,
reverse osmosis without drilling,,,,,,,,,,,,,,,,,,5,,,,False,False,"waterdropfilter.com.au, filtersystemsaustralia.com.au, carawater.com.au, cleanandclearwater.com.au, philips.com.au",,,,,
home water filtration canberra,,,,,,,,,,,,,,,,,,21,,,,False,False,"wateranalytics.com.au, primeplumbingservice.com.au, purewaterfiltration.com.au, comparewaterfilters.com.au","wateranalytics.com.au, primeplumbingservice.com.au, billi.com.au, landing-pages.com.au, trendhs.com.au, comparewaterfilters.com.au, greatwaterfilters.com.au, carefree.com.au, levelau.com.au, filtersystemsaustralia.com.au, purewaterfiltration.com.au, fullhousefiltration.com.au, filtermate.com.au","wateranalytics.com.au, greatwaterfilters.com.au, bigspringswater.com.au, prestigeplumbingact.com.au, primeplumbingservice.com.au, billi.com.au, clear2o.com.au, valueh2o.com.au, contemporaryplumbing.com.au, trendhs.com.au, acthotwater.com.au, filtersystemsaustralia.com.au, comparewaterfilters.com.au","wateranalytics.com.au, billi.com.au, filtersystemsaustralia.com.au, carawater.com.au, filteredfresh.com.au, prestigeplumbingact.com.au, comparewaterfilters.com.au, primeplumbingservice.com.au, trendhs.com.au, greatwaterfilters.com.au",,
3m water filters near me,,,,,,,,,1.5,,1.5,0,,0,0.0,,0.0,3,,,,False,False,"thinkwater.com.au, filtersystemsaustralia.com.au","thinkwater.com.au, filtersystemsaustralia.com.au, discountfridgefilters.com.au",,,,
stefani single undersink water filtration system,,,,,,,,,,,,,,,,,,2,,,,False,False,"filtersystemsaustralia.com.au, bunnings.com.au",,,,,
charbon filter,,,,,,,,,,,,,,,,,,4,,,,False,False,"filtersystemsaustralia.com.au, inovaairpurifiers.com.au, thorair.com.au, quickbloomlights.com.au",,,,,
reverse osmosis membrane cartridge,,,,,,,,,,,,,,,,,,3,,,,False,False,"filtersystemsaustralia.com.au, membraneshop.com.au, waterfilter.net.au",membraneshop.com.au,membraneshop.com.au,,,
inline brass filter,,,,,,,,,,,,,,,,,,1,,,,False,False,filtersystemsaustralia.com.au,,,,,
water filters gold coast qld,,,,,,,,,0.75,,0.75,0,,0,0.0,,0.0,4,31,,oceansideservices.com.au,False,False,"filtersystemsaustralia.com.au, homewaterfiltration.com.au, water-filter-sentry.com.au",filtersystemsaustralia.com.au,,completehomefiltration.com.au,,
best water filtration system australia,,,,,,,,,,,,,,,,,,10,15,,filtersystemsaustralia.com.au,False,False,,"wateranalytics.com.au, completehomefiltration.com.au, filtersystemsaustralia.com.au, revolutionaryfiltration.com.au, cleanandclearwater.com.au","wateranalytics.com.au, filtersystemsaustralia.com.au, aquala.au, homewaterfiltration.com.au, cleanandclearwater.com.au, cloudtap.com.au, waterdropfilter.com.au, waterfilter.net.au",,completehomefiltration.com.au,
electric water purification system,,,,,,,,,,,,,,,,,,2,,,,False,False,"filtersystemsaustralia.com.au, wateranalytics.com.au",,,,,
"water filter 1"" irragation",,,,,,,,,,,,,,,,,,1,,,,False,False,filtersystemsaustralia.com.au,,,,,
filter services australia,,,,,,,,,1.66,,1.66,0,,0,0.0,,0.0,1,,,,False,False,filtersystemsaustralia.com.au,,,,,
aqua pure ap11s replacement cartridge,,,,,,,,,1.6,,1.6,0,,0,0.0,,0.0,3,,,,False,False,"plumbingproducts.com.au, filtersystemsaustralia.com.au, watertestsystems.com.au",,,,,
does a carbon filter remove lead,,,,,,,,,,,,,,,,,,1,,,,True,False,filtersystemsaustralia.com.au,,,,,
pure water technology filter replacement,,,,,,,,,,,,,,,,,,8,,,,False,False,purewatersystems.com.au,"purewatersystems.com.au, puratap.com.au, purewaterfiltration.com.au, filtersystemsaustralia.com.au, aquacoolerdirect.com.au","purewatersystems.com.au, watertestsystems.com.au, aquacoolerdirect.com.au, filtersystemsaustralia.com.au, waterscoaustralia.com.au",purewatersystems.com.au,"purewatersystems.com.au, filtersystemsaustralia.com.au, thewaterdepot.com.au",
reverse osmosis perth wa,,,,,,,,,,,,,,,,,,9,,,,False,False,"waterfilterman.com.au, westflowfiltration.com.au, filtersystemsaustralia.com.au, homewaterfiltration.com.au, purewaterfiltration.com.au, wateranalytics.com.au, psifilters.com.au","waterfilterman.com.au, carawater.com.au, filtersystemsaustralia.com.au","waterdropfilter.com.au, filtersystemsaustralia.com.au, wateranalytics.com.au, carawater.com.au",,,
aquasana aq 5300 max flow,,,,,,,,,,,,,,,,,,7,,,,False,False,"mywaterfilter.com.au, filtersystemsaustralia.com.au, waterdropfilter.com.au, alkaviva.com.au, comparewaterfilters.com.au, inflowfilter.com","filtersystemsaustralia.com.au, waterdropfilter.com.au","waterdropfilter.com.au, mywaterfilter.com.au, filtersystemsaustralia.com.au, carawater.com.au",,,
filteration systems australia,,,,,,,,,,,,,,,,,,12,,,,False,False,minthomefiltration.com,"filtersystemsaustralia.com.au, watershop.com.au","filtersystemsaustralia.com.au, waterscoaustralia.com.au, wateranalytics.com.au, oleology.com.au, cleanandclearwater.com.au, waterfilter.com.au","filtersystemsaustralia.com.au, membraneshop.com.au, makwater.com.au","filtersystemsaustralia.com.au, wateranalytics.com.au, cleanandclearwater.com.au, filteredwatersolutions.com.au","filtersystemsaustralia.com.au, oleology.com.au, valueh2o.com.au, wateranalytics.com.au"
best house water filtration system,,20,,,,,,,,,,,,,,,,2,6,,puretec.com.au,False,False,,"wateranalytics.com.au, filtersystemsaustralia.com.au",wateranalytics.com.au,wateranalytics.com.au,,
warrana water filters,,,,,,,,,,,,,,,,,,12,,,,False,False,"alkaway.com.au, aimexaustralia.com.au, ecobud.com.au","billi.com.au, holyh2o.com.au, alkaviva.com.au","kuvings.com.au, alkaviva.com.au, filtersystemsaustralia.com.au","billi.com.au, sunshinecoastwaterfilters.com.au, wellverti.com.au, filtersystemsaustralia.com.au, ecobud.com.au, water-filter-sentry.com.au","aquala.au, filtersystemsaustralia.com.au, ecobud.com.au, kuvings.com.au",
home reverse osmosis drinking water system,,,,,,,,,,,,,,,,,,1,,,,False,False,filtersystemsaustralia.com.au,,,,,
instapure under sink water filter,,,,,,,,,,,,,,,,,,2,,,,False,False,"psifilters.com.au, filtersystemsaustralia.com.au",,,,,
best house water filters,,,,,,,,,,,,,,,,,,2,20,,healthywaterways.org,False,False,"filtersystemsaustralia.com.au, wateranalytics.com.au",wateranalytics.com.au,,,,
udf filter,,,,,,,,,,,,,,,,,,1,,,,False,False,filtersystemsaustralia.com.au,,,,,
auro water filter,,,,,,,,,,,,,,,,,,6,,,,False,False,"alkaviva.com.au, waterdropfilter.com.au, filtersystemsaustralia.com.au, kynandfolk.com, alkaway.com.au","alkaviva.com.au, h2ostores.com",,,,
best water filter system to remove fluoride and chlorine,,,,,,,,,,,,,,,,,,5,,,,False,False,"waterscoaustralia.com.au, filtersystemsaustralia.com.au, alkaviva.com.au, wateranalytics.com.au, waterdropfilter.com.au","filtersystemsaustralia.com.au, wateranalytics.com.au, alkaviva.com.au, waterscoaustralia.com.au","filtersystemsaustralia.com.au, wateranalytics.com.au, waterscoaustralia.com.au",,,
home master reverse osmosis,,,,0.401952662721893,0.598047337278106,0.230769230769231,0.283333328611111,0.716666654722222,,,,,,,,,,5,,,,False,False,"filtersystemsaustralia.com.au, waterdropfilter.com.au","filtersystemsaustralia.com.au, waterdropfilter.com.au, waterscoaustralia.com.au, mywaterfilter.com.au",filtersystemsaustralia.com.au,"filtersystemsaustralia.com.au, waterdropfilter.com.au, purewater4life.com.au",,
water filtration cartridge replacement,,,,,,,,,,,,,,,,,,1,0,,zipwater.com,False,False,filtersystemsaustralia.com.au,,,,,
palmwoods water filters,,,,,,,,,,,,,,,,,,9,,,,False,False,"sunshinecoastwaterfilters.com.au, filtersystemsaustralia.com.au","waterfilter.com.au, trendhs.com.au, sunshinecoastwaterfilters.com.au","trendhs.com.au, water-filter-sentry.com.au, sunshinecoastwaterfilters.com.au, waterfilter.net.au, waterfilter.com.au, rainwaterfiltration.com.au",water-filter-sentry.com.au,"sunshinecoastwaterfilters.com.au, homewaterfiltration.com.au, greatwaterfilters.com.au",sunshinecoastwaterfilters.com.au
kemflo filter cartridge,,,,,,,,,,,,,,,,,,3,,,,False,False,"filtersystemsaustralia.com.au, aquacoolerdirect.com.au, psifilters.com.au",filtersystemsaustralia.com.au,,,,
micron filtration system,,,,,,,,,,,,,,,,,,2,,,,False,False,filtersystemsaustralia.com.au,"selfcleaningfilters.co.nz, filtersystemsaustralia.com.au",,,,
ispring 7 stage water filter,,,,,,,,,,,,,,,,,,6,,,,False,False,"mywaterfilter.com.au, filtersystemsaustralia.com.au, purewatersystems.com.au, waterdropfilter.com.au, psifilters.com.au",filtersystemsaustralia.com.au,"filtersystemsaustralia.com.au, aliexpress.com, waterdropfilter.com.au",,,
water filter electronic,,,,,,,,,,,,,,,,,,4,11,,waterdropfilter.com.au,False,False,,,,,,
water filtration canberra,,,,,,,,,,,,,,,,,,14,37,,watertec.com.au,False,False,wateranalytics.com.au,"valueh2o.com.au, wateranalytics.com.au, primeplumbingservice.com.au, filtersystemsaustralia.com.au, carefree.com.au, filtecwater.com, landing-pages.com.au, purewaterfiltration.com.au, comparewaterfilters.com.au","wateranalytics.com.au, greatwaterfilters.com.au, bigspringswater.com.au, primeplumbingservice.com.au, valueh2o.com.au, trendhs.com.au, filtersystemsaustralia.com.au, billi.com.au","wateranalytics.com.au, filteredfresh.com.au, valueh2o.com.au, filtecwater.com, primeplumbingservice.com.au",,
eudlo water filters,,,,,,,,,,,,,,,,,,11,,,,False,False,"sunshinecoastwaterfilters.com.au, filtersystemsaustralia.com.au, purewatersystems.com.au, ecobud.com.au, zazenalkalinewater.com.au, summitfiltration.com.au","trendhs.com.au, filtersystemsaustralia.com.au, sunshinecoastwaterfilters.com.au, water-filter-sentry.com.au, ecobud.com.au, wellverti.com.au","waterfilter.com.au, water-filter-sentry.com.au, trendhs.com.au, sunshinecoastwaterfilters.com.au, filtersystemsaustralia.com.au, carefree.com.au","water-filter-sentry.com.au, filtersystemsaustralia.com.au, ecobud.com.au",,
about reverse osmosis water systems,,,,,,,,,,,,,,,,,,2,,,,False,False,"filtersystemsaustralia.com.au, waterdropfilter.com.au",waterdropfilter.com.au,,,,
above counter water filter,,,,,,,,,,,,,,,,,,3,,,,False,False,"kynandfolk.com, filtersystemsaustralia.com.au, waterscoaustralia.com.au",,,,,
filter for laundry water,,,,,,,,,,,,,,,,,,1,,,,False,False,filtersystemsaustralia.com.au,,,,,
bacfree water filter,,,,,,,,,,,,,,,,,,2,,,,False,False,"filtersystemsaustralia.com.au, alkaviva.com.au",,,,,
affordable water filtration,,,,,,,,,,,,,,,,,,3,,,,False,False,filtersystemsaustralia.com.au,"landwater.com.au, wateranalytics.com.au, filtersystemsaustralia.com.au",,,,
22mm inline water filter,,,,,,,,,,,,,,,,,,1,,,,False,False,filtersystemsaustralia.com.au,,,,,
buy ro uv water purifier,,,,,,,,,,,,,,,,,,2,,,,False,False,filtersystemsaustralia.com.au,waterfilter.net.au,,,,
how to filter out hard water,,,,,,,,,,,,,,,,,,2,,,,True,False,"carefree.com.au, filtersystemsaustralia.com.au",,,,,
pure water systems ecohero 5-stage,,,,,,,,,,,,,,,,,,2,,,,False,False,"filtersystemsaustralia.com.au, purewaterfiltration.com.au",,,,,
kawana water filters,,,,,,,,,,,,,,,,,,6,,,,False,False,"sunshinecoastwaterfilters.com.au, filtersystemsaustralia.com.au","sunshinecoastwaterfilters.com.au, filtersystemsaustralia.com.au, water-filter-sentry.com.au, water2.com","carefree.com.au, sunshinecoastwaterfilters.com.au, water-filter-sentry.com.au, waterfilter.net.au",sunshinecoastwaterfilters.com.au,sunshinecoastwaterfilters.com.au,
ultraceram water filter,,,,,,,,,1.14,,1.14,0,,0,0.0,,0.0,7,5,,amazon.com.au,False,False,"thinkwater.com.au, naturemart.com.au, mywaterfilter.com.au, filtersystemsaustralia.com.au","filtersystemsaustralia.com.au, landwater.com.au, ebay.com.au, auspurifiers.com.au, mywaterfilter.com.au",,,,
ionic exchange resin water filter,,,,,,,,,,,,,,,,,,7,,,,False,False,"filtersystemsaustralia.com.au, thinkwater.com.au, psifilters.com.au, carefree.com.au, southlandfiltration.com.au","thermofisher.com, alkaviva.com.au",,,,
5 micron water filter spun,,,,,,,,,,,,,,,,,,4,,,,False,False,"filtersystemsaustralia.com.au, purewatersystems.com.au",filtersystemsaustralia.com.au,"filtersystemsaustralia.com.au, thinkwater.com.au, waterfilter.net.au",,,
filter for house water tank,,,,,,,,,,,,,,,,,,2,,,,False,False,filtersystemsaustralia.com.au,"filtersystemsaustralia.com.au, puretec.com.au",filtersystemsaustralia.com.au,,,
water filter ballina,,,,,,,,,,,,,,,,,,7,,,,False,False,graywaterplumbing.com.au,"filtersystemsaustralia.com.au, waterfilter.net.au, alkaway.com.au, graywaterplumbing.com.au, waterscoaustralia.com.au","wateranalytics.com.au, filtersystemsaustralia.com.au, clarencewaterfilters.com.au",,,
yandina water filters,,,,,,,,,,,,,,,,,,9,,,,False,False,"kynandfolk.com, filtersystemsaustralia.com.au, sunshinecoastwaterfilters.com.au","waterfilter.net.au, filtersystemsaustralia.com.au, sunshinecoastwaterfilters.com.au, water-filter-sentry.com.au","alkaviva.com.au, sunshinecoastwaterfilters.com.au, waterfilter.com.au, trendhs.com.au",filtersystemsaustralia.com.au,"trendhs.com.au, sunshinecoastwaterfilters.com.au, alkaviva.com.au","sunshinecoastwaterfilters.com.au, homewaterfiltration.com.au, filtersystemsaustralia.com.au"
charcoal in water filters,,,,,,,,,,,,,,,,,,1,0,,naturalfilters.com.au,False,False,filtersystemsaustralia.com.au,,,,,
drinking water filter cartridge,,,,,,,,,1.25,,1.25,0,,0,14.85,,14.85,3,,,,False,False,"fullhousewaterfiltration.com.au, filtersystemsaustralia.com.au, amazon.com.au",filtersystemsaustralia.com.au,,,,
inline hose pipe water filter,,,,,,,,,,,,,,,,,,3,,,,False,False,"bestwaterfilters.com.au, cockyvalve.com.au, filtersystemsaustralia.com.au",,,,,
spun filter,,,,,,,,,,,,,,,,,,1,,,,False,False,filtersystemsaustralia.com.au,,,,,
reverse osmosis system add minerals,,,,,,,,,,,,,,,,,,2,,,,False,False,"filtersystemsaustralia.com.au, waterdropfilter.com.au","filtersystemsaustralia.com.au, waterdropfilter.com.au",,,,
high alkaline water filter,,,,,,,,,,,,,,,,,,2,,,,False,False,"alkaviva.com.au, filtersystemsaustralia.com.au",alkaviva.com.au,,,,
24 stages reverse osmosis,,,,,,,,,,,,,,,,,,3,,,,False,False,filtersystemsaustralia.com.au,"filtersystemsaustralia.com.au, psifilters.com.au, mywaterfilter.com.au",filtersystemsaustralia.com.au,,,
john guest filter,,,,,,,,,,,,0,,0,0.19,,0.19,4,,,,False,False,"carac.com.au, filtersystemsaustralia.com.au, mywaterfilter.com.au","carac.com.au, filtersystemsaustralia.com.au","filtersystemsaustralia.com.au, rs-online.com",,,
reverse osmosis filter perth,,18,,,,,,,,,,,,,,,,5,22,,water2water.com.au,False,False,,"hydrotechgroup.com.au, purewaterfiltration.com.au, waterfilter.com.au, filtersystemsaustralia.com.au, waterfilter.net.au",,,,
large filter cartridges,,,,,,,,,,,,,,,,,,3,,,,False,False,"pearlfiltration.com.au, filtersystemsaustralia.com.au, airtight.com.au",,,,,
under sink filtration system reviews,,,,,,,,,,,,,,,,,,3,5,,thegoodtrade.com,False,False,buildmat.com.au,"filtersystemsaustralia.com.au, waterdropfilter.com.au, buildmat.com.au",,,,
whole house water filter brisbane,,26,,,,,,,1.52,,1.52,0,,0,0.0,,0.0,6,23,,filteredwatersolutions.com.au,False,False,,,,,"completehomefiltration.com.au, homewaterfiltration.com.au, filteredwatersolutions.com.au","wateranalytics.com.au, homewaterfiltration.com.au, greatwaterfilters.com.au, filtersystemsaustralia.com.au"
7 stage reverse osmosis water filter system,,,,,,,,,,,,,,,,,,2,,,,False,False,"filtersystemsaustralia.com.au, mywaterfilter.com.au",filtersystemsaustralia.com.au,,,,
carbon filter water filter,,,,,,,,,,,,,,,,,,1,,,,False,False,filtersystemsaustralia.com.au,filtersystemsaustralia.com.au,,,,
aqua filters water filter cartridge,,,,,,,,,,,,,,,,,,6,,,,False,False,aquacoolerdirect.com.au,"filtersystemsaustralia.com.au, aquacoolerdirect.com.au, ecobud.com.au, inflowfilter.com",aquacoolerdirect.com.au,"aquacoolerdirect.com.au, filtersystemsaustralia.com.au, ebay.com.au, shieldwaterfilter.com.au",,
tank water filtration ballina,,,,,,,,,,,,,,,,,,2,,,,False,False,graywaterplumbing.com.au,filtersystemsaustralia.com.au,,,,
aquatech water purifier,,,,,,,,,,,,,,,,,,6,,,,False,False,aquacoolerdirect.com.au,waterscoaustralia.com.au,"aquatech.net, waterdropfilter.com.au, alkaviva.com.au, filtersystemsaustralia.com.au",aquatech.net,,
all clear water filtration,,,,,,,,,,,,,,,,,,3,,,,False,False,"wateranalytics.com.au, filtersystemsaustralia.com.au","carawater.com.au, filtersystemsaustralia.com.au",,,,
nano silver activated carbon filter,,,,,,,,,,,,,,,,,,2,,,,False,False,"psifilters.com.au, filtersystemsaustralia.com.au",,,,,
best uv system for well water,,,,,,,,,,,,,,,,,,2,,,,False,False,"filtersystemsaustralia.com.au, thinkwater.com.au",,,,,
plastic push to connect tube fittings,,,,0.589800076893503,0.410199923106497,0.509803921568627,0.3199999872,0.679999972800001,0.36,,0.36,0,,0,0.0,,0.0,4,,,,False,False,"airparts.com.au, filtersystemsaustralia.com.au","tameson.com, filtersystemsaustralia.com.au, airparts.com.au, rs-online.com",,,,
noosa water filters,,,,,,,,,,,,,,,,,,9,,,,False,False,"filtersystemsaustralia.com.au, sunshinecoastwaterfilters.com.au","sunshinecoastwaterfilters.com.au, water-filter-sentry.com.au, filtersystemsaustralia.com.au","trendhs.com.au, sunshinecoastwaterfilters.com.au, waterfilter.com.au","sunshinecoastwaterfilters.com.au, filtersystemsaustralia.com.au, homewaterfiltration.com.au","waterfallsinks.com.au, sunshinecoastwaterfilters.com.au, homewaterfiltration.com.au, filtersystemsaustralia.com.au, greatwaterfilters.com.au, valueh2o.com.au",
water filter machine 1000 liter price,,,,,,,,,,,,,,,,,,4,,,,False,False,"purezza.com, thinkwater.com.au, filtersystemsaustralia.com.au, russellfinex.com",,,,,
big water filter machine,,,,,,,,,0.96,,0.96,0,,0,0.0,,0.0,2,,,,False,False,"filtersystemsaustralia.com.au, watercoolersuperstore.com.au",,,,,
gac filter cartridge,,,,,,,,,0.83,,0.83,0,,0,0.0,,0.0,1,,,,False,False,filtersystemsaustralia.com.au,,,,,
three stage filter system,,,,,,,,,,,,,,,,,,2,,,,False,False,"psifilters.com.au, filtersystemsaustralia.com.au",filtersystemsaustralia.com.au,,,,
aqua rain water purifier,,,,,,,,,,,,,,,,,,5,,,,False,False,filtersystemsaustralia.com.au,"aquacoolerdirect.com.au, wateranalytics.com.au, filtersystemsaustralia.com.au, filtermate.com.au, aqualisfilters.com.au",,,,
green water systems for homes,,,,,,,,,,,,,,,,,,6,,,,False,False,"wormfarm.com.au, filtersystemsaustralia.com.au, taylex.com.au, carefree.com.au, sustainablewatersolutions.com.au, cuiyuantrade.com",,,,,
8mm push fit connectors,,,,,,,,,0.6,,0.6,0,,0,1.41,,1.41,6,4,,smartex.com.au,False,False,"rs-online.com, airparts.com.au, temu.com, filtersystemsaustralia.com.au, amazon.com.au","rs-online.com, airparts.com.au, valvewarehouseaustralia.com.au, filtersystemsaustralia.com.au",,,,
water filters australia hi flow cartridge,,,,,,,,,,,,,,,,,,4,,,,False,False,"filtersystemsaustralia.com.au, wfa.com.au, ebay.com.au, lasoo.com.au","filtersystemsaustralia.com.au, ebay.com.au, wfa.com.au",,,,
aquapro filter cartridge,,,,,,,,,,,,,,,,,,4,,,,False,False,"water-filter-sentry.com.au, mrpoolman.com.au, aquacoolerdirect.com.au, filtersystemsaustralia.com.au",,,,,
filter for water tank pump,,,,,,,,,,,,,,,,,,3,,,,False,False,"filtersystemsaustralia.com.au, thinkwater.com.au, scintex.com.au",,,,,
sediment removal water filter,,,,,,,,,,,,,,,,,,1,,,,False,False,filtersystemsaustralia.com.au,filtersystemsaustralia.com.au,,,,
poe water filter,,,,,,,,,2.69,,2.69,0,,0,0.0,,0.0,5,,,,False,False,"filtersystemsaustralia.com.au, thinkwater.com.au, psifilters.com.au","filtersystemsaustralia.com.au, alkaviva.com.au, wateranalytics.com.au",,,,
aquaramic filter,,,,,,,,,,,,,,,,,,2,,,,False,False,"filtersystemsaustralia.com.au, aquacoolerdirect.com.au",,,,,
offline filtration australia,,,,,,,,,,,,,,,,,,10,,,,False,False,"pearlfiltration.com.au, macnaught.com, filtersystemsaustralia.com.au, alfawest.net, hengst.com.au, westernfilters.net.au, fltr.com.au, filtersplus.com.au","macnaught.com, russellfinex.com, vafmemstar.com.au, fltr.com.au",,,,
aquaramic pure water filter,,,,,,,,,,,,,,,,,,2,,,,False,False,"mywaterfilter.com.au, filtersystemsaustralia.com.au",filtersystemsaustralia.com.au,,,,
ro ro system,,,,,,,,,,,,,,,,,,1,,,,False,False,filtersystemsaustralia.com.au,filtersystemsaustralia.com.au,filtersystemsaustralia.com.au,,,
waterboy whole house system reviews,,,,,,,,,,,,,,,,,,2,,,,False,False,"filtersystemsaustralia.com.au, wateranalytics.com.au",,,,,
filter systems for water,,,,,,,,,,,,,,,,,,4,26,,filtersystemsaustralia.com.au,False,False,,,,,"completehomefiltration.com.au, wateranalytics.com.au, filtersystemsaustralia.com.au, cleanandclearwater.com.au",
hydroplus filter,,,,,,,,,,,,,,,,,,3,,,,False,False,"filtersystemsaustralia.com.au, alkaway.com.au, psifilters.com.au",,,,,
reverse osmosis systems australia,,22,,,,,,,,,,,,,,,,8,9,,filtersystemsaustralia.com.au,False,False,,,,,,"filtersystemsaustralia.com.au, aquala.au, homewaterfiltration.com.au, wateranalytics.com.au, greatwaterfilters.com.au, filtecwater.com, cleanandclearwater.com.au, waterscoaustralia.com.au"
clean & clear water filter,,,,,,,,,10.03,,10.03,0,,0,0.0,,0.0,2,20,,crystalclearwater.com.au,False,False,"filtersystemsaustralia.com.au, cleanandclearwater.com.au",cleanandclearwater.com.au,,,,
currimundi water filters,,,,,,,,,,,,,,,,,,5,,,,False,False,"trendhs.com.au, waterfilter.com.au, sunshinecoastwaterfilters.com.au","trendhs.com.au, sunshinecoastwaterfilters.com.au, waterfilter.net.au, filtersystemsaustralia.com.au",filtersystemsaustralia.com.au,,,
water softener australia,,21,,,,,,,1.42,,1.42,0,,0,26.26,,26.26,2,9,,waterfilter.com.au,False,False,"filtersystemsaustralia.com.au, carefree.com.au",,filtersystemsaustralia.com.au,,,
grow flow magnetic water conditioners,,,,,,,,,1.93,,1.93,0,,0,0.0,,0.0,3,,,,False,False,"carefree.com.au, hydrosmart.com.au, filtersystemsaustralia.com.au",,,,,
whole house water filtration system australia,,40,,,,,,,1.72,,1.72,0,,0,0.0,,0.0,6,27,,filtersystemsaustralia.com.au,False,False,,,,,"wateranalytics.com.au, filtersystemsaustralia.com.au, daveywater.com, oxfordandnelson.com.au, puretec.com.au, cleanandclearwater.com.au","wateranalytics.com.au, filtersystemsaustralia.com.au"
best water filter to improve taste,,,,,,,,,,,,,,,,,,4,,,,False,False,"waterscoaustralia.com.au, waterdropfilter.com.au, kynandfolk.com, filtersystemsaustralia.com.au",,,,,
aaro filter,,,,,,,,,,,,,,,,,,1,,,,False,False,filtersystemsaustralia.com.au,,,,,
best alkaline water filter australia,,20,,,,,,,2.27,,2.27,0,,0,0.0,,0.0,10,8,,aquamountain.com.au,False,False,,"alkaway.com.au, filpure.com.au, waterscoaustralia.com.au, cleanandclearwater.com.au","alkaway.com.au, waterscoaustralia.com.au, inflowfilter.com, waterfilter.net.au, philips.com.au, filpure.com.au, wateranalytics.com.au",alkaway.com.au,"waterdropfilter.com.au, waterscoaustralia.com.au, filtersystemsaustralia.com.au",
uv c water treatment,,,,,,,,,,,,,,,,,,4,,,,False,False,"ultraaqua.com, waterfilter.net.au, filtersystemsaustralia.com.au","ultraaqua.com, uvguard.com",,,,
diy reverse osmosis water system,,,,,,,,,,,,,,,,,,1,,,,False,False,filtersystemsaustralia.com.au,,,,,
home water filter fluoride,,,,,,,,,,,,,,,,,,4,,,,False,False,"waterscoaustralia.com.au, filtersystemsaustralia.com.au, wateranalytics.com.au, alkaviva.com.au","wateranalytics.com.au, filtersystemsaustralia.com.au, waterscoaustralia.com.au",,,,
ultraviolet water filtration system,,,,,,,,,,,,,,,,,,2,,,,False,False,"uvguard.com, filtersystemsaustralia.com.au",,,,,
doulton filter replacement,,,,,,,,,,,,,,,,,,5,,,,False,False,"purewatersystems.com.au, ebay.com.au, filtersystemsaustralia.com.au, waterfiltercompany.co.nz, amazon.com.au",,,,,
what size carbon filter do i need,,,,,,,,,,,,,,,,,,1,,,,True,False,filtersystemsaustralia.com.au,,,,,
best uv light water purifier,,,,,,,,,,,,,,,,,,4,,,,False,False,"wateranalytics.com.au, filtersystemsaustralia.com.au, ultraaqua.com, puretec.com.au",,,,,
advanced water filtration gold coast,,,,,,,,,,,,,,,,,,1,,,,False,False,filtersystemsaustralia.com.au,filtersystemsaustralia.com.au,,,,
doulton cartridges,,,,,,,,,,,,,,,,,,2,,,,False,False,"purewatersystems.com.au, filtersystemsaustralia.com.au",,,,,
john guest male adapter,,,,,,,,,,,,,,,,,,1,,,,False,False,filtersystemsaustralia.com.au,,,,,
www water filter,,,,,,,,,3.89,,3.89,0,,0,0.0,,0.0,2,,,,False,False,filtersystemsaustralia.com.au,filtersystemsaustralia.com.au,"filtersystemsaustralia.com.au, waterfilter.net.au",,,
worksite water coolers for sale,,,,,,,,,,,,,,,,,,4,,,,False,False,"aquacoolerdirect.com.au, filtersystemsaustralia.com.au, frigmac.com.au, purewatersystems.com.au",,,,,
carbon filters australia,,,,,,,,,0.91,,0.91,0,,0,0.47,,0.47,3,,,,False,False,"filtersystemsaustralia.com.au, vivosun.com, thorair.com.au",filtersystemsaustralia.com.au,,,,
ro purifier near me,,,,,,,,,,,,,,,,,,1,,,,False,False,filtersystemsaustralia.com.au,,,,,
tank water filtration australia,,,,,,,,,,,,,,,,,,3,,,,False,False,"filtersystemsaustralia.com.au, wateranalytics.com.au, thinkwater.com.au",,,,,
what does tds mean on a reverse osmosis system,,,,,,,,,,,,,,,,,,1,,,,True,False,filtersystemsaustralia.com.au,,,,,
domestic ro system price,,,,,,,,,,,,,,,,,,7,,,,False,False,"filtersystemsaustralia.com.au, philips.com.au, wateranalytics.com.au, waterdropfilter.com.au, comparewaterfilters.com.au, cuiyuantrade.com, psifilters.com.au",,,,,
10 micron water filter cartridge,,,,,,,,,,,,,,,,,,3,,,,False,False,"filtersystemsaustralia.com.au, ebay.com.au, amazon.com.au",,,,,
eumundi water filters,,,,,,,,,,,,,,,,,,6,,,,False,False,"sunshinecoastwaterfilters.com.au, filtersystemsaustralia.com.au","sunshinecoastwaterfilters.com.au, filtersystemsaustralia.com.au, trendhs.com.au","sunshinecoastwaterfilters.com.au, carefree.com.au, trendhs.com.au","homewaterfiltration.com.au, sunshinecoastwaterfilters.com.au","pearlfiltration.com.au, sunshinecoastwaterfilters.com.au, filtersystemsaustralia.com.au",
drinking water filter system for well water,,,,,,,,,,,,,,,,,,2,,,,False,False,"filtersystemsaustralia.com.au, thinkwater.com.au",,,,,
whole house structured water unit,,,,,,,,,,,,,,,,,,4,7,,innate-awareness.com,False,False,"hydrosmart.com.au, filtersystemsaustralia.com.au, wateranalytics.com.au, alkaviva.com.au",,,,,
best water filter for limescale,,,,,,,,,,,,,,,,,,3,,,,False,False,"filtersystemsaustralia.com.au, inflowfilter.com, waterdropfilter.com.au",,,,,
www waterfilters com au,,,,,,,,,,,,,,,,,,9,,,,False,False,"filtersystemsaustralia.com.au, purewatersystems.com.au","filtersystemsaustralia.com.au, watertestsystems.com.au, ozfilterwarehouse.com.au, pearlwaterfilters.com.au, thinkwater.com.au, waterscoaustralia.com.au","filtersystemsaustralia.com.au, purewatersystems.com.au, irrigationexpress.com.au",filtersystemsaustralia.com.au,"filtersystemsaustralia.com.au, aquacoolerdirect.com.au",
clarence water filters australia,,27,,,,,,,1.26,,1.26,0,,0,0.0,,0.0,2,1,,clarencewaterfilters.com.au,False,False,"clarencewaterfilters.com.au, filtersystemsaustralia.com.au","clarencewaterfilters.com.au, filtersystemsaustralia.com.au",clarencewaterfilters.com.au,clarencewaterfilters.com.au,,
healthy water filter systems,,,,,,,,,,,,,,,,,,1,,,,False,False,filtersystemsaustralia.com.au,,,,,
best quality ro water purifier,,,,,,,,,,,,,,,,,,6,,,,False,False,"waterdropfilter.com.au, waterscoaustralia.com.au, filty.com.au, filtersystemsaustralia.com.au, sunshinecoastwaterfilters.com.au, homewaterfiltration.com.au",,,,,
cost of uv water filtration system,,,,,,,,,,,,,,,,,,5,,,,False,False,"uvguard.com, thinkwater.com.au, wateranalytics.com.au, filtersystemsaustralia.com.au, comparewaterfilters.com.au",uvguard.com,uvguard.com,,,
pre sediment filter,,,,,,,,,,,,,,,,,,3,,,,False,False,"filtersystemsaustralia.com.au, thinkwater.com.au, psifilters.com.au",,,,,
farm water filter,,,,,,,,,2.07,,2.07,0,,0,6.25,,6.25,1,,,,False,False,filtersystemsaustralia.com.au,,,,,
alkaline filter reverse osmosis water system,,,,,,,,,,,,,,,,,,6,,,,False,False,"filtersystemsaustralia.com.au, waterfilter.net.au, mywaterfilter.com.au, psifilters.com.au",filtersystemsaustralia.com.au,"filtersystemsaustralia.com.au, waterdropfilter.com.au, alkaviva.com.au",,,
water filter to remove calcium and lime,,,,0.311051862673484,0.688948137326516,0.45945945945946,,,0.09,,0.09,0,,0,0.0,,0.0,5,,,,False,False,"filtersystemsaustralia.com.au, carefree.com.au, alkaviva.com.au, comparewaterfilters.com.au",activflo.com.au,,,,
purest water filter,,,,,,,,,,,,,,,,,,3,19,,aussieescapecaravans.com.au,False,False,ecobud.com.au,"filtersystemsaustralia.com.au, purewaterfiltration.com.au",,,,
water filters to buy,,,,,,,,,,,,,,,,,,7,30,,mywaterfilter.com.au,False,False,,,,,,
fresh water systems filters,,,,,,,,,,,,,,,,,,5,,,,False,False,filtersystemsaustralia.com.au,"purewatersystems.com.au, thinkwater.com.au, filtersystemsaustralia.com.au, psifilters.com.au",purewatersystems.com.au,"purewatersystems.com.au, thewaterdepot.com.au, filtersystemsaustralia.com.au",filtersystemsaustralia.com.au,
w10413645a water filter,,,,0.71819944598338,0.28180055401662,0.157894736842105,0.520833322482639,0.479166656684028,,,,,,,,,,3,,,,False,False,"crystalpure.com.au, discountfridgefilters.com.au, filtersystemsaustralia.com.au",,,,,
best water filter system for home use,,,,,,,,,,,,,,,,,,4,,,,False,False,"wateranalytics.com.au, filtersystemsaustralia.com.au, comparewaterfilters.com.au, waterscoaustralia.com.au",,,,,
best water filters perth,,,,,,,,,3.35,,3.35,0,,0,0.0,,0.0,4,,,,False,False,"filtersystemsaustralia.com.au, wateranalytics.com.au, comparewaterfilters.com.au, hiltonplumbing.com.au",,,,,
o rings adelaide,,13,,,,,,,0.55,,0.55,0,,0,0.0,,0.0,5,11,,conbear.com.au,False,False,,,"ausrubberservice.com.au, fluidseals.com.au, wurth.com.au, rs-online.com","wurth.com.au, filtersystemsaustralia.com.au",,
j water filter,,,,,,,,,,,,,,,,,,6,,,,False,False,thinkwater.com.au,"kynandfolk.com, psifilters.com.au",ecobud.com.au,"waterscoaustralia.com.au, thinkwater.com.au, filtersystemsaustralia.com.au",,
buy reverse osmosis filter,,,,,,,,,,,,,,,,,,3,,,,False,False,"filtersystemsaustralia.com.au, psifilters.com.au","filtersystemsaustralia.com.au, waterfilter.net.au",,,,
byron bay water filter systems,,,,,,,,,,,,,,,,,,9,,,,False,False,"homewaterfiltration.com.au, imperialpdg.com.au, wateranalytics.com.au, alkaway.com.au, filtersystemsaustralia.com.au","filtersystemsaustralia.com.au, purewatersystems.com.au, wateranalytics.com.au, alkaway.com.au, alkaviva.com.au","filtersystemsaustralia.com.au, kynandfolk.com, alkaway.com.au, wateranalytics.com.au, billi.com.au",,,
original ro membrane price,,,,,,,,,,,,,,,,,,3,,,,False,False,"filtersystemsaustralia.com.au, membraneshop.com.au, loyalmem.com",,,,,
watercircle australia water filtration company,,,,,,,,,1.85,,1.85,0,,0,0.0,,0.0,4,,,,False,False,"filtersystemsaustralia.com.au, thinkwater.com.au","filtersystemsaustralia.com.au, waterdropfilter.com.au, ebay.com.au",,,,
20 inch filter cartridge,,,,,,,,,,,,,,,,,,1,,,,False,False,filtersystemsaustralia.com.au,,,,,
best uv water filter system,,,,,,,,,,,,,,,,,,2,,,,False,False,filtersystemsaustralia.com.au,"uvguard.com, filtersystemsaustralia.com.au",,,,
whole house reverse osmosis system price,,,,,,,,,,,,,,,,,,1,,,,False,False,filtersystemsaustralia.com.au,,,,,
activated carbon filter water purifier,,,,,,,,,,,,,,,,,,1,,,,False,False,filtersystemsaustralia.com.au,,,,,
how does ro water purifier works,,,,,,,,,,,,,,,,,,2,,,,True,False,"waterdropfilter.com.au, filtersystemsaustralia.com.au",waterdropfilter.com.au,,,,
1 4 npt connector,,,,,,,,,,,,,,,,,,2,,,,False,False,"filtersystemsaustralia.com.au, rs-online.com",,,,,
water filter system tank,,,,,,,,,,,,,,,,,,3,6,,electel.net.au,False,False,"filtersystemsaustralia.com.au, puretec.com.au","filtersystemsaustralia.com.au, puretec.com.au, springwellwater.com",,,,
rain water harvesting filter,,,,,,,,,,,,,,,,,,2,,,,False,False,"filtersystemsaustralia.com.au, puretec.com.au",,,,,
undersink water filters,,,,0.289155264723379,0.710844735276621,0.219512195121951,0.281249991210938,0.718749977539063,1.81,,1.81,0,,0,38.69,,38.69,7,10,,puretec.com.au,False,False,,,,,"filtersystemsaustralia.com.au, completehomefiltration.com.au, puretec.com.au, aeonwaterfilters.com.au, bunnings.com.au, bestproductsaustralia.com, amazon.com.au",completehomefiltration.com.au
aqua pro elite systems filter replacement,,,,,,,,,,,,,,,,,,5,,,,False,False,"aquacoolerdirect.com.au, filtersystemsaustralia.com.au, ebay.com.au",aquacoolerdirect.com.au,"filtersystemsaustralia.com.au, shieldwaterfilter.com.au, clarencewaterfilters.com.au",,,
iron removal filter for water tank,,,,,,,,,,,,,,,,,,4,,,,False,False,"psifilters.com.au, filtersystemsaustralia.com.au, carefree.com.au",thinkwater.com.au,,,,
3 stage reverse osmosis,,,,,,,,,,,,,,,,,,1,,,,False,False,filtersystemsaustralia.com.au,,,,,
mains water filter cartridges,,,,,,,,,,,,,,,,,,3,,,,False,False,filtersystemsaustralia.com.au,filtersystemsaustralia.com.au,"completehomefiltration.com.au, filtersystemsaustralia.com.au, waterscoaustralia.com.au","completehomefiltration.com.au, filtersystemsaustralia.com.au",,
uv water filter kit,,,,,,,,,,,,,,,,,,4,,,,False,False,"filtersystemsaustralia.com.au, ultraaqua.com, psifilters.com.au","filtersystemsaustralia.com.au, uvguard.com, ultraaqua.com",,,,
carbon block water filter,,11,,0.445218658892128,0.554781341107872,0.489795918367347,0.2199999956,0.7799999844,0.89,,0.89,0,,0,5.76,,5.76,1,1,,filtersystemsaustralia.com.au,False,False,,filtersystemsaustralia.com.au,,,,
carbon filter water softener system,,,,,,,,,,,,,,,,,,2,,,,False,False,"filtersystemsaustralia.com.au, thinkwater.com.au",,,,,
water tank filter machine,,,,,,,,,,,,,,,,,,4,,,,False,False,"filtersystemsaustralia.com.au, puretec.com.au, thinkwater.com.au, wateranalytics.com.au",filtersystemsaustralia.com.au,filtersystemsaustralia.com.au,,,
uv lamp for water filter,,,,,,,,,,,,,,,,,,4,,,,False,False,"uvguard.com, filtersystemsaustralia.com.au, ultraaqua.com","filtersystemsaustralia.com.au, uvguard.com, mywaterfilter.com.au",filtersystemsaustralia.com.au,,,
hard water bullet,,,,0.345390625,0.654609375,0.125,0.214285709183674,0.785714267006803,,,,,,,,,,3,,,,False,False,"carefree.com.au, hydrosmart.com.au, filtersystemsaustralia.com.au","hydrosmart.com.au, carefree.com.au",,,,
best ro system for home brewing,,,,,,,,,,,,,,,,,,3,,,,False,False,filtersystemsaustralia.com.au,"filtersystemsaustralia.com.au, igulu.com, mywaterfilter.com.au",,,,
under sink filtration,,,,,,,,,,,,,,,,,,3,,,,False,False,"aquala.au, puretec.com.au","filtersystemsaustralia.com.au, puretec.com.au",,,,
sand filter for water tank,,,,,,,,,0.03,,0.03,0,,0,0.0,,0.0,2,,,,False,False,"filtersystemsaustralia.com.au, filtermate.com.au",,,,,
magnetic water conditioning,,,,,,,,,,,,,,,,,,3,,,,False,False,filtersystemsaustralia.com.au,carefree.com.au,"hydrosmart.com.au, filtersystemsaustralia.com.au",filtersystemsaustralia.com.au,,
water filter systems for house,,,,,,,,,,,,,,,,,,5,7,,aquasafe.com.au,False,False,,,"completehomefiltration.com.au, wateranalytics.com.au, cleanandclearwater.com.au, puretec.com.au, filtersystemsaustralia.com.au",completehomefiltration.com.au,,
water filters for tanks,,,,,,,,,,,,,,,,,,4,6,,tankdoctor.com.au,False,False,,,,,"completehomefiltration.com.au, purestwaterfiltration.com.au, filtermate.com.au, filtersystemsaustralia.com.au",
uv water filtration vs reverse osmosis,,,,,,,,,,,,,,,,,,6,,,,False,False,"waterscoaustralia.com.au, filtersystemsaustralia.com.au, waterfilter.net.au, uvguard.com, wateranalytics.com.au, ozfilterwarehouse.com.au","filtersystemsaustralia.com.au, waterscoaustralia.com.au",,,,
best ro filter for aquarium,,,,,,,,,,,,,,,,,,2,,,,False,False,"reefpurero.com.au, filtersystemsaustralia.com.au",,,,,
aquasana claryum filters,,,,,,,,,,,,,,,,,,4,,,,False,False,"mywaterfilter.com.au, filtersystemsaustralia.com.au, ebay.com.au, filtermate.com.au",,,,,
best inline water filters review,,,,,,,,,0.6,,0.6,0,,0,0.0,,0.0,2,,,,False,False,"filtersystemsaustralia.com.au, bestwaterfilters.com.au","bestwaterfilters.com.au, filtersystemsaustralia.com.au",,,,
best whole house filter for city water,,,,,,,,,,,,,,,,,,4,,,,False,False,"filtersystemsaustralia.com.au, wateranalytics.com.au, thinkwater.com.au, comparewaterfilters.com.au",,,,,
uv water sterilization system,,,,,,,,,,,,,,,,,,9,,,,False,False,puretec.com.au,"ultraaqua.com, sigmaaldrich.com, pearlfiltration.com.au, puretec.com.au, filtersystemsaustralia.com.au","filtecwater.com, filtersystemsaustralia.com.au, puretec.com.au, watertreat.com.au, elgalabwater.com, aquariusdrilling.com.au, ultraaqua.com",ultraaqua.com,filtecwater.com,
buy tap filter,,,,,,,,,,,,,,,,,,4,,,,False,False,"puratap.com.au, aquacoolerdirect.com.au","filtersystemsaustralia.com.au, blissfulhome.com.au",,,,
auro water purifier,,,,,,,,,,,,,,,,,,2,,,,False,False,"filtersystemsaustralia.com.au, waterfilter.net.au",,,,,
hydrologic water filter,,,,,,,,,,,,,,,,,,1,,,,False,False,filtersystemsaustralia.com.au,,,,,
do i need reverse osmosis system,,,,,,,,,,,,,,,,,,2,,,,True,False,"filtersystemsaustralia.com.au, waterdropfilter.com.au",waterdropfilter.com.au,,,,
sonaki australia,,,,,,,,,0.92,,0.92,0,,0,0.0,,0.0,2,2,,ginserv.in,False,False,sonaki.com.au,sonaki.com.au,"filtersystemsaustralia.com.au, sonaki.com.au",sonaki.com.au,sonaki.com.au,
20 4.5 water filter,,,,,,,,,,,,,,,,,,3,,,,False,False,"filtersystemsaustralia.com.au, psifilters.com.au, waterfilter.net.au",filtersystemsaustralia.com.au,,,,
how to install under sink water filter system,,8,,,,,,,,,,,,,,,,1,0,,bunnings.com.au,True,False,,filtersystemsaustralia.com.au,,,,
do all reverse osmosis systems remove fluoride,,,,,,,,,,,,,,,,,,3,,,,True,False,"waterdropfilter.com.au, filtersystemsaustralia.com.au, waterscoaustralia.com.au",waterdropfilter.com.au,waterdropfilter.com.au,,,
uv water purifier price,,,,,,,,,,,,,,,,,,1,,,,False,False,filtersystemsaustralia.com.au,,,,,
calmag water filter,,,,,,,,,,,,,,,,,,7,,,,False,False,"ecobud.com.au, alkaviva.com.au, filtersystemsaustralia.com.au, essentialservicesgroup.com.au","completehomefiltration.com.au, filtersystemsaustralia.com.au, waterfilter.com.au, waterfilterdistributors.com.au",,,,
water filter spun,,,,,,,,,,,,,,,,,,2,,,,False,False,"filtersystemsaustralia.com.au, psifilters.com.au",,,,,
water storage tank filter,,,,,,,,,,,,,,,,,,3,,,,False,False,"filtersystemsaustralia.com.au, puretec.com.au, thinkwater.com.au",,,,,
water purification sales,,,,,,,,,,,,,,,,,,7,,,,False,False,"thinkwater.com.au, filtersystemsaustralia.com.au, aquapax.com.au, fciwatermakers.com, thewaterdepot.com.au, psifilters.com.au","aquapax.com.au, thinkwater.com.au, prwater.com.au, filtersystemsaustralia.com.au",,,,
household water filtration system reviews,,,,,,,,,,,,,,,,,,3,,,,False,False,"filtersystemsaustralia.com.au, wateranalytics.com.au, waterdropfilter.com.au","filtersystemsaustralia.com.au, wateranalytics.com.au",,,,
tank water filters australia,,,,,,,,,,,,,,,,,,5,22,,sandraredlich.de,False,False,"filtersystemsaustralia.com.au, puretec.com.au, alkaviva.com.au, thinkwater.com.au",completehomefiltration.com.au,completehomefiltration.com.au,,,
water filtration northern rivers,,,,,,,,,,,,,,,,,,2,,,,False,False,wateranalytics.com.au,filtersystemsaustralia.com.au,"wateranalytics.com.au, filtersystemsaustralia.com.au",,,
domestic ro system,,,,,,,,,1.58,,1.58,0,,0,1.91,,1.91,2,,,,False,False,"filtersystemsaustralia.com.au, waterdropfilter.com.au",,,,,
can water filters remove fluoride,,,,,,,,,1.71,,1.71,0,,0,1.58,,1.58,2,,,,True,False,"waterscoaustralia.com.au, filtersystemsaustralia.com.au",,,,,
sink water filter reviews,,,,,,,,,,,,,,,,,,4,,,,False,False,waterdropfilter.com.au,"waterdropfilter.com.au, filtersystemsaustralia.com.au, waterscoaustralia.com.au, inflowfilter.com",waterdropfilter.com.au,,,
best residential water purification systems,,,,,,,,,,,,,,,,,,2,,,,False,False,"filtersystemsaustralia.com.au, wateranalytics.com.au",,,,,
afwfilters,,,,0.41368,0.58632,0.12,,,,,,,,,,,,1,,,,False,False,filtersystemsaustralia.com.au,filtersystemsaustralia.com.au,,,,
alkaline water filter system,,16,,0.727373113854595,0.272626886145405,0.444444444444444,0.433333318888889,0.566666647777778,2.36,,2.36,0,,0,13.5,,13.5,3,7,,zazenalkalinewater.com.au,False,False,,"alkaviva.com.au, alkaway.com.au, filtersystemsaustralia.com.au",,,,
10 inch 5 micron water filter,,,,,,,,,,,,,,,,,,4,,,,False,False,"filtersystemsaustralia.com.au, purewatersystems.com.au, shieldwaterfilter.com.au","filtersystemsaustralia.com.au, thinkwater.com.au",,,,
alkaline water filter system under sink,,,,,,,,,,,,,,,,,,4,,,,False,False,"alkaviva.com.au, filtersystemsaustralia.com.au, waterfilter.net.au, waterscoaustralia.com.au",,,,,
house water tank filter,,,,,,,,,,,,,,,,,,6,,,,False,False,"filtersystemsaustralia.com.au, puretec.com.au, wateranalytics.com.au","filtersystemsaustralia.com.au, puretec.com.au, hydrosmart.com.au, daveywater.com, thinkwater.com.au","thinkwater.com.au, puretec.com.au, filtersystemsaustralia.com.au","filtersystemsaustralia.com.au, puretec.com.au, daveywater.com",,
water filters that remove nitrates,,,,,,,,,,,,,,,,,,3,,,,False,False,"waterscoaustralia.com.au, filtersystemsaustralia.com.au","filtersystemsaustralia.com.au, waterscoaustralia.com.au, alkaviva.com.au",,,,
ro system price,,,,,,,,,,,,,,,,,,1,,,,False,False,filtersystemsaustralia.com.au,,,,,
water filtration replacement filters,,,,,,,,,0.57,,0.57,0,,0,0.0,,0.0,2,8,,zipwater.com,False,False,filtersystemsaustralia.com.au,,,,,
industrial water filtration systems perth,,,,,,,,,,,,,,,,,,11,,,,False,False,"elkay.com, russellfinex.com, unitedrentals.com",aquariuswaterfilters.com.au,"prwater.com.au, oleology.com.au, cloudtap.com.au, aquapax.com.au, russellfinex.com","russellfinex.com, prwater.com.au, wateranalytics.com.au, waterfilter.com.au, filtersystemsaustralia.com.au",,
alexapure water filters,,,,0.346966892132431,0.653033107867569,0.188679245283019,0.395348828015144,0.604651148729043,,,,,,,,,,3,,,,False,False,"alkaviva.com.au, purewater4life.com.au","alkaviva.com.au, filtersystemsaustralia.com.au",,,,
ultra violet filtration,,,,,,,,,,,,,,,,,,2,1,,thefishworks.com.au,False,False,uvguard.com,uvguard.com,filtersystemsaustralia.com.au,uvguard.com,,
aquasana whole house water,,,,,,,,,,,,,,,,,,5,,,,False,False,"filtersystemsaustralia.com.au, mywaterfilter.com.au, alkaviva.com.au, thinkwater.com.au","mywaterfilter.com.au, wateranalytics.com.au","mywaterfilter.com.au, filtersystemsaustralia.com.au, wateranalytics.com.au, alkaviva.com.au",,,
uv light water filter price,,,,,,,,,,,,0,,0,14.92,,14.92,1,1,,uark.edu,False,False,filtersystemsaustralia.com.au,,,,,
what is the healthiest water filtration system,,,,,,,,,,,,,,,,,,6,,,,True,False,"wateranalytics.com.au, waterscoaustralia.com.au, filtersystemsaustralia.com.au, kynandfolk.com, comparewaterfilters.com.au, alkaviva.com.au","waterscoaustralia.com.au, filtersystemsaustralia.com.au",,,,
water filter accessories,,,,,,,,,0.44,,0.44,0,,0,2.94,,2.94,2,6,,makro.co.za,False,False,"filtersystemsaustralia.com.au, aquacoolerdirect.com.au",,,,,
billabong water filter,,,,,,,,,0.72,,0.72,0,,0,0.0,,0.0,8,,,,False,False,"auspurifiers.com.au, ecobud.com.au, filtersystemsaustralia.com.au","kynandfolk.com, auspurifiers.com.au, psifilters.com.au","auspurifiers.com.au, billi.com.au, kynandfolk.com",waterfilter.net.au,purewater4life.com.au,
certified water filters,,,,,,,,,,,,,,,,,,4,,,,False,False,"waterscoaustralia.com.au, aquapax.com.au, filtersystemsaustralia.com.au, tappwater.com.au",,,,,
shower filter cartridge,,13,,,,,,,1.76,,1.76,0,,0,0.21,,0.21,1,1,,amazon.com.au,False,False,,filtersystemsaustralia.com.au,,,,
steel water filter 10 liter price,,,,,,,,,,,,,,,,,,4,,,,False,False,filtersystemsaustralia.com.au,"mywaterfilter.com.au, filtersystemsaustralia.com.au, alkaviva.com.au, earthtank.com.au",,,,
water filter system service,,,,,,,,,,,,,,,,,,1,,,,False,False,filtersystemsaustralia.com.au,,,,,
best residential reverse osmosis system,,,,,,,,,,,,,,,,,,4,,,,False,False,"filtersystemsaustralia.com.au, psifilters.com.au","waterdropfilter.com.au, filtersystemsaustralia.com.au, wateranalytics.com.au","filtersystemsaustralia.com.au, waterdropfilter.com.au",,,
water filters byron bay,,,,,,,,,2.16,,2.16,0,,0,0.0,,0.0,8,13,,capebyronplumbing.com.au,False,False,"google.com, waterscoaustralia.com.au","alkaviva.com.au, purewatersystems.com.au","filtersystemsaustralia.com.au, clarencewaterfilters.com.au, waterscoaustralia.com.au, purewatersystems.com.au, graywaterplumbing.com.au",filtersystemsaustralia.com.au,,
b031-1-1 water filter,,,,,,,,,,,,,,,,,,1,,,,False,False,filtersystemsaustralia.com.au,,,,,
best home water filter australia,,31,,,,,,,,,,,,,,,,10,15,,choice.com.au,False,False,,,,,"philips.com.au, puretec.com.au, cleanandclearwater.com.au, waterscoaustralia.com.au, filtersystemsaustralia.com.au, wateranalytics.com.au, zipwater.com, cloudtap.com.au","aquala.au, waterscoaustralia.com.au, wateranalytics.com.au, philips.com.au, cloudtap.com.au, hyperwellbeing.com.au, filtersystemsaustralia.com.au"
what is reverse osmosis technology,,,,,,,,,,,,,,,,,,1,,,,True,False,filtersystemsaustralia.com.au,,,,,
15l water bottle dispenser,,14,,,,,,,0.37,,0.37,0,,0,1.71,,1.71,5,0,,bigspringswater.com.au,False,False,,"summersprings.com.au, officeworks.com.au, filtersystemsaustralia.com.au, aquacoolerdirect.com.au, templeandwebster.com.au",,,,
whole house chlorine removal,,,,,,,,,,,,,,,,,,4,,,,False,False,"filtersystemsaustralia.com.au, cleanandclearwater.com.au, alkaviva.com.au, thinkwater.com.au",filtersystemsaustralia.com.au,,,,
best water filter for coliform bacteria,,,,0.711426611796982,0.288573388203018,0.333333333333333,,,,,,,,,,,,3,,,,False,False,"filtersystemsaustralia.com.au, wateranalytics.com.au, alkaviva.com.au",,,,,
crystal clear water filter,,,,,,,,,2.23,,2.23,0,,0,0.04,,0.04,1,21,,crystalclearaustralia.com,False,False,,,,,,
mains water limescale filter,,,,,,,,,,,,,,,,,,2,,,,False,False,"filtersystemsaustralia.com.au, alkaviva.com.au",,,,,
in home water filter systems,,50,,,,,,,,,,,,,,,,8,23,,filtersystemsaustralia.com.au,False,False,,,"completehomefiltration.com.au, wateranalytics.com.au, cleanandclearwater.com.au, purpleduck.com.au, filtap.com.au, purestwaterfiltration.com.au, filtersystemsaustralia.com.au","completehomefiltration.com.au, cleanandclearwater.com.au, wateranalytics.com.au, aquala.au",,
filter to remove high ph shower tap,,,,,,,,,,,,,,,,,,2,,,,False,False,"wellverti.com.au, filtersystemsaustralia.com.au",,,,,
water filtration unit for home,,,,,,,,,,,,,,,,,,3,,,,False,False,"wateranalytics.com.au, filtersystemsaustralia.com.au, cleanandclearwater.com.au",,,,,
domestic water filter cartridges,,,,,,,,,0.57,,0.57,0,,0,0.0,,0.0,5,,,,False,False,"filtersystemsaustralia.com.au, ozfilterwarehouse.com.au","completehomefiltration.com.au, filtersystemsaustralia.com.au, amazon.com.au, waterfilterdistributors.com.au",,,,
all about filters,,,,,,,,,,,,,,,,,,1,,,,False,False,filtersystemsaustralia.com.au,,,,,
salt water filtration system,,,,,,,,,5.19,,5.19,0,,0,0.0,,0.0,3,3,,army.mil,False,False,"filtersystemsaustralia.com.au, thinkwater.com.au",filtersystemsaustralia.com.au,"watermakers.com.au, filtersystemsaustralia.com.au",,,
household water filtration unit,,,,,,,,,,,,,,,,,,6,,,,False,False,"thinkwater.com.au, puretec.com.au, filtersystemsaustralia.com.au, wateranalytics.com.au","wateranalytics.com.au, filtersystemsaustralia.com.au, comparewaterfilters.com.au","filtersystemsaustralia.com.au, puretec.com.au, wateranalytics.com.au","wateranalytics.com.au, filtersystemsaustralia.com.au, thinkwater.com.au, daveywater.com",,
wound filter cartridge,,,,,,,,,,,,,,,,,,5,2,,desaltek.com.au,False,False,"filtersystemsaustralia.com.au, made-in-china.com",filtersystemsaustralia.com.au,"filtersystemsaustralia.com.au, brotherfiltration.com, sterlitech.com, inococn.com",,,
omnipure reverse osmosis,,,,,,,,,1.33,,1.33,0,,0,2.58,,2.58,5,,,,False,False,"psifilters.com.au, filtersystemsaustralia.com.au, purewatersystems.com.au, waterdropfilter.com.au","filtersystemsaustralia.com.au, mywaterfilter.com.au",,,,
whole house water filter system australia,,27,,,,,,,,,,,,,,,,6,15,,filtersystemsaustralia.com.au,False,False,,,"wateranalytics.com.au, aquala.au, filtersystemsaustralia.com.au, puretec.com.au, waterfilter.com.au, cloudtap.com.au",,,
reverse osmosis water filters brisbane,,35,,,,,,,2.37,,2.37,0,,0,0.0,,0.0,4,20,,filtersystemsaustralia.com.au,False,False,,,,"filtersystemsaustralia.com.au, filteredwatersolutions.com.au, aquala.au, homewaterfiltration.com.au",,
crystal water filter,,,,,,,,,3.84,,3.84,0,,0,10.38,,10.38,3,13,,highcrystalwater.com,False,False,"thinkwater.com.au, psifilters.com.au, filtersystemsaustralia.com.au",,,,,
water filter 2 stage,,18,,,,,,,1.06,,1.06,0,,0,0.0,,0.0,1,6,,bunnings.com.au,False,False,,filtersystemsaustralia.com.au,,,,
water filter kits,,,,,,,,,,,,,,,,,,4,21,,shieldwaterfilter.com.au,False,False,filtersystemsaustralia.com.au,"filtersystemsaustralia.com.au, alkaviva.com.au, flowpure.com, waterdropfilter.com.au",,,,
hard water filter for whole house,,,,,,,,,,,,,,,,,,9,,,,False,False,"wateranalytics.com.au, fltr.com.au, activflo.com.au, filtersystemsaustralia.com.au, completehomefiltration.com.au, homewaterfiltration.com.au","filtersystemsaustralia.com.au, homewaterfiltration.com.au, wateranalytics.com.au, jilawater.com.au, cleanandclearwater.com.au, puretec.com.au",,,,
antimicrobial water filter,,,,,,,,,,,,,,,,,,3,,,,False,False,"kynandfolk.com, filtersystemsaustralia.com.au, alkaway.com.au",,,,,
boring water filter,,,,,,,,,,,,,,,,,,4,7,,elliottsfiltration.com.au,False,False,"hydrosmart.com.au, carefree.com.au, psifilters.com.au, filtersystemsaustralia.com.au",,,,,
water softener filter system reviews,,,,,,,,,,,,,,,,,,2,,,,False,False,filtersystemsaustralia.com.au,"filtersystemsaustralia.com.au, wateranalytics.com.au",,,,
filter grey water for drinking,,,,,,,,,,,,,,,,,,3,,,,False,False,filtersystemsaustralia.com.au,"aquapax.com.au, filtersystemsaustralia.com.au, daveywater.com",,,,
123filter,,,,0.530095804906372,0.469904195093628,0.228915662650602,0.0624999990234375,0.937499985351563,,,,,,,,,,2,,,,False,False,"filtersystemsaustralia.com.au, psifilters.com.au",,,,,
how to change reverse osmosis filters,,,,,,,,,,,,,,,,,,1,,,,True,False,filtersystemsaustralia.com.au,,,,,
portable reverse osmosis system,,,,0.674849491713144,0.325150508286856,0.339622641509434,0.438095233922903,0.561904756553288,0.97,,0.97,0,,0,15.29,,15.29,1,1,,preppro.com.au,False,False,filtersystemsaustralia.com.au,,,,,
charcoal filtration system,,,,,,,,,,,,,,,,,,1,,,,False,False,filtersystemsaustralia.com.au,,,,,
price of residential water filter system,,,,,,,,,,,,,,,,,,4,,,,False,False,"fullhousefiltration.com.au, filtersystemsaustralia.com.au, filtermate.com.au, waterfilterguy.com.au",,,,,
aqua plus filter,,,,,,,,,0.47,,0.47,0,,0,8.72,,8.72,2,19,,aquaplusfiltration.com.au,False,False,filtersystemsaustralia.com.au,"filtersystemsaustralia.com.au, alkaviva.com.au",,,,
us filter water softener,,,,,,,,,,,,,,,,,,3,,,,False,False,"filtersystemsaustralia.com.au, thinkwater.com.au, carefree.com.au",,,,,
five stage reverse osmosis filter system,,,,,,,,,,,,,,,,,,4,,,,False,False,"filtersystemsaustralia.com.au, mywaterfilter.com.au, purewatersystems.com.au, waterscoaustralia.com.au",,,,,
main line water filter,,,,,,,,,,,,,,,,,,1,,,,False,False,filtersystemsaustralia.com.au,filtersystemsaustralia.com.au,,,,
pure one water filter,,,,,,,,,,,,,,,,,,8,,,,False,False,"purewatersystems.com.au, waterfiltercompany.co.nz, purewater4life.com.au, kynandfolk.com, ultralightgear.com.au, filtersystemsaustralia.com.au, alkaviva.com.au, comparewaterfilters.com.au",purewatersystems.com.au,"purewater4life.com.au, purewatersystems.com.au",,,
fish tank reverse osmosis water filter,,,,,,,,,,,,,,,,,,2,,,,False,False,"filtersystemsaustralia.com.au, reefpurero.com.au",filtersystemsaustralia.com.au,filtersystemsaustralia.com.au,,,
home tank water filter system,,,,,,,,,2.07,,2.07,0,,0,1.86,,1.86,5,18,,tankshop.com.au,False,False,"filtersystemsaustralia.com.au, puretec.com.au, filtermate.com.au","filtersystemsaustralia.com.au, puretec.com.au, thinkwater.com.au, wateranalytics.com.au",thinkwater.com.au,"thinkwater.com.au, wateranalytics.com.au",,
best whole home water filtration system victoria,,,,,,,,,,,,,,,,,,3,,,,False,False,"cleanandclearwater.com.au, purewaterfiltration.com.au, filtersystemsaustralia.com.au",,,,,
caravan water filters reviews,,,,,,,,,0.52,,0.52,0,,0,0.0,,0.0,2,9,,onestopcaravanshop.com.au,False,False,filtersystemsaustralia.com.au,"filtersystemsaustralia.com.au, carac.com.au",,,,
watermark filters,,26,,,,,,,0.95,,0.95,0,,0,0.0,,0.0,1,21,,filtersystemsaustralia.com.au,False,False,,,,,,
5 micron water filter price,,,,,,,,,,,,,,,,,,1,,,,False,False,filtersystemsaustralia.com.au,,,,,
choice water filters,,58,,,,,,,0.36,,0.36,0,,0,0.0,,0.0,1,28,,choice.com.au,False,False,,filtersystemsaustralia.com.au,,,,
berkey solid block carbon filters,,,,,,,,,,,,,,,,,,3,,,,False,False,purewater4life.com.au,"purewater4life.com.au, mywaterfilter.com.au, filtersystemsaustralia.com.au",purewater4life.com.au,purewater4life.com.au,,
caravan water filter housing,,,,,,,,,,,,,,,,,,1,,,,False,False,filtersystemsaustralia.com.au,,,,,
aqua pro reverse osmosis water filter,,,,,,,,,,,,,,,,,,5,,,,False,False,"filtersystemsaustralia.com.au, purewatersystems.com.au","waterfilter.net.au, purewaterfiltration.com.au, landwater.com.au, filtersystemsaustralia.com.au",,,,
uv lamps australia,,13,,,,,,,1.55,,1.55,0,,0,8.78,,8.78,1,3,,uvguard.com,False,False,,filtersystemsaustralia.com.au,,,,
clarence valley water filters,,8,,,,,,,,,,,,,,,,5,7,,clarencewaterfilters.com.au,False,False,clarencewaterfilters.com.au,"clarencewaterfilters.com.au, filtersystemsaustralia.com.au, purewatersystems.com.au, thinkwater.com.au","filtersystemsaustralia.com.au, clarencewaterfilters.com.au, thinkwater.com.au","clarencewaterfilters.com.au, filtersystemsaustralia.com.au","clarencewaterfilters.com.au, waterscoaustralia.com.au",
reverse osmosis water storage tank,,,,,,,,,,,,,,,,,,1,,,,False,False,filtersystemsaustralia.com.au,,,,,
reverse-osmosis-purification,,18,,,,,,,,,,,,,,,,2,3,,purewatersystems.com.au,False,False,,,,,"completehomefiltration.com.au, filtersystemsaustralia.com.au",
what kind of water filter removes fluoride,,,,,,,,,,,,,,,,,,3,,,,True,False,"filtersystemsaustralia.com.au, waterscoaustralia.com.au",ecobud.com.au,waterscoaustralia.com.au,,,
reverse osmosis water filter brisbane,,28,,,,,,,2.37,,2.37,0,,0,17.29,,17.29,2,19,,filteredwatersolutions.com.au,False,False,,,,,completehomefiltration.com.au,filtersystemsaustralia.com.au
house water treatment system,,,,,,,,,,,,,,,,,,3,,,,False,False,"thinkwater.com.au, filtersystemsaustralia.com.au",wateranalytics.com.au,,,,
industrial inline water filters,,,,,,,,,,,,,,,,,,3,,,,False,False,"brotherfiltration.com, filtecwater.com, filtersystemsaustralia.com.au",,,,,
20 inch big blue water filter cartridge,,,,,,,,,,,,,,,,,,7,,,,False,False,"filtersystemsaustralia.com.au, ebay.com.au, shieldwaterfilter.com.au, purewatersystems.com.au","filtersystemsaustralia.com.au, waterfilter.net.au, ebay.com.au, plumbingproducts.com.au, irrigationexpress.com.au","filtersystemsaustralia.com.au, ebay.com.au",,,
sippy downs water filters,,,,,,,,,,,,,,,,,,5,,,,False,False,"sunshinecoastwaterfilters.com.au, purewatersystems.com.au, filtersystemsaustralia.com.au","sunshinecoastwaterfilters.com.au, water-filter-sentry.com.au","sunshinecoastwaterfilters.com.au, trendhs.com.au",water-filter-sentry.com.au,"sunshinecoastwaterfilters.com.au, filtersystemsaustralia.com.au","sunshinecoastwaterfilters.com.au, filtersystemsaustralia.com.au"
aro water filter,,,,,,,,,,,,0,,0,0.67,,0.67,4,5,,hydroponicsguru.com.au,False,False,"royolwater.com, waterdropfilter.com.au, filtersystemsaustralia.com.au","filtersystemsaustralia.com.au, psifilters.com.au",,,,
environmental water systems reviews,,,,,,,,,,,,,,,,,,4,7,,ebay.com,False,False,"carefree.com.au, filtersystemsaustralia.com.au, waterscoaustralia.com.au, wateranalytics.com.au",,,,,
low pressure water filter,,,,,,,,,,,,0,,0,0.38,,0.38,2,,,,False,False,"filtersystemsaustralia.com.au, thinkwater.com.au",,,,,
1 2 micron water filter,,,,,,,,,,,,,,,,,,3,,,,False,False,filtersystemsaustralia.com.au,"filtersystemsaustralia.com.au, thinkwater.com.au, psifilters.com.au",filtersystemsaustralia.com.au,,,
acidic water filter,,,,,,,,,,,,,,,,,,1,0,,cooeewater.com.au,False,False,filtersystemsaustralia.com.au,filtersystemsaustralia.com.au,,,,
american plumber water filter,,,,0.465159690537592,0.534840309462408,0.352112676056338,0.391304339319471,0.608695638941399,,,,,,,,,,3,,,,False,False,"killerfilter.com, filtersystemsaustralia.com.au",thinkwater.com.au,,,,
best water filter system for well water,,,,,,,,,,,,,,,,,,6,,,,False,False,"filtersystemsaustralia.com.au, wateranalytics.com.au, purewaterfiltration.com.au, thinkwater.com.au, comparewaterfilters.com.au, alkaviva.com.au",,,,,
water filtration solutions,,,,,,,,,1.41,,1.41,0,,0,0.0,,0.0,7,50,,waterfiltrationsolutions.com.au,False,False,"h2ostores.com, inflowfilter.com, alkaviva.com.au, filtersystemsaustralia.com.au, wateranalytics.com.au",,,wateranalytics.com.au,"wateranalytics.com.au, filtersystemsaustralia.com.au, hydrosmart.com.au, filteredwatersolutions.com.au",
fsa filter systems australia,,22,,,,,,,0.86,,0.86,0,,0,6.63,,6.63,1,20,,filtersystemsaustralia.com.au,False,False,,,,,,
9 stage water filter,,,,,,,,,,,,,,,,,,6,,,,False,False,"filtersystemsaustralia.com.au, alkaviva.com.au, waterdropfilter.com.au, wateranalytics.com.au, blissfulhome.com.au, psifilters.com.au",,,,,
order berkey filters,,,,,,,,,,,,,,,,,,5,,,,False,False,purewater4life.com.au,"purewater4life.com.au, mywaterfilter.com.au, holyh2o.com.au, filtersystemsaustralia.com.au, ebay.com.au",purewater4life.com.au,purewater4life.com.au,"purewater4life.com.au, mywaterfilter.com.au",
everpure filter,,,,,,,,,,,,,,,,,,2,,,,False,False,filtersystemsaustralia.com.au,essentialservicesgroup.com.au,,,,
calcite filter system,,,,,,,,,,,,,,,,,,4,,,,False,False,"filtersystemsaustralia.com.au, thinkwater.com.au, fltr.com.au, carefree.com.au",,,,,
hiflo water filter,,,,,,,,,,,,,,,,,,6,,,,False,False,filtersystemsaustralia.com.au,"filtersystemsaustralia.com.au, purewatersystems.com.au, buildmat.com.au","filtersystemsaustralia.com.au, alkaviva.com.au, thinkwater.com.au, buildmat.com.au",ebay.com.au,filtersystemsaustralia.com.au,"filtersystemsaustralia.com.au, buildmat.com.au"
6 stage reverse osmosis system,,,,,,,,,2.42,,2.42,0,,0,2.34,,2.34,4,,,,False,False,waterdropfilter.com.au,"filpure.com.au, water-filter-sentry.com.au",filtersystemsaustralia.com.au,,,
tank water filtration,,,,,,,,,,,,,,,,,,7,,,,False,False,puretec.com.au,"filtersystemsaustralia.com.au, puretec.com.au, filtermate.com.au, daveywater.com, wateranalytics.com.au, alkaviva.com.au, qmaxpumping.com.au",filtersystemsaustralia.com.au,,,
secure water filter,,,,,,,,,,,,,,,,,,7,,,,False,False,water-filter-sentry.com.au,"alkaviva.com.au, filpure.com.au, psifilters.com.au","purewatersystems.com.au, alkaviva.com.au, filtersystemsaustralia.com.au, waterfilter.net.au","waterfilter.net.au, alkaviva.com.au",,
ultraviolet sterilization systems,,,,,,,,,,,,,,,,,,3,,,,False,False,"laftech.com.au, filtersystemsaustralia.com.au",ultraaqua.com,,,,
carbon block filter,,11,,0.291673525377229,0.708326474622771,0.481481481481481,0.249999991071429,0.749999973214287,0.64,,0.64,0,,0,1.61,,1.61,1,0,,filtersystemsaustralia.com.au,False,False,,filtersystemsaustralia.com.au,,,,
tap water filter australia,,53,,,,,,,,,,,,,,,,5,19,,tappwater.com.au,False,False,,,,,,
home water filtration systems that remove fluoride,,,,,,,,,,,,,,,,,,6,,,,False,False,"wateranalytics.com.au, waterdropfilter.com.au, filtersystemsaustralia.com.au, waterfilter.net.au, waterscoaustralia.com.au, comparewaterfilters.com.au",wateranalytics.com.au,wateranalytics.com.au,wateranalytics.com.au,,
how does a 5 stage reverse osmosis system work,,,,,,,,,,,,,,,,,,1,,,,True,False,filtersystemsaustralia.com.au,filtersystemsaustralia.com.au,,,,
2-stage water filter system,,17,,,,,,,,,,,,,,,,1,7,,filteredwatersolutions.com.au,False,False,,,,,,
aqua pro water filters australia,,,,,,,,,0.29,,0.29,0,,0,0.0,,0.0,3,,,,False,False,filtersystemsaustralia.com.au,"filtersystemsaustralia.com.au, purewatersystems.com.au, clarencewaterfilters.com.au",,,,
water softener and whole home filter in one,,,,,,,,,,,,,,,,,,3,,,,False,False,wateranalytics.com.au,"filtersystemsaustralia.com.au, wateranalytics.com.au, thinkwater.com.au",wateranalytics.com.au,wateranalytics.com.au,,
offline filtration sydney,,,,,,,,,,,,,,,,,,15,,,,False,False,"purestwaterfiltration.com.au, russellfinex.com, aquaserve.com.au","minthomefiltration.com, pearlfiltration.com.au, purestwaterfiltration.com.au","purewaterfiltration.com.au, minthomefiltration.com, filtap.com.au","filtersystemsaustralia.com.au, wateranalytics.com.au","purpleduck.com.au, russellfinex.com, brotherfiltration.com, fltr.com.au","oleology.com.au, bluemont.com.au, wateranalytics.com.au, emergencyhomeservices.com.au"
inline water filter reviews,,,,,,,,,0.57,,0.57,0,,0,0.0,,0.0,3,,,,False,False,filtersystemsaustralia.com.au,"filtersystemsaustralia.com.au, alkaviva.com.au, choice.com.au",,,,
cq 1000 shower filter,,,,,,,,,,,,,,,,,,10,,,,False,False,"waterscoaustralia.com.au, filtersystemsaustralia.com.au, purewatersystems.com.au","wellverti.com.au, filtersystemsaustralia.com.au, sonaki.com.au, holyh2o.com.au, waterscoaustralia.com.au, thehydrafilter.com","puritibeauty.com, waterfilter.net.au, ngillaflow.com, filtersystemsaustralia.com.au",,,
water filters under counter,,,,,,,,,,,,,,,,,,4,7,,purewatersystems.com.au,False,False,,,,,,
filter under,,,,,,,,,,,,,,,,,,1,,,,False,False,filtersystemsaustralia.com.au,filtersystemsaustralia.com.au,,,,
prc1 water filter cartridge,,,,,,,,,1.16,,1.16,0,,0,0.0,,0.0,4,2,,caravancampingsales.com.au,False,False,"filtersystemsaustralia.com.au, ebay.com.au, purewatersystems.com.au","ebay.com.au, filtersystemsaustralia.com.au, purewatersystems.com.au","ebay.com.au, filtersystemsaustralia.com.au, 2magpies.com.au",,,
calcite water filter systems,,,,,,,,,,,,,,,,,,1,,,,False,False,filtersystemsaustralia.com.au,filtersystemsaustralia.com.au,filtersystemsaustralia.com.au,filtersystemsaustralia.com.au,,
ultra filtration system,,,,,,,,,,,,,,,,,,4,,,,False,False,"filpure.com.au, filtersystemsaustralia.com.au","centurionaprs.com, filtersystemsaustralia.com.au, bjholves.com",,,,
water filter ukf8001axx 200,,,,,,,,,,,,,,,,,,2,,,,False,False,"filtersystemsaustralia.com.au, discountfridgefilters.com.au",,,,,
best water filters for the home,,,,,,,,,,,,,,,,,,4,22,,purewatersystems.com.au,False,False,,,,,"completehomefiltration.com.au, wateranalytics.com.au, cleanandclearwater.com.au, filtersystemsaustralia.com.au",
aqua rain water filter,,,,,,,,,,,,,,,,,,4,,,,False,False,"filtersystemsaustralia.com.au, alkaviva.com.au","purewatersystems.com.au, filtersystemsaustralia.com.au, micronwaterfilters.com.au",,,,
charcoal for water filtration,,,,,,,,,0.23,,0.23,0,,0,0.0,,0.0,3,3,,naturalfilters.com.au,False,False,"amazon.com.au, zhongjucarbon.com, filtersystemsaustralia.com.au",,,,,
best water treatment for home,,,,,,,,,,,,,,,,,,2,,,,False,False,"wateranalytics.com.au, filtersystemsaustralia.com.au",,,,,
inline uv water sterilizer,,,,,,,,,,,,,,,,,,3,,,,False,False,filtersystemsaustralia.com.au,"filtersystemsaustralia.com.au, waterfilter.net.au, ultraaqua.com",ultraaqua.com,,,
best water filter for hard water,,,,,,,,,,,,,,,,,,1,,,,False,False,filtersystemsaustralia.com.au,,,,,
greatwater filters?,,,,,,,,,,,,,,,,,,1,,,,False,False,filtersystemsaustralia.com.au,,,,,
10 inch carbon water filter,,,,,,,,,,,,,,,,,,1,,,,False,False,filtersystemsaustralia.com.au,filtersystemsaustralia.com.au,,,,
whole house filtration perth,,,,,,,,,,,,,,,,,,17,27,,alkimosplumbingandgas.com.au,False,False,"puremainswater.com.au, pacerplumbing.com.au, aussienaturalfiltration.com.au","purewaterfiltration.com.au, completehomefiltration.com.au, westozwaterfilters.com.au, hydrotechgroup.com.au, waterfilterman.com.au, fullhousefiltration.com.au, wateranalytics.com.au, cloudtap.com.au, pacerplumbing.com.au, clearhavenwaterfiltration.com.au","osmosiswaterfilters.com.au, hydrotechgroup.com.au, waterfilterman.com.au, homewaterfiltration.com.au, wateranalytics.com.au, lumika.com.au","purewaterfiltration.com.au, wateranalytics.com.au","completehomefiltration.com.au, wateranalytics.com.au, filtersystemsaustralia.com.au, aquariuswaterfilters.com.au",
water filter canberra,,50,,,,,,,1.27,,1.27,0,,0,0.0,,0.0,16,36,,aquasafe.com.au,False,False,"primeplumbingservice.com.au, filtersystemsaustralia.com.au, purewatersystems.com.au, wateranalytics.com.au","filtersystemsaustralia.com.au, primeplumbingservice.com.au, bigspringswater.com.au, greatwaterfilters.com.au, waterscoaustralia.com.au, carefree.com.au, purewaterfiltration.com.au, wateranalytics.com.au, psifilters.com.au","filtersystemsaustralia.com.au, greatwaterfilters.com.au, primeplumbingservice.com.au, carawater.com.au, wateranalytics.com.au, valueh2o.com.au, bigspringswater.com.au, alkaviva.com.au","filteredfresh.com.au, comparewaterfilters.com.au, filtersystemsaustralia.com.au, wateranalytics.com.au, primeplumbingservice.com.au, waterscoaustralia.com.au",,
compare under sink water filters,,,,,,,,,,,,,,,,,,3,,,,False,False,"waterdropfilter.com.au, filtersystemsaustralia.com.au, comparewaterfilters.com.au",waterdropfilter.com.au,,,,
orbit water systems,,,,,,,,,,,,,,,,,,3,,,,False,False,filtersystemsaustralia.com.au,"filtersystemsaustralia.com.au, sunshoweronline.com.au, netagarden.com.au",,,,
water cooler filters australia,,,,,,,,,2.64,,2.64,0,,0,0.0,,0.0,3,,,,False,False,"filtersystemsaustralia.com.au, watercoolersuperstore.com.au","aquacoolerdirect.com.au, watercoolersuperstore.com.au, filtersystemsaustralia.com.au",,,,
home reverse osmosis system,,,,0.631888888888889,0.368111111111111,0.34,0.303030299969391,0.696969689929599,,,,,,,,,,3,,,,False,False,"completehomefiltration.com.au, homewaterfiltration.com.au",filtersystemsaustralia.com.au,,,,
solid block carbon filters countertop,,,,,,,,,,,,,,,,,,4,,,,False,False,"waterscoaustralia.com.au, filtersystemsaustralia.com.au","filtersystemsaustralia.com.au, waterscoaustralia.com.au, alkaviva.com.au, purewatersystems.com.au",filtersystemsaustralia.com.au,,,
12 volt uv water treatment systems,,,,,,,,,0.41,,0.41,0,,0,0.0,,0.0,2,,,,False,False,filtersystemsaustralia.com.au,"uvguard.com, filtersystemsaustralia.com.au",,,,
0.1 micron water filter cartridge,,,,,,,,,,,,,,,,,,4,,,,False,False,purewatersystems.com.au,"filtersystemsaustralia.com.au, psifilters.com.au, clarencewaterfilters.com.au",filtersystemsaustralia.com.au,,,
aqua medic reverse osmosis,,,,,,,,,,,,,,,,,,3,,,,False,False,"drinkrippl.com, filtersystemsaustralia.com.au, alkaviva.com.au",,,,,
water purifier australia,,64,,,,,,,1.92,,1.92,0,,0,75.45,,75.45,4,30,,wfa.com.au,False,False,"waterscoaustralia.com.au, filtersystemsaustralia.com.au, purewatersystems.com.au",alkaway.com.au,filtersystemsaustralia.com.au,,,
under sink filter reviews,,,,,,,,,,,,,,,,,,4,5,,thegoodtrade.com,False,False,waterdropfilter.com.au,"buildmat.com.au, filtersystemsaustralia.com.au, waterdropfilter.com.au, waterscoaustralia.com.au","waterdropfilter.com.au, buildmat.com.au",,,
whole house iron filter,,,,0.483805697589481,0.516194302410519,0.216216216216216,0.293103445749108,0.706896545630202,,,,,,,,,,3,0,,cleanersofterwater.com,False,False,filtersystemsaustralia.com.au,"filtersystemsaustralia.com.au, wateranalytics.com.au, psifilters.com.au",,,,
queensland water filters,,,,,,,,,,,,,,,,,,4,,,,False,False,"filtersystemsaustralia.com.au, purewatersystems.com.au, pearlwaterfilters.com.au, imperialpdg.com.au",,,,,
reverse osmosis water filter cartridges,,,,,,,,,2.33,,2.33,0,,0,0.0,,0.0,7,,,,False,False,"waterscoaustralia.com.au, filtersystemsaustralia.com.au","filtersystemsaustralia.com.au, alkaviva.com.au, filpure.com.au, purewater4life.com.au, completehomefiltration.com.au, waterfilterdistributors.com.au",,,,
replacement aqua co water filters cartridges australia,,,,,,,,,,,,,,,,,,4,,,,False,False,"waterscoaustralia.com.au, aussienaturalfiltration.com.au, filtersystemsaustralia.com.au, ebay.com.au",,,,,
home filtration canberra,,,,,,,,,,,,,,,,,,24,,,,False,False,"wateranalytics.com.au, primeplumbingservice.com.au, purewaterfiltration.com.au, carefree.com.au, comparewaterfilters.com.au, greatwaterfilters.com.au","wateranalytics.com.au, primeplumbingservice.com.au, comparewaterfilters.com.au, valueh2o.com.au, filtersystemsaustralia.com.au, landing-pages.com.au, trendhs.com.au, hiflowwaterfilters.com.au, greatwaterfilters.com.au, carefree.com.au, purewaterfiltration.com.au, bigspringswater.com.au, billi.com.au, fullhousefiltration.com.au, filtermate.com.au, deltawater.com.au","wateranalytics.com.au, bigspringswater.com.au, carefree.com.au, billi.com.au, prestigeplumbingact.com.au, primeplumbingservice.com.au, greatwaterfilters.com.au, trendhs.com.au, filtersystemsaustralia.com.au, valueh2o.com.au, lpage.com.au, spencersonsplumbing.com.au, canberrahotwaterandplumbing.com.au, waterdropfilter.com.au, comparewaterfilters.com.au","wateranalytics.com.au, filteredfresh.com.au, comparewaterfilters.com.au, greatwaterfilters.com.au, primeplumbingservice.com.au, trendhs.com.au, filtersystemsaustralia.com.au, blissfulhome.com.au, billi.com.au, cleanmywater.com.au",,
parker water filter cartridge,,,,,,,,,,,,,,,,,,7,,,,False,False,"filtersupplies.com.au, filtersystemsaustralia.com.au",filtersupplies.com.au,brotherfiltration.com,"rs-online.com, aquatune.net.au, okmarts.com, filtersystemsaustralia.com.au","rs-online.com, coffeeparts.com.au, filtersystemsaustralia.com.au, okmarts.com",
coolum water filters,,,,,,,,,,,,,,,,,,11,,,,False,False,"summitfiltration.com.au, sunshinecoastwaterfilters.com.au, filtersystemsaustralia.com.au","sunshinecoastwaterfilters.com.au, filtersystemsaustralia.com.au, fallonsolutions.com.au","waterfilter.com.au, sunshinecoastwaterfilters.com.au, filtersystemsaustralia.com.au, purewatersystems.com.au, trendhs.com.au, ecobud.com.au","sunshinecoastwaterfilters.com.au, homewaterfiltration.com.au, waterfilterdistributors.com.au, filtersystemsaustralia.com.au, aquacoolerdirect.com.au",sunshinecoastwaterfilters.com.au,
big blue water filter replacement cartridge,,,,0.203837429111531,0.796162570888469,0.347826086956522,,,1.36,,1.36,0,,0,0.0,,0.0,3,,,,False,False,"filtersystemsaustralia.com.au, ebay.com.au, psifilters.com.au",filtersystemsaustralia.com.au,,,,
srv water filters,,,,,,,,,,,,,,,,,,9,,,,False,False,"thinkwater.com.au, filtersystemsaustralia.com.au, psifilters.com.au",filtersystemsaustralia.com.au,"filtersystemsaustralia.com.au, waterfilter.net.au, waterscoaustralia.com.au, water-filter-sentry.com.au, thinkwater.com.au, psifilters.com.au, inflowfilter.com","purewater4life.com.au, waterfilter.net.au, filtersystemsaustralia.com.au, alkaviva.com.au, waterscoaustralia.com.au","waterfilter.net.au, thinkwater.com.au, filtersystemsaustralia.com.au, alkaviva.com.au",waterfilter.net.au
100 gpd membrane,,,,,,,,,1.43,,1.43,0,,0,0.0,,0.0,3,,,,False,False,filtersystemsaustralia.com.au,"alkaviva.com.au, filtersystemsaustralia.com.au, windowcleaningsupplies.com.au",,,,
house water filter system reviews,,,,,,,,,,,,,,,,,,3,17,,shieldwaterfilter.com.au,False,False,filtersystemsaustralia.com.au,"filtersystemsaustralia.com.au, wateranalytics.com.au","wateranalytics.com.au, filtersystemsaustralia.com.au","wateranalytics.com.au, urbanfuture.com.au",,
how much does it cost to install reverse osmosis,,,,,,,,,,,,,,,,,,1,,,,True,False,filtersystemsaustralia.com.au,,,,,
3m countertop water filter,,,,,,,,,,,,,,,,,,1,,,,False,False,filtersystemsaustralia.com.au,,,,,
fluoride filter for house,,,,,,,,,,,,,,,,,,2,,,,False,False,"filtersystemsaustralia.com.au, wateranalytics.com.au",wateranalytics.com.au,,,,
under sink reverse osmosis system cost,,,,,,,,,2.48,,2.48,0,,0,0.0,,0.0,5,,,,False,False,"filtersystemsaustralia.com.au, waterdropfilter.com.au, psifilters.com.au, purewatersystems.com.au, philips.com.au",,,,,
wellness water filtration systems,,,,,,,,,2.11,,2.11,0,,0,0.0,,0.0,3,15,,wellness.com.au,False,False,,,,"dksh.com.au, watermakers.com.au, filtersystemsaustralia.com.au","dksh.com.au, watermakers.com.au, filtersystemsaustralia.com.au","dksh.com.au, watermakers.com.au, filtersystemsaustralia.com.au"
fisher and paykel filter,,,,,,,,,2.08,,2.08,0,,0,47.23,,47.23,3,6,,fisherpaykel.com,False,False,,,,,,
stainless water filter,,26,,,,,,,,,,0,,0,0.96,,0.96,6,11,,purewatersystems.com.au,False,False,,"earthtank.com.au, filtersystemsaustralia.com.au, kynandfolk.com, wellverti.com.au","urbanpurify.com, kynandfolk.com, filtersystemsaustralia.com.au, lushifilter.com",,,
arrow water filter,,,,,,,,,,,,,,,,,,4,,,,False,False,thinkwater.com.au,"thinkwater.com.au, alkaviva.com.au, filtersystemsaustralia.com.au, waterdropfilter.com.au",,,,
aqua pure plus water filter,,,,0.728579881656805,0.271420118343195,0.5,,,1.71,,1.71,0,,0,12.16,,12.16,7,8,,flipkart.com,False,False,"discountfridgefilters.com.au, filtersystemsaustralia.com.au, ebay.com.au, purewatersystems.com.au, ozfilterwarehouse.com.au, waterfilterdistributors.com.au",amazon.com.au,"filtersystemsaustralia.com.au, discountfridgefilters.com.au, ebay.com.au",,,
commercial reverse osmosis system,,,,0.330553633217993,0.669446366782007,0.257352941176471,0.356435640035291,0.643564350063719,3.23,,3.23,0,,0,23.99,,23.99,1,14,,filtersystemsaustralia.com.au,False,False,filtersystemsaustralia.com.au,,filtersystemsaustralia.com.au,,,
dolphin water purifier price,,,,,,,,,,,,,,,,,,2,,,,False,False,"filtersystemsaustralia.com.au, kynandfolk.com",,,,,
4.5 x 10 carbon water filter,,,,,,,,,,,,,,,,,,6,,,,False,False,"filtersystemsaustralia.com.au, purewatersystems.com.au, shieldwaterfilter.com.au",filtersystemsaustralia.com.au,"filtersystemsaustralia.com.au, plumbingproducts.com.au, temu.com, mywaterfilter.com.au",filtersystemsaustralia.com.au,,
reverse osmosis buying guide,,,,,,,,,,,,,,,,,,3,,,,False,False,"ecosoft.com, gewapur.de",filtersystemsaustralia.com.au,,,,
water filter price,,64,,,,,,,1.72,,1.72,0,,0,14.55,,14.55,1,18,,waterfilter.com.au,False,False,,filtersystemsaustralia.com.au,,,,
water filters for rainwater tanks,,14,,,,,,,1.6,,1.6,0,,0,2.07,,2.07,4,4,,clarencewaterfilters.com.au,False,False,,,,,,"puretec.com.au, daveywater.com, filtersystemsaustralia.com.au, aussiewatersavers.com.au"
rkin water filter,,,,,,,,,,,,,,,,,,1,,,,False,False,filtersystemsaustralia.com.au,,,,,
water filtration under sink,,,,,,,,,,,,,,,,,,4,9,,purewatersystems.com.au,False,False,"filtersystemsaustralia.com.au, puretec.com.au, waterfilter.com.au, cleanandclearwater.com.au",,,,,
ro membrane filter,,11,,0.505457063711911,0.494542936288089,0.421052631578947,,,2.2,,2.2,0,,0,4.0,,4.0,6,2,,filtersystemsaustralia.com.au,False,False,,"filtersystemsaustralia.com.au, waterfilter.net.au, membraneshop.com.au, psifilters.com.au","filtersystemsaustralia.com.au, membraneshop.com.au, windowcleaningsupplies.com.au, reefpurero.com.au",,,
top water filters,,,,0.5715625,0.4284375,0.3,0.178571422193878,0.821428542091838,,,,,,,,,,1,,,,False,False,filtersystemsaustralia.com.au,,,,,
undersink water filter system 3 stage filter cartridge,,,,,,,,,,,,,,,,,,1,,,,False,False,filtersystemsaustralia.com.au,,,,,
reverse osmosis water filteration system,,,,,,,,,,,,,,,,,,3,,,,False,False,"filtersystemsaustralia.com.au, philips.com.au",filtersystemsaustralia.com.au,mayersuaritma.com,,,
clean water systems,,,,0.356812764321415,0.643187235678585,0.254901960784314,0.289473676592798,0.710526297091413,3.29,,3.29,0,,0,0.0,,0.0,1,30,,unido.or.jp,False,False,filtersystemsaustralia.com.au,,,,,
3 stage whole house water filter,,,,,,,,,,,,,,,,,,10,,,,False,False,"waterfilter.com.au, hydrotechgroup.com.au, filtersystemsaustralia.com.au, wateranalytics.com.au, completehomefiltration.com.au, jrgasandwater.com.au","filtersystemsaustralia.com.au, aquala.au, wateranalytics.com.au, puretec.com.au, mywaterfilter.com.au, micronwaterfilters.com.au",,,,
hydrosil ultra,,,,,,,,,0.71,,0.71,0,,0,0.0,,0.0,3,1,,babycenter.com,False,False,"filtersystemsaustralia.com.au, ozfilterwarehouse.com.au, water-filter-sentry.com.au","water-filter-sentry.com.au, ozfilterwarehouse.com.au",filtersystemsaustralia.com.au,,,
gac water filter,,,,0.42625,0.57375,0.46875,,,,,,,,,,,,2,6,,desaltek.com.au,False,False,"filtersystemsaustralia.com.au, waterfilter.net.au",,,,,
under bench water filter,,16,,,,,,,1.65,,1.65,0,,0,128.93,,128.93,4,2,,purewatersystems.com.au,False,False,,"filtersystemsaustralia.com.au, puretec.com.au","earthtank.com.au, alkaviva.com.au, filtersystemsaustralia.com.au, puretec.com.au",,,
water filters caravan,,,,,,,,,,,,,,,,,,1,3,,puretec.com.au,False,False,,,,,,
twist ii clean filter,,,,,,,,,,,,,,,,,,1,,,,False,False,filtersystemsaustralia.com.au,,,,,
ph prescription water filter,,,,,,,,,,,,,,,,,,7,,,,False,False,"filtersystemsaustralia.com.au, purewatersystems.com.au","alkaviva.com.au, alkalineworld.com.au, alkaway.com.au, filtersystemsaustralia.com.au, greatwaterfilters.com.au",alkaway.com.au,"filtersystemsaustralia.com.au, aquapax.com.au, greatwaterfilters.com.au",,
whole house reverse osmosis water system cost,,,,,,,,,,,,,,,,,,2,,,,False,False,"wateranalytics.com.au, filtersystemsaustralia.com.au",filtersystemsaustralia.com.au,,,,
water filter au,,,,,,,,,1.35,,1.35,0,,0,1.71,,1.71,9,31,,healthyhabitats.com.au,False,False,"filtersystemsaustralia.com.au, aquacoolerdirect.com.au, mywaterfilter.com.au, waterscoaustralia.com.au",filtersystemsaustralia.com.au,,,,
ro water purification system,,,,,,,,,,,,,,,,,,11,10,,philips.com.au,False,False,"puretec.com.au, kuvings.com.au, aquala.au","filtersystemsaustralia.com.au, desalinationwatermaker.com, aquariusdrilling.com.au, elgalabwater.com, demandfiltration.com.au","membraneshop.com.au, lushifilter.com, philips.com.au",,,
filter osmosis system water,,,,,,,,,,,,,,,,,,2,,,,False,False,"filtersystemsaustralia.com.au, thinkwater.com.au",filtersystemsaustralia.com.au,filtersystemsaustralia.com.au,,,
true blue water filter,,,,,,,,,0.78,,0.78,0,,0,0.0,,0.0,6,,,,False,False,"filtersystemsaustralia.com.au, pearlwaterfilters.com.au","greatwaterfilters.com.au, carefree.com.au, psifilters.com.au, filtersystemsaustralia.com.au, comparewaterfilters.com.au",,,,
wellness water filters,,,,,,,,,4.23,,4.23,0,,0,0.0,,0.0,2,22,,greatwaterfilters.com.au,False,False,,,,,,filtersystemsaustralia.com.au
aquatru reverse osmosis water filtration system,,,,,,,,,,,,,,,,,,4,,,,False,False,"waterfilter.net.au, waterdropfilter.com.au, waterscoaustralia.com.au, filtersystemsaustralia.com.au","waterdropfilter.com.au, filtersystemsaustralia.com.au",,,,
what is the best reverse osmosis water filter system,,,,,,,,,,,,,,,,,,6,,,,True,False,"waterdropfilter.com.au, filtersystemsaustralia.com.au, waterscoaustralia.com.au, wateranalytics.com.au",waterdropfilter.com.au,"alkaviva.com.au, waterdropfilter.com.au","drinkrippl.com, filtersystemsaustralia.com.au, waterdropfilter.com.au",,
reverse osmosis ro water,,,,,,,,,,,,,,,,,,1,,,,False,False,filtersystemsaustralia.com.au,,,,,
water filter products,,64,,,,,,,,,,0,,0,1.91,,1.91,4,29,,earthswater.com.au,False,False,plumbingproducts.com.au,"filtersystemsaustralia.com.au, culligan.com.au, psifilters.com.au",plumbingproducts.com.au,,,
do any water filters remove fluoride,,,,,,,,,,,,,,,,,,4,,,,True,False,"ecobud.com.au, waterscoaustralia.com.au, kynandfolk.com, filtersystemsaustralia.com.au",,,,,
what is the best water filtration system for home use,,,,,,,,,,,,,,,,,,3,,,,True,False,"wateranalytics.com.au, filtersystemsaustralia.com.au",wateranalytics.com.au,"wateranalytics.com.au, filtersystemsaustralia.com.au, waterdropfilter.com.au",,,
commercial reverse osmosis water systems,,,,,,,,,,,,,,,,,,5,,,,False,False,factwaterco.com,"filtersystemsaustralia.com.au, makwater.com.au, aquakleartech.com.au",filtersystemsaustralia.com.au,filtecwater.com,,
berkey filters australia,,7,,,,,,,1.2,,1.2,0,,0,0.0,,0.0,2,16,,purewater4life.com.au,False,False,,"purewater4life.com.au, filtersystemsaustralia.com.au",purewater4life.com.au,purewater4life.com.au,purewater4life.com.au,
reverse osmosis water filter costco,,,,0.406368801233666,0.593631198766334,0.333333333333333,0.270270266617969,0.729729719868517,,,,,,,,,,2,,,,False,False,"waterdropfilter.com.au, filtersystemsaustralia.com.au",,,,,
reverse osmosis pumps,,,,,,,,,0.81,,0.81,0,,0,0.0,,0.0,1,2,,reefpurero.com.au,False,False,filtersystemsaustralia.com.au,filtersystemsaustralia.com.au,,,,
aquasana claryum,,,,,,,,,,,,,,,,,,5,,,,False,False,"filtersystemsaustralia.com.au, waterdropfilter.com.au","mywaterfilter.com.au, filtersystemsaustralia.com.au, waterscoaustralia.com.au, waterdropfilter.com.au","mywaterfilter.com.au, filtersystemsaustralia.com.au, waterdropfilter.com.au, carawater.com.au",,,
0.5 micron water filter,,12,,0.357664606288632,0.642335393711368,0.426229508196721,0.342857133061225,0.657142838367348,,,,,,,,,,1,2,,filtersystemsaustralia.com.au,False,False,,filtersystemsaustralia.com.au,,,,
ro water filters australia,,,,,,,,,,,,,,,,,,3,,,,False,False,filtersystemsaustralia.com.au,"filtersystemsaustralia.com.au, psifilters.com.au, waterfilter.net.au",filtersystemsaustralia.com.au,,,
whole house sediment filter,,15,,0.5811808,0.4188192,0.352,0.308641971498247,0.691358016156074,,,,0,,0,1.33,,1.33,1,5,,clarencewaterfilters.com.au,False,False,filtersystemsaustralia.com.au,filtersystemsaustralia.com.au,filtersystemsaustralia.com.au,,,
city water filter system,,,,,,,,,,,,,,,,,,5,,,,False,False,"filtersystemsaustralia.com.au, alkalineworld.com.au, wateranalytics.com.au","filtersystemsaustralia.com.au, thinkwater.com.au, psifilters.com.au, wateranalytics.com.au",filtersystemsaustralia.com.au,,,
myfilter,,,,,,,,,,,,,,,,,,7,6,,fibery.io,False,False,"filtersystemsaustralia.com.au, mywaterfilter.com.au, waterdropfilter.com.au","mywaterfilter.com.au, filtersystemsaustralia.com.au, purewatersystems.com.au, bewinch.com","mywaterfilter.com.au, filtersystemsaustralia.com.au, purewatersystems.com.au, waterdropfilter.com.au, hyperwellbeing.com.au","mywaterfilter.com.au, filtersystemsaustralia.com.au",mywaterfilter.com.au,"mywaterfilter.com.au, filtersystemsaustralia.com.au, waterdropfilter.com.au, waterfilter.net.au"
4.5 x20 water filter cartridge,,,,,,,,,,,,,,,,,,2,,,,False,False,"filtersystemsaustralia.com.au, ebay.com.au",filtersystemsaustralia.com.au,,,,
aquapro filter,,7,,,,,,,0.84,,0.84,0,,0,2.99,,2.99,2,12,,aquaproonline.com.au,False,False,,filtersystemsaustralia.com.au,waterscoaustralia.com.au,,,
water filters townsville,,,,,,,,,0.83,,0.83,0,,0,0.97,,0.97,1,29,,livingwhole.com.au,False,False,filtersystemsaustralia.com.au,,,,,
water filters canberra,,59,,,,,,,1.27,,1.27,0,,0,12.03,,12.03,14,41,,aquasafe.com.au,False,False,"purewatersystems.com.au, filtersystemsaustralia.com.au","filtersystemsaustralia.com.au, landing-pages.com.au, purewaterfiltration.com.au, primeplumbingservice.com.au, comparewaterfilters.com.au, greatwaterfilters.com.au, purewatersystems.com.au","primeplumbingservice.com.au, filtersystemsaustralia.com.au, alkaviva.com.au, bigspringswater.com.au","filtersystemsaustralia.com.au, filteredfresh.com.au, waterscoaustralia.com.au, thewaterdepot.com.au, primeplumbingservice.com.au, alkaviva.com.au, aquacoolerdirect.com.au, purewatersystems.com.au, clarencewaterfilters.com.au",,
pure alka system filter,,,,,,,,,2.22,,2.22,0,,0,0.0,,0.0,5,,,,False,False,"purewatersystems.com.au, filtersystemsaustralia.com.au, alkaviva.com.au","purewatersystems.com.au, filtersystemsaustralia.com.au","alkaviva.com.au, alkaway.com.au, filtersystemsaustralia.com.au, purewatersystems.com.au","alkaviva.com.au, purewatersystems.com.au, mywaterfilter.com.au",alkaviva.com.au,"alkaviva.com.au, purewatersystems.com.au, alkaway.com.au"
reverse osmosis demineralised water,,,,,,,,,,,,,,,,,,10,,,,False,False,thermofisher.com,"mingmogroup.com, filtersystemsaustralia.com.au, beproducts.com.au, culligan.com.au, aquariusdrilling.com.au, demandfiltration.com.au","filtersystemsaustralia.com.au, laftech.com.au, waterfilter.com.au, filteredwatersolutions.com.au",,,
ultraviolet water sterilizer reviews,,,,,,,,,,,,,,,,,,2,,,,False,False,filtersystemsaustralia.com.au,"filtersystemsaustralia.com.au, top10verdict.co",,,,
water purifier website,,,,,,,,,,,,,,,,,,3,,,,False,False,"waterform.com.au, thinkwater.com.au, filtersystemsaustralia.com.au",,,,,
uv sterilizer filter,,,,,,,,,0.28,,0.28,0,,0,2.97,,2.97,1,,,,False,False,filtersystemsaustralia.com.au,,,,,
easy reverse osmosis system,,,,,,,,,,,,,,,,,,2,,,,False,False,"filtersystemsaustralia.com.au, carawater.com.au",,,,,
megafresh water filter,,,,,,,,,,,,,,,,,,5,,,,False,False,purewatersystems.com.au,"psifilters.com.au, filtersystemsaustralia.com.au, naturemart.com.au, auspurifiers.com.au",,,,
catalytic carbon filter,,,,0.234791818845873,0.765208181154127,0.297297297297297,0.307692295857989,0.692307665680474,,,,,,,,,,1,,,,False,False,filtersystemsaustralia.com.au,filtersystemsaustralia.com.au,,,,
clean and clear water australia,,,,,,,,,,,,,,,,,,4,,,,False,False,filtersystemsaustralia.com.au,cleanandclearwater.com.au,"cleanandclearwater.com.au, filtersystemsaustralia.com.au, thinkwater.com.au","cleanandclearwater.com.au, aquapax.com.au, filtersystemsaustralia.com.au",,
10 5 micron water filter,,,,,,,,,,,,,,,,,,1,,,,False,False,filtersystemsaustralia.com.au,filtersystemsaustralia.com.au,filtersystemsaustralia.com.au,,,
carbon water filter system,,,,0.539970414201183,0.460029585798817,0.384615384615385,,,,,,,,,,,,1,,,,False,False,filtersystemsaustralia.com.au,,,,,
mdc water (waterfilter.net.au),,,,,,,,,,,,,,,,,,3,,,,False,False,"waterfilter.net.au, water-filter-sentry.com.au, filtersystemsaustralia.com.au",,,,,
charcoal filter refill,,,,,,,,,,,,,,,,,,5,,,,False,False,filtersystemsaustralia.com.au,"filtersystemsaustralia.com.au, thorair.com.au, barelytherelitter.com.au, rainbowairsystems.com.au, aquacoolerdirect.com.au",,,,
water filter systems australia,,,,,,,,,2.13,,2.13,0,,0,37.82,,37.82,12,43,,makwater.com.au,False,False,filtersystemsaustralia.com.au,filtersystemsaustralia.com.au,"filtersystemsaustralia.com.au, philips.com.au, cleanandclearwater.com.au, filteredwatersolutions.com.au","filtersystemsaustralia.com.au, purewatersystems.com.au, aquala.au, waterscoaustralia.com.au, wateranalytics.com.au, filteredwatersolutions.com.au, mywaterfilter.com.au, cloudtap.com.au, waterfilter.com.au",,
whole home water filter and softener,,,,,,,,,,,,,,,,,,4,,,,False,False,filtersystemsaustralia.com.au,"filpure.com.au, wateranalytics.com.au, purestwaterfiltration.com.au",wateranalytics.com.au,,,
big blue filter mounting bracket,,,,,,,,,,,,,,,,,,2,,,,False,False,"filtersystemsaustralia.com.au, ebay.com.au",,,,,
whole house water filter limescale,,,,,,,,,,,,,,,,,,7,,,,False,False,"completehomefiltration.com.au, filtersystemsaustralia.com.au, wateranalytics.com.au, cleanandclearwater.com.au, filtap.com.au, filpure.com.au","completehomefiltration.com.au, wateranalytics.com.au, cleanandclearwater.com.au, waterfilter.com.au, filtersystemsaustralia.com.au",,,,
1 sediment filter,,,,,,,,,,,,,,,,,,1,,,,False,False,filtersystemsaustralia.com.au,filtersystemsaustralia.com.au,,,,
domestic water purifier,,,,,,,,,1.14,,1.14,0,,0,10.78,,10.78,3,,,,False,False,"filtersystemsaustralia.com.au, alkaviva.com.au, waterscoaustralia.com.au",,,,,
lime water filtration,,,,,,,,,,,,,,,,,,4,,,,False,False,"ecobud.com.au, filtersystemsaustralia.com.au","filtersystemsaustralia.com.au, alkaviva.com.au, carefree.com.au",,,,
whole house water filters melbourne,,26,,,,,,,,,,,,,,,,3,18,,waterfilter.com.au,False,False,,,,,"wateranalytics.com.au, filtap.com.au, filtersystemsaustralia.com.au",
clear water filter,,57,,,,,,,7.62,,7.62,0,,0,29.62,,29.62,6,33,,cleanandclearwater.com.au,False,False,,"filtersystemsaustralia.com.au, alkaway.com.au, waterscoaustralia.com.au, ultralightgear.com.au, inflowfilter.com, psifilters.com.au",,filtersystemsaustralia.com.au,,
water filtration house,,,,,,,,,,,,,,,,,,5,13,,freshwatersystems.com.au,False,False,"filtersystemsaustralia.com.au, wateranalytics.com.au, cleanandclearwater.com.au, waterfilter.com.au",,completehomefiltration.com.au,,,completehomefiltration.com.au
filter fine water purifiers,,,,,,,,,2.64,,2.64,0,,0,1.22,,1.22,6,,,,False,False,"thinkwater.com.au, filtersystemsaustralia.com.au",filtersystemsaustralia.com.au,"thinkwater.com.au, waterfilter.net.au, filtersystemsaustralia.com.au","filtersystemsaustralia.com.au, filpure.com.au, cleanandclearwater.com.au",thinkwater.com.au,"filtersystemsaustralia.com.au, thinkwater.com.au, landwater.com.au"
uv water disinfection,,,,0.917222222222222,0.0827777777777778,0.233333333333333,0.652173884688092,0.347826071833649,,,,0,,0,12.32,,12.32,2,2,,health.wa.gov.au,False,False,"ultraaqua.com, filtersystemsaustralia.com.au",ultraaqua.com,,,,
acuva water filter,,,,,,,,,,,,,,,,,,3,,,,False,False,filtersystemsaustralia.com.au,"aquapax.com.au, thinkwater.com.au",,,,
20 inch 5 micron water filter,,,,,,,,,,,,,,,,,,3,,,,False,False,filtersystemsaustralia.com.au,"filtersystemsaustralia.com.au, thinkwater.com.au, irrigationexpress.com.au",filtersystemsaustralia.com.au,,,
4 stage ro filter,,,,,,,,,,,,,,,,,,2,,,,False,False,"filtersystemsaustralia.com.au, psifilters.com.au",filtersystemsaustralia.com.au,filtersystemsaustralia.com.au,,,
replacing carbon media in a water filter,,,,,,,,,,,,,,,,,,1,,,,False,False,filtersystemsaustralia.com.au,filtersystemsaustralia.com.au,,,,
big blue whole house water filter system,,,,,,,,,,,,,,,,,,7,,,,False,False,"filtersystemsaustralia.com.au, psifilters.com.au, ebay.com.au","filtersystemsaustralia.com.au, wateranalytics.com.au, waterfilter.net.au","mywaterfilter.com.au, purewatersystems.com.au, filtersystemsaustralia.com.au",,,
house water filtration system cost,,16,,,,,,,,,,,,,,,,4,3,,reddit.com,False,False,,,"wateranalytics.com.au, filtersystemsaustralia.com.au, turboplumbing.com.au, westflowfiltration.com.au",,,
post flood water filtration,,,,,,,,,,,,,,,,,,1,,,,False,False,filtersystemsaustralia.com.au,,,,,
ametek water filter,,,,0.487,0.513,0.4,,,,,,,,,,,,1,,,,False,False,filtersystemsaustralia.com.au,filtersystemsaustralia.com.au,,,,
uvc led water sterilizer,,,,,,,,,,,,,,,,,,10,,,,False,False,"massphoton.com, shieldwaterfilter.com.au, pearlfiltration.com.au","ultraaqua.com, waterfilter.net.au, carefree.com.au, cuiyuantrade.com, aliexpress.com","laftech.com.au, waterfilter.net.au, filtersystemsaustralia.com.au",waterfilter.net.au,,
automatic irrigation system,,17,,0.1860625,0.8139375,0.525,,,0.63,,0.63,0,,0,16.53,,16.53,13,3,,bunnings.com.au,False,False,"google.com, camberwellirrigation.com.au, irriot.com","camberwellirrigation.com.au, sunshoweronline.com.au, filtersystemsaustralia.com.au, google.com, temu.com, amazon.com.au, netagarden.com.au, bunnings.com.au, irriot.com","irriot.com, sunshoweronline.com.au, camberwellirrigation.com.au, waterpro.com.au, temu.com, filtersystemsaustralia.com.au, angusflexiblepipelines.com.au, elitedecksnpergolas.com.au, smart-water.com.au",,,
sand filter for home,,,,,,,,,,,,,,,,,,3,,,,False,False,"filtersystemsaustralia.com.au, thinkwater.com.au, wateranalytics.com.au",filtersystemsaustralia.com.au,,,,
ice filter,,13,,,,,,,,,,,,,,,,1,4,,primalice.com.au,False,False,,filtersystemsaustralia.com.au,,,,
3m under sink water filter,,,,0.399904513888889,0.600095486111111,0.291666666666667,0.470588221453288,0.529411749134949,3.04,,3.04,0,,0,0.0,,0.0,3,1,,theitmart.com.au,False,False,"filtersystemsaustralia.com.au, psifilters.com.au, waterdropfilter.com.au",,,,,
reverse osmosis water filter perth,,22,,,,,,,2.01,,2.01,0,,0,101.93,,101.93,8,9,,water2water.com.au,False,False,,"filtersystemsaustralia.com.au, waterdropfilter.com.au, purewaterfiltration.com.au, wateranalytics.com.au","filtersystemsaustralia.com.au, purewaterfiltration.com.au, neighbourhoodwaterfiltration.com.au, cloudtap.com.au, wateranalytics.com.au, waterdropfilter.com.au, hiltonplumbing.com.au, westozwaterfilters.com.au",,"filtersystemsaustralia.com.au, waterdropfilter.com.au, wateranalytics.com.au",
water filters online australia,,,,,,,,,2.9,,2.9,0,,0,0.0,,0.0,2,52,,coffeeparts.com.au,False,False,filtersystemsaustralia.com.au,"filtersystemsaustralia.com.au, psifilters.com.au",filtersystemsaustralia.com.au,filtersystemsaustralia.com.au,,
triple big blue,,,,,,,,,,,,,,,,,,7,,,,False,False,"filtersystemsaustralia.com.au, psifilters.com.au, pearlwaterfilters.com.au","filtersystemsaustralia.com.au, jrgasandwater.com.au, mywaterfilter.com.au","filtersystemsaustralia.com.au, landwater.com.au, ebay.com.au",,,
water softener and filter system,,,,,,,,,,,,,,,,,,3,,,,False,False,filtersystemsaustralia.com.au,wateranalytics.com.au,thinkwater.com.au,,,
best reverse osmosis,,,,0.487,0.513,0.26,0.0270270262965669,0.972972946676407,,,,,,,,,,5,,,,False,False,"filtersystemsaustralia.com.au, waterscoaustralia.com.au, waterfilter.net.au, waterdropfilter.com.au, psifilters.com.au",,,,,
sediment water filter cartridge,,11,,,,,,,1.67,,1.67,0,,0,6.99,,6.99,1,0,,amazon.com.au,False,False,filtersystemsaustralia.com.au,,,,,
3 stage whole house filtration system perth,,,,,,,,,,,,,,,,,,19,,,,False,False,"aussienaturalfiltration.com.au, wateranalytics.com.au, purewaterfiltration.com.au, filtersystemsaustralia.com.au, shieldwaterfilter.com.au, google.com, filtermate.com.au, waterfilterman.com.au","cloudtap.com.au, wateranalytics.com.au, clearhavenwaterfiltration.com.au, filtersystemsaustralia.com.au","aquariuswaterfilters.com.au, hydrotechgroup.com.au, westozwaterfilters.com.au, cloudtap.com.au, purewaterfiltration.com.au, bestcoast.com.au","dolphinhomefiltration.com.au, filtersystemsaustralia.com.au, wateranalytics.com.au, bestcoast.com.au, aquariuswaterfilters.com.au, cloudtap.com.au, hydrotechgroup.com.au, westozwaterfilters.com.au, neighbourhoodwaterfiltration.com.au, completehomefiltration.com.au","waterfilter.com.au, wateranalytics.com.au, cloudtap.com.au, neighbourhoodwaterfiltration.com.au, filtersystemsaustralia.com.au, westozwaterfilters.com.au","westflowfiltration.com.au, waterfilter.com.au"
whole house rainwater filtration system,,,,,,,,,1.25,,1.25,0,,0,0.0,,0.0,4,6,,irrigearyass.com.au,False,False,wateranalytics.com.au,"wateranalytics.com.au, filtersystemsaustralia.com.au, puretec.com.au, cloudtap.com.au",,,,
peroxide test,,,,,,,,,,,,,,,,,,2,,,,False,False,"filtersystemsaustralia.com.au, sigmaaldrich.com",,,,,
three stage whole house water filter,,,,,,,,,,,,,,,,,,1,,,,False,False,filtersystemsaustralia.com.au,,,,,
calcite filter,,5,,0.0700000000000001,0.93,0.391304347826087,,,1.09,,1.09,0,,0,1.62,,1.62,2,2,,filtersystemsaustralia.com.au,False,False,,"filtersystemsaustralia.com.au, carefree.com.au",filtersystemsaustralia.com.au,,filtersystemsaustralia.com.au,
best tankless reverse osmosis system,,,,,,,,,,,,,,,,,,3,,,,False,False,"filtersystemsaustralia.com.au, waterdropfilter.com.au, waterfilter.net.au",,,,,
filterwall,,,,,,,,,,,,,,,,,,11,,,,False,False,"wateranalytics.com.au, filtersystemsaustralia.com.au, thewaterfiltrationcompany.com.au, revolutionaryfiltration.com.au, filteredwatersolutions.com.au, oxfordandnelson.com.au, asctanks.com.au, cassbrothers.com.au, ozfilterwarehouse.com.au, purpleduck.com.au","buildmat.com.au, asctanks.com.au, filtersystemsaustralia.com.au, wateranalytics.com.au, revolutionaryfiltration.com.au, oxfordandnelson.com.au",,,,
calcium water filter,,13,,0.72698988697204,0.27301011302796,0.414634146341463,0.416666649305556,0.583333309027779,1.27,,1.27,0,,0,5.34,,5.34,2,4,,aquasafe.com.au,False,False,filtersystemsaustralia.com.au,,,hydrosmart.com.au,,
mains water filter,,37,,,,,,,1.89,,1.89,0,,0,3.09,,3.09,6,25,,aquastream.com.au,False,False,filtersystemsaustralia.com.au,filtersystemsaustralia.com.au,"purpleduck.com.au, cleanandclearwater.com.au",,"filtersystemsaustralia.com.au, alkaviva.com.au, wateranalytics.com.au",
high flow caravan water filter,,,,,,,,,0.79,,0.79,0,,0,0.09,,0.09,1,7,,caravanersforum.com,False,False,filtersystemsaustralia.com.au,,,,,
crystal quest water filter replacement cartridge,,,,,,,,,,,,,,,,,,3,,,,False,False,"filtersystemsaustralia.com.au, purewater4life.com.au, 2magpies.com.au",,,,,
ac filters online,,,,0.479102222222222,0.520897777777778,0.16,0.412698406147644,0.58730157797934,,,,,,,,,,9,,,,False,False,"rapidedgeqld.com.au, theairstore.com.au","thorair.com.au, rs-online.com","filtersystemsaustralia.com.au, hvacdirect.com.au, thorair.com.au, rycofilters.com.au, mrappliance.com.au, temu.com",,,
water filtration osmosis,,,,,,,,,,,,,,,,,,5,2,,philips.com.au,False,False,"waterfilter.net.au, filtersystemsaustralia.com.au, waterdropfilter.com.au, carawater.com.au",,completehomefiltration.com.au,,,
ro machine for home,,,,,,,,,,,,,,,,,,3,,,,False,False,"drinkrippl.com, filtersystemsaustralia.com.au, waterdropfilter.com.au",,,,,
filter to remove chlorine from tap water,,,,,,,,,,,,,,,,,,5,,,,False,False,"blissfulhome.com.au, filtersystemsaustralia.com.au","ecobud.com.au, filpure.com.au, alkaviva.com.au",,,,
water tank filter system,,,,,,,,,1.63,,1.63,0,,0,15.91,,15.91,4,9,,tankshop.com.au,False,False,"filtersystemsaustralia.com.au, puretec.com.au","filpure.com.au, puretec.com.au, filtersystemsaustralia.com.au",filtersystemsaustralia.com.au,filtersystemsaustralia.com.au,,
fsa water filter,,75,,,,,,,3.63,,3.63,0,,0,0.0,,0.0,1,32,,filtersystemsaustralia.com.au,False,False,,,,,,
inline water softener,,,,0.598,0.402,0.266666666666667,0.418181810578513,0.58181817123967,1.56,,1.56,0,,0,0.0,,0.0,2,13,,quora.com,False,False,filtersystemsaustralia.com.au,"filtersystemsaustralia.com.au, mywaterfilter.com.au",,,,
rl6 uv lamp,,,,,,,,,3.36,,3.36,0,,0,0.0,,0.0,5,0,,aldgatepumps.com.au,False,False,"filtersystemsaustralia.com.au, asctanks.com.au, ebay.com.au","asctanks.com.au, ozfilterwarehouse.com.au, plumbingsales.com.au",filtersystemsaustralia.com.au,,,
gravity filtration system,,,,,,,,,,,,,,,,,,2,,,,False,False,"alkaviva.com.au, filtersystemsaustralia.com.au",,,,,
nuvo water filter,,,,0.726801652892562,0.273198347107438,0.272727272727273,,,,,,,,,,,,4,,,,False,False,thinkwater.com.au,"thinkwater.com.au, alkaviva.com.au, carefree.com.au, filtersystemsaustralia.com.au",,,,
inline activated carbon water filter cartridge,,,,,,,,,,,,,,,,,,2,,,,False,False,filtersystemsaustralia.com.au,"filtersystemsaustralia.com.au, waterfilter.net.au",filtersystemsaustralia.com.au,,,
whole house calcite filter,,,,,,,,,,,,,,,,,,4,,,,False,False,filtersystemsaustralia.com.au,filtersystemsaustralia.com.au,"filtersystemsaustralia.com.au, thinkwater.com.au, wateranalytics.com.au, springwellwater.com",,,
uv water sterilization systems,,,,,,,,,,,,,,,,,,7,,,,False,False,ultraaqua.com,"ultraaqua.com, filtersystemsaustralia.com.au, centurionaprs.com","ultraaqua.com, filtecwater.com, filtersystemsaustralia.com.au, southlandfiltration.com.au","filtersystemsaustralia.com.au, aquapax.com.au, pearlfiltration.com.au",,
what is the best water filter for kitchen sink,,,,,,,,,,,,,,,,,,4,,,,True,False,"waterdropfilter.com.au, inflowfilter.com, filtersystemsaustralia.com.au, comparewaterfilters.com.au",,,,,
tank filter system,,,,,,,,,,,,,,,,,,1,2,,tankdoctor.com.au,False,False,,filtersystemsaustralia.com.au,,,,
10 inch carbon water filter cartridge,,,,,,,,,,,,,,,,,,5,,,,False,False,"filtersystemsaustralia.com.au, ebay.com.au, purewatersystems.com.au","filtersystemsaustralia.com.au, irrigationexpress.com.au, ebay.com.au, temu.com",filtersystemsaustralia.com.au,,,
apec ro system installation,,,,,,,,,,,,,,,,,,1,,,,False,False,filtersystemsaustralia.com.au,,,,,
whole house filter fluoride,,,,,,,,,,,,,,,,,,4,10,,aquasafe.com.au,False,False,,,,"completehomefiltration.com.au, filtersystemsaustralia.com.au, wateranalytics.com.au, puretec.com.au",,
pure effects water filter,,,,,,,,,,,,,,,,,,2,,,,False,False,purewatersystems.com.au,filtersystemsaustralia.com.au,,,,
complete home filtration cost,,16,,,,,,,0.72,,0.72,0,,0,10.23,,10.23,5,5,,completehomefiltration.com.au,False,False,,"wateranalytics.com.au, comparewaterfilters.com.au, filtersystemsaustralia.com.au",completehomefiltration.com.au,,"completehomefiltration.com.au, wateranalytics.com.au, westflowfiltration.com.au, filtersystemsaustralia.com.au",
ro water filtration systems for home,,,,,,,,,,,,,,,,,,6,,,,False,False,royolwater.com,"filtersystemsaustralia.com.au, wateranalytics.com.au, psifilters.com.au, waterdropfilter.com.au","drinkrippl.com, filtersystemsaustralia.com.au",,,
water filtration for kitchen sink,,17,,,,,,,,,,,,,,,,4,5,,purewatersystems.com.au,False,False,,advancedfiltrationsystems.com.au,,"inflowfilter.com, filtersystemsaustralia.com.au, wateranalytics.com.au",,
fleck carbon filter,,,,,,,,,,,,,,,,,,1,,,,False,False,filtersystemsaustralia.com.au,,,,,
hard water descaler filter,,,,,,,,,,,,,,,,,,3,,,,False,False,filtersystemsaustralia.com.au,"filtersystemsaustralia.com.au, alkaviva.com.au, hydrosmart.com.au",,,,
peregian springs water filters,,,,,,,,,,,,,,,,,,6,,,,False,False,"water-filter-sentry.com.au, sunshinecoastwaterfilters.com.au, filtersystemsaustralia.com.au, purewaterfiltration.com.au",sunshinecoastwaterfilters.com.au,"trendhs.com.au, bluehavenhomefiltration.com.au",sunshinecoastwaterfilters.com.au,,
ro remineralization cartridge,,,,,,,,,,,,,,,,,,3,,,,False,False,"filtersystemsaustralia.com.au, waterdropfilter.com.au, psifilters.com.au",,,,,
reverse osmosis water filter system for home,,22,,,,,,,1.4,,1.4,0,,0,1.66,,1.66,2,11,,filtersystemsaustralia.com.au,False,False,"filtersystemsaustralia.com.au, filteredwatersolutions.com.au",,,,,
filter supply,,36,,0.374218496484586,0.625781503515414,0.488372093023256,,,,,,,,,,,,12,41,,filtersupplyaus.com.au,False,False,"filtersystemsaustralia.com.au, google.com",filtersystemsaustralia.com.au,"filtersystemsaustralia.com.au, smartairfilters.com, motion.com.au, rolan.com.au, mcberns.com, ast-filter.com","aircleanersaus.com.au, filtersystemsaustralia.com.au, westernfilters.net.au","filtersystemsaustralia.com.au, filtersplus.com.au, fltr.com.au","filtersystemsaustralia.com.au, westernfilters.net.au, mywaterfilter.com.au"
best tap water filter system,,,,0.266786389413989,0.733213610586011,0.130434782608696,,,1.23,,1.23,0,,0,0.0,,0.0,4,,,,False,False,"blissfulhome.com.au, inflowfilter.com, waterscoaustralia.com.au, filtersystemsaustralia.com.au",,,,,
doulton countertop water filter system,,,,,,,,,,,,,,,,,,6,,,,False,False,waterscoaustralia.com.au,"waterscoaustralia.com.au, filtersystemsaustralia.com.au, thewaterdepot.com.au, waterfiltercompany.co.nz, alkaviva.com.au, auspurifiers.com.au",,,,
ro water tank,,,,0.333392857142857,0.666607142857143,0.392857142857143,,,,,,,,,,,,2,,,,False,False,"filtersystemsaustralia.com.au, water-filter-sentry.com.au",,,,,
20 micron carbon water filter,,,,,,,,,,,,,,,,,,1,,,,False,False,filtersystemsaustralia.com.au,filtersystemsaustralia.com.au,filtersystemsaustralia.com.au,,,
whole house magnetic water softener,,,,,,,,,1.91,,1.91,0,,0,0.0,,0.0,5,3,,clearwaterarizona.com,False,False,carefree.com.au,carefree.com.au,"filtersystemsaustralia.com.au, hydrosmart.com.au, mywaterfilter.com.au","hydrosmart.com.au, wateranalytics.com.au, filtersystemsaustralia.com.au",,
ganga water filter,,,,,,,,,,,,,,,,,,9,,,,False,False,"ecobud.com.au, carawater.com.au","kynandfolk.com, filtersystemsaustralia.com.au, mywaterfilter.com.au, heppi.com.au, blissfulhome.com.au, holyh2o.com.au",waterfilter.net.au,waterfilter.net.au,,
clean water australia,,28,,,,,,,1.35,,1.35,0,,0,0.0,,0.0,4,13,,cleanwaterproducts.com.au,False,False,,wateraid.org,"filtersystemsaustralia.com.au, wateraid.org","filtersystemsaustralia.com.au, matwproject.org",,
aqua water purification system,,,,,,,,,,,,,,,,,,6,,,,False,False,"aquacoolerdirect.com.au, alkaviva.com.au",alkaviva.com.au,"sigmaaldrich.com, aquacoolerdirect.com.au, aquapax.com.au, filtersystemsaustralia.com.au, waterdropfilter.com.au",,,
0.1 micron water filter,,,,0.557817685360218,0.442182314639782,0.347826086956522,0.0666666651851852,0.933333312592593,,,,,,,,,,1,0,,quora.com,False,False,filtersystemsaustralia.com.au,filtersystemsaustralia.com.au,,,,
ultraviolet pool sanitizer,,,,,,,,,,,,,,,,,,8,,,,False,False,"brauerswim.com, google.com",brauerswim.com,"uvguard.com, brauerswim.com, ultraaqua.com",uvguard.com,"bionizer.com.au, uvguard.com","bionizer.com.au, brauerswim.com, uvguard.com"
whole home water filtration reviews,,,,,,,,,,,,,,,,,,4,15,,halowater.com,False,False,"cloudtap.com.au, urbanfuture.com.au, wateranalytics.com.au, filtersystemsaustralia.com.au",,,,,
australia water filters,,,,,,,,,1.92,,1.92,0,,0,0.0,,0.0,2,32,,wfa.com.au,False,False,,,filtersystemsaustralia.com.au,,,
carbon tanks water treatment,,,,,,,,,,,,,,,,,,2,,,,False,False,filtersystemsaustralia.com.au,"prwater.com.au, filtersystemsaustralia.com.au",prwater.com.au,prwater.com.au,,
home uv water filtration system,,,,,,,,,,,,,,,,,,1,,,,False,False,filtersystemsaustralia.com.au,,,,,
renovo water filter,,,,0.806496913580247,0.193503086419753,0.277777777777778,0.307692295857989,0.692307665680474,,,,,,,,,,5,,,,False,False,"ecobud.com.au, inflowfilter.com, filtersystemsaustralia.com.au","filtersystemsaustralia.com.au, lediwatermaker.com, alkaviva.com.au, ecobud.com.au",alkaviva.com.au,filtersystemsaustralia.com.au,,
ro carbon filter,,,,,,,,,,,,,,,,,,1,,,,False,False,filtersystemsaustralia.com.au,filtersystemsaustralia.com.au,,,,
rain water filtration system,,,,,,,,,,,,,,,,,,11,6,,tankshop.com.au,False,False,"waterfilter.com.au, uvguard.com, wateranalytics.com.au, puretec.com.au","wateranalytics.com.au, puretec.com.au, filtersystemsaustralia.com.au, completehomefiltration.com.au, daveywater.com","puretec.com.au, wateranalytics.com.au, filtersystemsaustralia.com.au, daveywater.com, akhelec.com, homewaterfiltration.com.au, southlandfiltration.com.au, cloudtap.com.au",,,
reverse osmosis replacement cartridges,,,,,,,,,,,,,,,,,,1,,,,False,False,filtersystemsaustralia.com.au,,,,,
omnifilter u25,,,,0.558283352556709,0.441716647443291,0.343137254901961,0.313432831142794,0.686567153931834,,,,,,,,,,2,,,,False,False,shieldwaterfilter.com.au,filtersystemsaustralia.com.au,,,,
how much does a reverse osmosis water system cost,,,,,,,,,,,,,,,,,,1,,,,True,False,filtersystemsaustralia.com.au,,,,,
uv water systems,,13,,,,,,,1.92,,1.92,0,,0,50.47,,50.47,4,3,,filtersystemsaustralia.com.au,False,False,,"filtersystemsaustralia.com.au, ultraaqua.com","ultraaqua.com, filtersystemsaustralia.com.au, purewatersystems.com.au",uvguard.com,,
ozone water filter,,,,0.41674012855831,0.58325987144169,0.303030303030303,0.304347812854443,0.695652143667298,1.13,,1.13,0,,0,1.24,,1.24,2,14,,quora.com,False,False,filtersystemsaustralia.com.au,naturalozone.co.nz,,,,
outdoor water filter system,,52,,,,,,,2.41,,2.41,0,,0,0.0,,0.0,2,22,,buildmat.com.au,False,False,,"filtersystemsaustralia.com.au, cleanandclearwater.com.au",filtersystemsaustralia.com.au,filtersystemsaustralia.com.au,,
ro 4 way valve,,,,,,,,,,,,,,,,,,1,,,,False,False,filtersystemsaustralia.com.au,,,,,
fluoride removal filter,,,,0.627142857142857,0.372857142857143,0.469387755102041,0.346153832840237,0.653846128698226,1.82,,1.82,0,,0,75.89,,75.89,4,2,,quora.com,False,False,"filtersystemsaustralia.com.au, psifilters.com.au, waterscoaustralia.com.au, waterdropfilter.com.au",,,,,
ecosoft water,,,,,,,,,,,,,,,,,,1,,,,False,False,filtersystemsaustralia.com.au,,,,,
water filters online,,20,,0.476670634598562,0.523329365401438,0.264264264264264,0.399999998367347,0.59999999755102,1.14,,1.14,0,,0,23.7,,23.7,8,8,,onlinewaterfilters.com.au,False,False,"filtersystemsaustralia.com.au, purewatersystems.com.au, irrigationexpress.com.au","filtersystemsaustralia.com.au, waterfilterforfridge.com.au","filtersystemsaustralia.com.au, waterfilterdistributors.com.au, thewaterdepot.com.au","filtersystemsaustralia.com.au, waterfiltercompany.co.nz, watertestsystems.com.au, waterfilterdistributors.com.au",filtersystemsaustralia.com.au,filtersystemsaustralia.com.au
hard water treatment options,,,,,,,,,,,,,,,,,,4,10,,atlanticbluewaterservices.com,False,False,"hydrosmart.com.au, carefree.com.au, filtersystemsaustralia.com.au, cuiyuantrade.com",,,,,
discount water filters,,64,,0.338537636960563,0.661462363039437,0.150943396226415,0.58518518085048,0.414814811742112,3.02,,3.02,0,,0,12.85,,12.85,5,30,,discountfridgefilters.com.au,False,False,"discountfridgefilters.com.au, filtersystemsaustralia.com.au, carawater.com.au",discountfridgefilters.com.au,"discountfridgefilters.com.au, filtersystemsaustralia.com.au, aquacoolerdirect.com.au, psifilters.com.au",discountfridgefilters.com.au,,discountfridgefilters.com.au
pentek filters,,,,0.274603339489074,0.725396660510926,0.276315789473684,0.345454543360882,0.654545450578512,0.62,,0.62,0,,0,4.2,,4.2,2,,,,False,False,filtersystemsaustralia.com.au,filtersystemsaustralia.com.au,raptorsupplies.com.au,,,
water filtration for pfas,,18,,,,,,,,,,,,,,,,4,3,,reddit.com,False,False,,,,,,
kdf 55,,,,0.780729648567486,0.219270351432514,0.405405405405405,,,,,,,,,,,,2,,,,False,False,"waterfilter.net.au, filtersystemsaustralia.com.au",,,,,
12mm push fit,,8,,,,,,,,,,,,,,,,3,0,,theirrigationshop.com.au,False,False,,,,"carac.com.au, filtersystemsaustralia.com.au","carac.com.au, airparts.com.au",
menards water filter,,,,0.442576177285319,0.557423822714681,0.157894736842105,0.12499999609375,0.874999972656251,,,,,,,,,,2,,,,False,False,waterfilter.net.au,filtersystemsaustralia.com.au,,,,
aquabliss filter,,,,,,,,,,,,,,,,,,2,,,,False,False,"wellverti.com.au, filtersystemsaustralia.com.au",,,,,
best filters,,19,,0.314098329893038,0.685901670106962,0.410958904109589,0.0,0.999999976744186,0.43,,0.43,0,,0,0.0,,0.0,2,3,,bestwaterfilters.com.au,False,False,,bestwaterfilters.com.au,"bestwaterfilters.com.au, filtersystemsaustralia.com.au",,,
reverse osmosis unit,,18,,0.377897153351699,0.622102846648301,0.454545454545454,,,1.32,,1.32,0,,0,30.39,,30.39,1,6,,purewatersystems.com.au,False,False,,filtersystemsaustralia.com.au,,,,
ro for home,,,,,,,,,,,,,,,,,,6,,,,False,False,"filtersystemsaustralia.com.au, philips.com.au","filtersystemsaustralia.com.au, waterfilter.net.au, waterdropfilter.com.au","drinkrippl.com, waterdropfilter.com.au, filtersystemsaustralia.com.au, wateranalytics.com.au",,,
water filters ballina,,,,,,,,,,,,,,,,,,7,,,,False,False,"filtersystemsaustralia.com.au, filtermate.com.au, waterscoaustralia.com.au","filtersystemsaustralia.com.au, puretec.com.au, purewatersystems.com.au, clarencewaterfilters.com.au, alkaway.com.au",,,,
under counter water softener,,,,0.802555555555556,0.197444444444444,0.333333333333333,,,1.41,,1.41,0,,0,0.0,,0.0,2,,,,False,False,filtersystemsaustralia.com.au,"filtersystemsaustralia.com.au, hydrosmart.com.au",,,,
compact ro water system,,,,,,,,,,,,,,,,,,1,,,,False,False,filtersystemsaustralia.com.au,,,,,
what is the best water filtration system,,6,,0.362,0.638,0.333333333333333,,,,,,,,,,,,5,4,,reddit.com,True,False,,"wateranalytics.com.au, filtersystemsaustralia.com.au, culligan.com.au, puretec.com.au",greatwaterfilters.com.au,,,
filter fit,,22,,,,,,,,,,,,,,,,1,16,,filterfit.com.au,False,False,,,filtersystemsaustralia.com.au,,,
water filtration system perth,,39,,,,,,,2.55,,2.55,0,,0,0.0,,0.0,32,35,,reddit.com,False,False,"puremainswater.com.au, aussienaturalfiltration.com.au, google.com, inflowfilter.com, waterfilterman.com.au, filtermate.com.au, nexahomesolutions.com.au","wateranalytics.com.au, shieldwaterfilter.com.au, clearhavenwaterfiltration.com.au, blufrog.com.au, centurionaprs.com, waterfilterman.com.au, cloudtap.com.au, completehomefiltration.com.au, nexahomesolutions.com.au, flowpure.com, filtersystemsaustralia.com.au, nobleplumbingandgas.com.au","waterfilterman.com.au, westflowfiltration.com.au, wateranalytics.com.au, aquariuswaterfilters.com.au, purewaterfiltration.com.au, oleology.com.au, minthomefiltration.com, hydrotechgroup.com.au, cloudtap.com.au, westozwaterfilters.com.au, centurionaprs.com, completehomefiltration.com.au, martincoelectrical.com.au, hiltonplumbing.com.au, urbanfuture.com.au, clearhavenwaterfiltration.com.au","dolphinhomefiltration.com.au, puremainswater.com.au, wateranalytics.com.au, westozwaterfilters.com.au, cloudtap.com.au, urbanfuture.com.au",,"westflowfiltration.com.au, senicoplumbingandgas.com.au, neighbourhoodwaterfiltration.com.au, waterfilter.com.au, bestcoast.com.au, wateranalytics.com.au, aquariuswaterfilters.com.au"
aqua tru australia,,,,,,,,,2.09,,2.09,0,,0,0.0,,0.0,6,,,,False,False,"waterdropfilter.com.au, waterscoaustralia.com.au, holyh2o.com.au",waterdropfilter.com.au,"waterscoaustralia.com.au, waterdropfilter.com.au, philips.com.au, filtersystemsaustralia.com.au","waterdropfilter.com.au, waterscoaustralia.com.au, filtersystemsaustralia.com.au, carawater.com.au",,
5 stage ro di replacement filter kit,,,,,,,,,,,,,,,,,,3,,,,False,False,filtersystemsaustralia.com.au,"filtersystemsaustralia.com.au, reefpurero.com.au, mywaterfilter.com.au",,,,
commercial water filter for restaurant,,,,,,,,,,,,,,,,,,6,,,,False,False,"alkaviva.com.au, ecobud.com.au, purezza.com.au, uvguard.com, filtersystemsaustralia.com.au, southlandfiltration.com.au",,,,,
ro under sink water filter,,15,,,,,,,,,,,,,,,,7,4,,filtersystemsaustralia.com.au,False,False,,clearlyfiltered.com,demandfiltration.com.au,filtersystemsaustralia.com.au,"filtersystemsaustralia.com.au, waterfilter.net.au, greatwaterfilters.com.au, filteredwatersolutions.com.au, cleanandclearwater.com.au",
carico water filter,,,,,,,,,,,,,,,,,,1,6,,justdial.com,False,False,filtersystemsaustralia.com.au,,,,,
water filter spare parts online,,,,,,,,,,,,,,,,,,1,,,,False,False,filtersystemsaustralia.com.au,filtersystemsaustralia.com.au,,,,
push fit pipe fittings,,11,,,,,,,0.04,,0.04,0,,0,0.0,,0.0,4,1,,bunnings.com.au,False,False,,,,,"bunnings.com.au, reece.com.au, filtersystemsaustralia.com.au","bunnings.com.au, valvewarehouseaustralia.com.au, reece.com.au"
ro pre filter,,,,,,,,,,,,,,,,,,3,,,,False,False,filtersystemsaustralia.com.au,"filtersystemsaustralia.com.au, reefpurero.com.au, aquacoolerdirect.com.au",,,,
rain water reverse osmosis system,,,,,,,,,,,,,,,,,,4,,,,False,False,"filtersystemsaustralia.com.au, purewatersystems.com.au","filtersystemsaustralia.com.au, psifilters.com.au","filtersystemsaustralia.com.au, waterfilter.net.au, purewatersystems.com.au",filtersystemsaustralia.com.au,,
3m ap easy complete,,,,,,,,,,,,,,,,,,4,,,,False,False,"filtersystemsaustralia.com.au, thewaterdepot.com.au, thinkwater.com.au, psifilters.com.au",,,,,
water filtration system australia,,68,,,,,,,,,,,,,,,,13,32,,wfa.com.au,False,False,,,,"koalaplumbingadelaide.com.au, wateranalytics.com.au, completehomefiltration.com.au, homewaterfiltration.com.au, ovio.com, filtersystemsaustralia.com.au, filtap.com.au","filtersystemsaustralia.com.au, oleology.com.au, purewatersystems.com.au, wateranalytics.com.au, waterscoaustralia.com.au, waterdropfilter.com.au, cloudtap.com.au",
can reverse osmosis remove bacteria,,,,,,,,,,,,,,,,,,1,,,,True,False,filtersystemsaustralia.com.au,,,,,
3 way kitchen mixer tap,,15,,,,,,,1.09,,1.09,0,,0,7.95,,7.95,11,0,,buildmat.com.au,False,False,"reece.com.au, vola.com, buildmat.com.au, harveynorman.com.au","buildmat.com.au, paragonfaucets.com, acquabathrooms.com.au, waterfilter.net.au","buildmat.com.au, jl-rv.com.au, thetapwareoutlet.com.au, abiinteriors.com.au, paragonfaucets.com, waterfilter.net.au, filtersystemsaustralia.com.au",,,
complete home water filtration system,,39,,,,,,,2.14,,2.14,0,,0,1.09,,1.09,3,18,,completehomefiltration.com.au,False,False,wateranalytics.com.au,"thinkwater.com.au, wateranalytics.com.au, filtersystemsaustralia.com.au",,,,
pureplus water filter,,,,,,,,,,,,,,,,,,4,,,,False,False,filtersystemsaustralia.com.au,"filtersystemsaustralia.com.au, purewatersystems.com.au, inflowfilter.com, waterfilter.net.au",filtersystemsaustralia.com.au,,,
home filtration systems,,,,,,,,,,,,,,,,,,4,43,,puretec.com.au,False,False,,"wateranalytics.com.au, filtersystemsaustralia.com.au, hydrotechgroup.com.au",,,,
best whole house water filter australia,,23,,,,,,,2.88,,2.88,0,,0,3.0,,3.0,10,9,,puretec.com.au,False,False,,,,,"completehomefiltration.com.au, wateranalytics.com.au, waterfilter.com.au, puretec.com.au, hydrotechgroup.com.au, fullhousewaterfiltration.com.au, filtap.com.au","wateranalytics.com.au, cleanandclearwater.com.au, filtersystemsaustralia.com.au, homewaterfiltration.com.au"
whole house reverse osmosis water filtration system,,,,,,,,,,,,,,,,,,4,,,,False,False,"waterfilter.com.au, filtersystemsaustralia.com.au, wateranalytics.com.au, hydrotechgroup.com.au",,,,,
water filter lennox head,,,,,,,,,,,,,,,,,,4,,,,False,False,"graywaterplumbing.com.au, filtersystemsaustralia.com.au, greatwaterfilters.com.au","filtersystemsaustralia.com.au, purewatersystems.com.au",,,,
matrikx,,,,,,,,,,,,,,,,,,2,,,,False,False,"alkaviva.com.au, filtersystemsaustralia.com.au",,,,,
reverse osmosis sydney,,,,,,,,,,,,0,,0,0.94,,0.94,4,20,,phwaterfilters.com.au,False,False,"filtersystemsaustralia.com.au, waterdropfilter.com.au","cleanandclearwater.com.au, fullhousewaterfiltration.com.au",,,,
matrikx carbon block filters,,,,,,,,,,,,,,,,,,3,,,,False,False,filtersystemsaustralia.com.au,"filtersystemsaustralia.com.au, ozfilterwarehouse.com.au, plumbingproducts.com.au",filtersystemsaustralia.com.au,,,
water cooler filter cartridges,,,,,,,,,,,,,,,,,,3,,,,False,False,filtersystemsaustralia.com.au,aquacoolerdirect.com.au,"watercoolersuperstore.com.au, aquacoolerdirect.com.au, filtersystemsaustralia.com.au",,,
complete home filtration brisbane,,21,,,,,,,,,,,,,,,,6,15,,completehomefiltration.com.au,False,False,,"homewaterfiltration.com.au, wateranalytics.com.au, filteredwatersolutions.com.au, jilawater.com.au","homewaterfiltration.com.au, wateranalytics.com.au, filteredwatersolutions.com.au, filtersystemsaustralia.com.au, australianmade.com.au",,,
water sediment filter,,,,0.695,0.305,0.346153846153846,0.333333326797386,0.666666653594772,1.31,,1.31,0,,0,0.0,,0.0,1,1,,premieresales.com,False,False,filtersystemsaustralia.com.au,,,,,
activated alumina filter cartridge,,,,,,,,,,,,,,,,,,5,,,,False,False,fltr.com.au,"filtersystemsaustralia.com.au, kelleychempacking.com, ecobud.com.au, holyh2o.com.au",filtersystemsaustralia.com.au,,,
water filters darwin,,,,,,,,,1.91,,1.91,0,,0,0.0,,0.0,8,31,,banalsa.com.co,False,False,"waterscoaustralia.com.au, shieldwaterfilter.com.au, google.com","inflowfilter.com, filtersystemsaustralia.com.au, water2.com, doulton.com",hdpumps.com.au,,,
whole house water conditioner,,,,0.419854227405248,0.580145772594752,0.295918367346939,0.246376808023525,0.753623177483722,,,,0,,0,2.18,,2.18,1,5,,energy.gov,False,False,filtersystemsaustralia.com.au,,,,,
ro purifier for home,,,,,,,,,,,,,,,,,,3,,,,False,False,"filtersystemsaustralia.com.au, philips.com.au, waterdropfilter.com.au",,,,,
4 stage reverse osmosis water filter,,,,,,,,,,,,,,,,,,2,,,,False,False,"filtersystemsaustralia.com.au, psifilters.com.au",filtersystemsaustralia.com.au,,,,
reverse osmosis water filter whole house,,,,,,,,,2.69,,2.69,0,,0,0.0,,0.0,5,16,,freshwatersystems.com.au,False,False,filtersystemsaustralia.com.au,"filtersystemsaustralia.com.au, wateranalytics.com.au, psifilters.com.au",drinkrippl.com,,,
media filter,,19,,0.491470918122096,0.508529081877904,0.468354430379747,0.190476185941043,0.809523790249434,,,,,,,,,,1,1,,maytronics.com.au,False,False,,,,,,filtersystemsaustralia.com.au
water filters melbourne,,56,,,,,,,2.85,,2.85,0,,0,24.27,,24.27,11,35,,joycemayne.com.au,False,False,"google.com, waterscoaustralia.com.au",cleanandclearwater.com.au,purewaterfiltration.com.au,,"cleanandclearwater.com.au, filtap.com.au, filtersystemsaustralia.com.au",
reverse osmosis systems costco,,,,,,,,,,,,,,,,,,4,,,,False,False,"filteredwatersolutions.com.au, waterdropfilter.com.au, carawater.com.au",filtersystemsaustralia.com.au,,,,
water filtration systems melbourne,,,,,,,,,3.54,,3.54,0,,0,0.0,,0.0,9,29,,freshwatersystems.com.au,False,False,google.com,"filtap.com.au, pureflowfiltration.com.au, greatwaterfilters.com.au, filtermate.com.au",filtersystemsaustralia.com.au,"waterfilter.com.au, wateranalytics.com.au, cleanandclearwater.com.au",,
tapp water filter,,7,,,,,,,,,,,,,,,,5,10,,tappwater.com.au,False,False,tappwater.com.au,"filtersystemsaustralia.com.au, biome.com.au, goforzero.com.au, blissfulhome.com.au",tappwater.com.au,,,
inline calcium filter,,,,,,,,,,,,0,,0,0.78,,0.78,4,,,,False,False,filtersystemsaustralia.com.au,"filtersystemsaustralia.com.au, carefree.com.au, mywaterfilter.com.au, hydrosmart.com.au",filtersystemsaustralia.com.au,,,
nu aqua systems,,,,,,,,,,,,,,,,,,2,,,,False,False,"filtersystemsaustralia.com.au, alkaviva.com.au",,,,,
inline chloramine filter,,,,,,,,,,,,,,,,,,2,,,,False,False,filtersystemsaustralia.com.au,"filtersystemsaustralia.com.au, psifilters.com.au",,,,
house water,,,,,,,,,,,,,,,,,,2,,,,False,False,"filtersystemsaustralia.com.au, alkaviva.com.au",,,,,
50mm water filter,,,,,,,,,2.3,,2.3,0,,0,0.0,,0.0,3,,,,False,False,"strainer.net.au, thinkwater.com.au, filtersystemsaustralia.com.au",,,,,
di tank australia,,,,,,,,,,,,,,,,,,2,,,,False,False,"marquestscientific.com, filtersystemsaustralia.com.au",,,,,
water filters whole house,,,,,,,,,,,,,,,,,,7,12,,freshwatersystems.com.au,False,False,"completehomefiltration.com.au, filtersystemsaustralia.com.au, thewaterfiltrationcompany.com.au, filpure.com.au, cleanandclearwater.com.au","completehomefiltration.com.au, filtersystemsaustralia.com.au, wateranalytics.com.au, filtap.com.au, cleanandclearwater.com.au",,,,completehomefiltration.com.au
10 water filter housing 3 4,,,,,,,,,,,,,,,,,,1,,,,False,False,filtersystemsaustralia.com.au,,,,,
filter to remove iron from water,,,,,,,,,,,,,,,,,,3,,,,False,False,"thinkwater.com.au, filtersystemsaustralia.com.au, carefree.com.au",,,,,
whole house water filters,,,,0.508143259917201,0.491856740082799,0.353120243531202,0.33176470510173,0.668235292545329,1.73,,1.73,1,,1,312.35,,312.35,8,12,,freshwatersystems.com.au,False,False,google.com,filtersystemsaustralia.com.au,"thehomewaterfilterguy.com.au, puretec.com.au, filtersystemsaustralia.com.au, wateranalytics.com.au","filtersystemsaustralia.com.au, wateranalytics.com.au, cloudtap.com.au, micronwaterfilters.com.au",,
hard water filter for house,,,,0.536285714285714,0.463714285714286,0.257142857142857,0.192307684911243,0.80769227662722,,,,0,,0,26.91,,26.91,21,,,,False,False,"puretec.com.au, wateranalytics.com.au, realwater.au","wateranalytics.com.au, thinkwater.com.au, filtersystemsaustralia.com.au, psifilters.com.au","homewaterfiltration.com.au, wateranalytics.com.au, comparewaterfilters.com.au, mywaterfilter.com.au","wateranalytics.com.au, thinkwater.com.au, filtersystemsaustralia.com.au, daveywater.com","completehomefiltration.com.au, filpure.com.au, cleanandclearwater.com.au, filtap.com.au","completehomefiltration.com.au, wateranalytics.com.au, filtap.com.au, filpure.com.au, cleanandclearwater.com.au, fullhousewaterfiltration.com.au"
high flow filter,,,,,,,,,,,,,,,,,,1,,,,False,False,filtersystemsaustralia.com.au,filtersystemsaustralia.com.au,,,,
best reverse osmosis water filter system australia,,,,,,,,,,,,,,,,,,5,,,,False,False,"puretec.com.au, waterscoaustralia.com.au, shieldwaterfilter.com.au, philips.com.au, filtersystemsaustralia.com.au",,,,,
how to get reverse osmosis water,,,,,,,,,,,,,,,,,,2,,,,True,False,"filtersystemsaustralia.com.au, comparewaterfilters.com.au",,,,,
water system filter,,,,,,,,,,,,,,,,,,2,36,,purewatersystems.com.au,False,False,,,,,,
carbon filter water purifier,,,,,,,,,1.58,,1.58,0,,0,0.0,,0.0,1,,,,False,False,filtersystemsaustralia.com.au,,,,,
ion exchange resin water filter,,,,,,,,,,,,,,,,,,4,,,,False,False,filtersystemsaustralia.com.au,"thermofisher.com, thinkwater.com.au, laftech.com.au, filtersystemsaustralia.com.au",,,,
industrial water filtration,,6,,,,,,,4.97,,4.97,0,,0,1.82,,1.82,10,0,,grundfos.com,False,False,hydrochem.com.au,"forstafilters.com, mh-wassertechnologie.de","prwater.com.au, fltr.com.au","prwater.com.au, vafmemstar.com.au, oleology.com.au","prwater.com.au, russellfinex.com, vafmemstar.com.au, fltr.com.au, filtecwater.com, filtersystemsaustralia.com.au",
aquatru reverse osmosis water system,,,,,,,,,,,,,,,,,,5,,,,False,False,"carawater.com.au, filtersystemsaustralia.com.au","waterdropfilter.com.au, waterfilter.net.au, waterscoaustralia.com.au",waterdropfilter.com.au,,,
catalytic carbon,,,,0.351804733727811,0.648195266272189,0.557692307692308,0.347826071833649,0.652173884688092,,,,,,,,,,3,,,,False,False,"ningxiacarbon.com, filtersystemsaustralia.com.au","filtersystemsaustralia.com.au, water-filter-sentry.com.au, ningxiacarbon.com",,,,
kemflo filter,,,,,,,,,,,,,,,,,,3,,,,False,False,"filtersystemsaustralia.com.au, thinkwater.com.au, aquacoolerdirect.com.au",filtersystemsaustralia.com.au,,,,
10 inch 20 micron water filter,,,,,,,,,,,,,,,,,,1,,,,False,False,filtersystemsaustralia.com.au,filtersystemsaustralia.com.au,,,,
calcium filter,,,,0.61786680541103,0.38213319458897,0.32258064516129,,,1.34,,1.34,0,,0,0.0,,0.0,1,1,,aquamagazine.com,False,False,filtersystemsaustralia.com.au,,,,,
whole house pre filter,,,,,,,,,,,,,,,,,,1,,,,False,False,filtersystemsaustralia.com.au,filtersystemsaustralia.com.au,,,,
aquarium reverse osmosis water filter reviews,,,,,,,,,,,,,,,,,,2,,,,False,False,"filtersystemsaustralia.com.au, reefpurero.com.au",reefpurero.com.au,reefpurero.com.au,,,
irrigation orbit,,,,,,,,,,,,,,,,,,5,,,,False,False,filtersystemsaustralia.com.au,irrigationstore.com.au,sunshoweronline.com.au,"waterpro.com.au, sunshoweronline.com.au, irrigationstore.com.au, duralirrigation.com.au",sunshoweronline.com.au,
whole house water filter adelaide,,28,,,,,,,2.0,,2.0,0,,0,0.0,,0.0,8,21,,reddit.com,False,False,"abaplumbing.com.au, filtersystemsaustralia.com.au, purewaterfiltration.com.au, wateranalytics.com.au, ctfiltration.com.au, google.com, puratap.com.au",,"wateranalytics.com.au, filtersystemsaustralia.com.au, comparewaterfilters.com.au",,,
dura water filters,,17,,,,,,,,,,,,,,,,6,8,,aquastream.com.au,False,False,waterscoaustralia.com.au,mrsplashplumbing.com.au,,"filtersystemsaustralia.com.au, ebay.com.au, filtap.com.au","filtap.com.au, filtersystemsaustralia.com.au",filtermate.com.au
hard water treatment at home,,,,,,,,,,,,,,,,,,5,,,,False,False,"carefree.com.au, wateranalytics.com.au, hydrosmart.com.au, filtersystemsaustralia.com.au",waterfilter.com.au,,,,
whole house water filter that removes fluoride,,,,,,,,,2.58,,2.58,0,,0,0.0,,0.0,1,,,,False,False,filtersystemsaustralia.com.au,,,,,
12v uv filter,,,,,,,,,,,,,,,,,,2,,,,False,False,"filtersystemsaustralia.com.au, purewatersystems.com.au",,,,,
5 stage reverse osmosis,,,,0.446888888888889,0.553111111111111,0.533333333333333,,,1.05,,1.05,0,,0,0.98,,0.98,1,0,,freshwatersystems.com.au,False,False,filtersystemsaustralia.com.au,,,,,
filter bore water for drinking,,,,,,,,,,,,,,,,,,5,,,,False,False,filtersystemsaustralia.com.au,"carefree.com.au, hydrosmart.com.au, filtersystemsaustralia.com.au, daveywater.com, thinkwater.com.au","thinkwater.com.au, filtersystemsaustralia.com.au",,,
whole home filtration system,,26,,0.630382231404959,0.369617768595041,0.454545454545454,0.249999989583334,0.749999968750001,,,,,,,,,,8,15,,filtersystemsaustralia.com.au,False,False,"filtersystemsaustralia.com.au, wateranalytics.com.au, thinkwater.com.au, psifilters.com.au",filtersystemsaustralia.com.au,,wateranalytics.com.au,,"completehomefiltration.com.au, wateranalytics.com.au"
neodymium disc magnets,,3,,0.153998150075153,0.846001849924847,0.290322580645161,0.181818179063361,0.818181805785124,1.59,,1.59,0,,0,2.39,,2.39,8,0,,magnet.com.au,False,False,magnet.com.au,,"aussiemagnets.com.au, magnet.com.au, temu.com, rs-online.com, magnetsaustralia.com.au, filtersystemsaustralia.com.au, magnetop.com.au, amazon.com.au","magnet.com.au, aussiemagnets.com.au, temu.com",,
manganese filter,,,,,,,,,,,,,,,,,,4,,,,False,False,"filtersystemsaustralia.com.au, thinkwater.com.au, psifilters.com.au, carefree.com.au",,,,,
best water system for home,,,,,,,,,,,,,,,,,,3,,,,False,False,"wateranalytics.com.au, filtersystemsaustralia.com.au, comparewaterfilters.com.au",,,,,
under sink water filter adelaide,,8,,,,,,,,,,,,,,,,5,5,,purewatersystems.com.au,False,False,"purewatersystems.com.au, filtersystemsaustralia.com.au","filtersystemsaustralia.com.au, puratap.com.au, purewaterfiltration.com.au, greatwaterfilters.com.au",,,,
ebay water filters australia,,,,,,,,,0.43,,0.43,0,,0,0.0,,0.0,2,,,,False,False,"filtersystemsaustralia.com.au, inflowfilter.com",,,,,
samsung da29-00020a/b,,,,,,,,,,,,,,,,,,1,0,,waterfilterforfridge.com.au,False,False,,,,,filtersystemsaustralia.com.au,
filmtec ro membrane,,,,,,,,,,,,,,,,,,4,,,,False,False,"waterfilter.net.au, membraneshop.com.au, filtersystemsaustralia.com.au",waterfilter.net.au,"filtersystemsaustralia.com.au, membraneshop.com.au, waterfilter.net.au, windowcleaningsupplies.com.au",,,
pfas water filter,,17,,0.660706447187929,0.339293552812071,0.166666666666667,0.111111108641975,0.888888869135803,,,,,,,,,,5,3,,reddit.com,False,False,,,"waterfilter.com.au, cloudtap.com.au, kynandfolk.com, filtersystemsaustralia.com.au, dolphinhomefiltration.com.au",,,
water tank australia,,,,,,,,,,,,,,,,,,4,55,,tankshop.com.au,False,False,"tankworld.com.au, heritagetanks.com.au","heritagetanks.com.au, rhinotanks.com.au, filtersystemsaustralia.com.au",,,,
reverse osmosis perth,,,,,,,,,1.6,,1.6,0,,0,15.53,,15.53,40,19,,solenis.com,False,False,"google.com, purewatersystems.com.au, puretec.com.au, aussienaturalfiltration.com.au, tappwater.com.au, jimsplumbing.com.au, wateranalytics.com.au","filtersystemsaustralia.com.au, completehomefiltration.com.au, kuvings.com.au, clearhavenwaterfiltration.com.au, purewaterfiltration.com.au, westozwaterfilters.com.au, waterfilterman.com.au, blufrog.com.au, membraneshop.com.au, wateranalytics.com.au, puretec.com.au, aussienaturalfiltration.com.au, google.com","osmosiswaterfilters.com.au, cloudtap.com.au, makwater.com.au, westflowfiltration.com.au, waterdropfilter.com.au, membraneshop.com.au, filtersystemsaustralia.com.au, purewaterfiltration.com.au, hydrotechgroup.com.au, waterfilterman.com.au, clear2o.com.au, westozwaterfilters.com.au, clearhavenwaterfiltration.com.au, completehomefiltration.com.au","neighbourhoodwaterfiltration.com.au, clear2o.com.au, osmosiswaterfilters.com.au, ovio.com, hydrotechgroup.com.au, makwater.com.au, purewaterfiltration.com.au, h2ostores.com, waterdropfilter.com.au, waterscoaustralia.com.au, waterfilter.net.au, waterfilter.com.au, filtersystemsaustralia.com.au, completehomefiltration.com.au, westozwaterfilters.com.au, bestcoast.com.au, cloudtap.com.au, membraneshop.com.au, waterfilterman.com.au, wateranalytics.com.au","cloudtap.com.au, wateranalytics.com.au, hydrotechgroup.com.au, dolphinhomefiltration.com.au, waterfilter.com.au, filtersystemsaustralia.com.au, westflowfiltration.com.au, clear2o.com.au, makwater.com.au, greatwaterfilters.com.au, osmosiswaterfilters.com.au, neighbourhoodwaterfiltration.com.au","waterfilter.com.au, cloudtap.com.au, wateranalytics.com.au, westozwaterfilters.com.au, filtersystemsaustralia.com.au, neighbourhoodwaterfiltration.com.au, hydrotechgroup.com.au, aquariuswaterfilters.com.au, makwater.com.au"
under sink reverse osmosis filtration,,,,,,,,,,,,,,,,,,3,,,,False,False,"aquala.au, filtersystemsaustralia.com.au, puretec.com.au",,,,,
standard water filter cartridges,,,,,,,,,,,,,,,,,,2,,,,False,False,"filtersystemsaustralia.com.au, waterfilterdistributors.com.au",,,,,
clearsource water filter,,,,0.786358024691358,0.213641975308642,0.277777777777778,0.0769230739644972,0.923076887573966,,,,,,,,,,2,,,,False,False,"filtersystemsaustralia.com.au, campervanbuilders.com.au",,,,,
water filter kit,,8,,,,,,,1.51,,1.51,0,,0,64.43,,64.43,4,4,,puretec.com.au,False,False,,,,,"filtersystemsaustralia.com.au, alkaviva.com.au, completehomefiltration.com.au, bunnings.com.au","filtersystemsaustralia.com.au, completehomefiltration.com.au"
tank filter,,15,,0.624492455418381,0.375507544581619,0.574074074074074,0.391304330812855,0.608695625708886,0.72,,0.72,0,,0,16.47,,16.47,1,1,,tankdoctor.com.au,False,False,,,filtersystemsaustralia.com.au,,,
whole house water softener system,,,,,,,,,,,,,,,,,,6,1,,clearwaterarizona.com,False,False,"filtersystemsaustralia.com.au, hydrosmart.com.au, wateranalytics.com.au, carefree.com.au, alkaviva.com.au, comparewaterfilters.com.au",filtersystemsaustralia.com.au,filtersystemsaustralia.com.au,,,
3m whole house water filter,,,,0.67672,0.32328,0.32,0.382352929930796,0.61764704065744,,,,,,,,,,1,,,,False,False,filtersystemsaustralia.com.au,,,,,
aquagear water filter,,,,0.444916533604297,0.555083466395703,0.265060240963855,0.295081962375706,0.704918021230852,0.39,,0.39,0,,0,0.0,,0.0,4,,,,False,False,"ecobud.com.au, waterscoaustralia.com.au, inflowfilter.com","waterscoaustralia.com.au, filtersystemsaustralia.com.au",,,,
charcoal water filtration system for home,,,,,,,,,,,,,,,,,,3,5,,nourishedlife.com.au,False,False,"filtersystemsaustralia.com.au, alkaviva.com.au, wateranalytics.com.au",filtersystemsaustralia.com.au,,,,
whole house water purifier,,,,0.804710743801653,0.195289256198347,0.393939393939394,,,,,,,,,,,,2,21,,puretec.com.au,False,False,"filtersystemsaustralia.com.au, alkaviva.com.au",,,,,
water filtration near me,,,,,,,,,4.72,,4.72,0,,0,0.0,,0.0,5,21,,alkimosplumbingandgas.com.au,False,False,thinkwater.com.au,filtersystemsaustralia.com.au,"wateranalytics.com.au, daveywater.com","thinkwater.com.au, pearlfiltration.com.au",,
softener filter,,,,,,,,,,,,,,,,,,2,,,,False,False,"cleanandclearwater.com.au, filtersystemsaustralia.com.au",,,,,
raindance water filters,,,,,,,,,1.24,,1.24,0,,0,0.0,,0.0,1,13,,clarencewaterfilters.com.au,False,False,filtersystemsaustralia.com.au,,,,,
filter cleaning cartridges,,16,,,,,,,,,,,,,,,,1,0,,facebook.com,False,False,,,,,,
home filtration system cost,,15,,,,,,,1.92,,1.92,0,,0,7.44,,7.44,13,4,,completehomefiltration.com.au,False,False,,,,,,"completehomefiltration.com.au, homewaterfiltration.com.au, wateranalytics.com.au"
kitchen taps with filtered water,,,,,,,,,1.77,,1.77,0,,0,0.0,,0.0,5,2,,puretec.com.au,False,False,,,,,"buildmat.com.au, cleanandclearwater.com.au, thetapwareoutlet.com.au, filtersystemsaustralia.com.au, appliancesonline.com.au",
aquabliss sf220,,,,0.499131985731272,0.500868014268728,0.172413793103448,0.249999989583334,0.749999968750001,,,,,,,,,,2,,,,False,False,"filtersystemsaustralia.com.au, purewatersystems.com.au",,,,,
nitrate filter,,,,0.473802469135802,0.526197530864198,0.311111111111111,0.290322571279917,0.709677396462019,0.4,,0.4,0,,0,0.15,,0.15,1,0,,shirleyaquatics.co.uk,False,False,filtersystemsaustralia.com.au,,,,,
water filter for your sink,,,,,,,,,,,,,,,,,,2,3,,ecopure.com,False,False,"tappwater.com.au, filtersystemsaustralia.com.au",,,,,
pure h2o water filter,,,,0.270888888888889,0.729111111111111,0.166666666666667,0.399999984000001,0.599999976000001,0.85,,0.85,0,,0,0.0,,0.0,5,,,,False,False,"purewatersystems.com.au, filtersystemsaustralia.com.au","h2ostores.com, purewatersystems.com.au, holyh2o.com.au, filtersystemsaustralia.com.au, evolvedh2o.com","evolvedh2o.com, purewatersystems.com.au, h2ostores.com",holyh2o.com.au,,
washable water filter,,,,0.852118055555556,0.147881944444444,0.5,,,0.51,,0.51,0,,0,0.11,,0.11,3,,,,False,False,"filtersystemsaustralia.com.au, amazon.com.au, psifilters.com.au",filtersystemsaustralia.com.au,,,,
domestic water filtration systems,,,,,,,,,4.33,,4.33,0,,0,0.0,,0.0,2,,,,False,False,filtersystemsaustralia.com.au,wateranalytics.com.au,"filtersystemsaustralia.com.au, wateranalytics.com.au",,,
water stand,,24,,0.311914548404543,0.688085451595457,0.418604651162791,0.373333328355556,0.626666658311111,0.46,,0.46,0,,0,0.07,,0.07,8,3,,neverfail.com.au,False,False,officeworks.com.au,"officeworks.com.au, aquacoolerdirect.com.au","aquacoolerdirect.com.au, waterscoaustralia.com.au, aussienatural.net.au, officeworks.com.au, watercoolersuperstore.com.au, filtersystemsaustralia.com.au, templeandwebster.com.au, neverfail.com.au","aussienatural.net.au, aquacoolerdirect.com.au, neverfail.com.au, officeworks.com.au","aussienatural.net.au, officeworks.com.au, watercoolersuperstore.com.au, neverfail.com.au, waterscoaustralia.com.au","aussienatural.net.au, officeworks.com.au, neverfail.com.au"
ultraviolet pool filter systems,,13,,,,,,,,,,,,,,,,8,4,,aquastream.com.au,False,False,"brauerswim.com, google.com",brauerswim.com,"brauerswim.com, uvguard.com, naked-pools.com, filtersystemsaustralia.com.au",uvguard.com,,"uvguard.com, splashcraft.com.au, filtersystemsaustralia.com.au, bionizer.com.au"
cuno water filter,,,,0.43820451183432,0.56179548816568,0.298076923076923,0.46575341827735,0.53424656802402,1.53,,1.53,0,,0,15.23,,15.23,3,3,,premieresales.com,False,False,"filtersystemsaustralia.com.au, ebay.com.au, cleanandclearwater.com.au",filtersystemsaustralia.com.au,,,,
neodymium magnets for sale,,4,,0.508516276021348,0.491483723978652,0.491620111731844,0.340659336915831,0.659340652095158,1.14,,1.14,0,,0,6.72,,6.72,14,3,,aussiemagnets.com.au,False,False,"magnetmount.com.au, temu.com, magnet.com.au","magnet.com.au, industrialneodymiummagnets.com","aussiemagnets.com.au, magnetsaustralia.com.au, magnet.com.au, frenergy.com.au","magnet.com.au, aussiemagnets.com.au","magnet.com.au, rs-online.com, aussiemagnets.com.au",
alexapure water filter,,,,0.507093883685975,0.492906116314025,0.306451612903226,0.457364337539811,0.542635654708251,3.93,,3.93,0,,0,2.95,,2.95,2,,,,False,False,"filtersystemsaustralia.com.au, waterscoaustralia.com.au",,,,,
water filter replacement reverse osmosis,,11,,,,,,,,,,,,,,,,4,7,,filtersystemsaustralia.com.au,False,False,,,,,,"completehomefiltration.com.au, filtersystemsaustralia.com.au, jufuwater.com, earthswater.com.au"
pfas filter,,18,,,,,,,0.78,,0.78,0,,0,2.7,,2.7,5,3,,reddit.com,False,False,,"filtersystemsaustralia.com.au, kynandfolk.com, waterscoaustralia.com.au, tappwater.com.au, alkaviva.com.au",,filtersystemsaustralia.com.au,,
aqua water purifier,,,,,,,,,0.32,,0.32,0,,0,0.0,,0.0,6,25,,flipkart.com,False,False,"aquacoolerdirect.com.au, alkaviva.com.au, aquapax.com.au, waterscoaustralia.com.au, hydrosmart.com.au, filtersystemsaustralia.com.au",aquacoolerdirect.com.au,alkaviva.com.au,,,
water softener and filtration system,,,,0.591671258034894,0.408328741965106,0.333333333333333,,,,,,,,,,,,4,,,,False,False,"wateranalytics.com.au, thinkwater.com.au, filtersystemsaustralia.com.au",filtersystemsaustralia.com.au,"wateranalytics.com.au, thinkwater.com.au, filtersystemsaustralia.com.au, springwellwater.com",,,
under counter water purifier,,,,,,,,,,,,,,,,,,3,,,,False,False,"filtersystemsaustralia.com.au, psifilters.com.au, alkaviva.com.au",,,,,
calcite filter media,,,,0.41368,0.58632,0.28,,,0.95,,0.95,0,,0,0.0,,0.0,1,,,,False,False,filtersystemsaustralia.com.au,filtersystemsaustralia.com.au,,,,
ro membrane housing,,,,0.405222222222222,0.594777777777778,0.4,,,1.59,,1.59,0,,0,0.06,,0.06,3,2,,alfalaval.com.au,False,False,"waterfilter.net.au, membraneshop.com.au, filtersystemsaustralia.com.au",,,membraneshop.com.au,membraneshop.com.au,membraneshop.com.au
rainwater tank filters,,,,,,,,,0.83,,0.83,0,,0,0.35,,0.35,6,2,,tankshop.com.au,False,False,"filtersystemsaustralia.com.au, puretec.com.au, shieldwaterfilter.com.au, waterscoaustralia.com.au, google.com","sunshinecoastwaterfilters.com.au, filtersystemsaustralia.com.au, puretec.com.au",puretec.com.au,,,
20 whole house water filter,,,,,,,,,,,,,,,,,,3,,,,False,False,filtersystemsaustralia.com.au,"filtersystemsaustralia.com.au, homewaterfiltration.com.au, waterfilter.com.au",,,,
water filter system price,,43,,,,,,,,,,0,,0,1.25,,1.25,5,12,,aquasafe.com.au,False,False,,"puratap.com.au, wateranalytics.com.au, purewaterfiltration.com.au, hotwater.com.au, filtersystemsaustralia.com.au",,,,
under sink water chiller,,9,,0.605665294924554,0.394334705075446,0.259259259259259,,,1.16,,1.16,0,,0,5.17,,5.17,21,0,,waterfiltersaustralia.com.au,False,False,"inflowfilter.com, waterfilterdistributors.com.au, water-filter-sentry.com.au, smarth2o.com.au, coolerfridges.com","cleanandclearwater.com.au, billi.com.au, filtersystemsaustralia.com.au, aquacoolerdirect.com.au","filpure.com.au, water-filter-sentry.com.au, aquacoolerdirect.com.au, filtersystemsaustralia.com.au, cleanandclearwater.com.au, waterfilter.net.au, watercoolersuperstore.com.au, zipwater.com","completehomefiltration.com.au, cleanandclearwater.com.au, billi.com.au, aquacoolerdirect.com.au","zipwater.com, water-filter-sentry.com.au, amazon.com.au, billi.com.au, wateranalytics.com.au, valueh2o.com.au, filtap.com.au, filteredwatersolutions.com.au, waterdropfilter.com.au, aquacoolerdirect.com.au, waterfilter.net.au, filtersystemsaustralia.com.au",watercoolershop.com.au
filter shop,,,,,,,,,,,,,,,,,,2,43,,zipwater.com,False,False,"filtersystemsaustralia.com.au, aquacoolerdirect.com.au",,,,,
osmosis system,,,,0.342290809327846,0.657709190672154,0.592592592592593,,,,,,,,,,,,1,,,,False,False,filtersystemsaustralia.com.au,,,,,
water stands,,,,,,,,,0.46,,0.46,0,,0,0.0,,0.0,8,1,,devanti.com.au,False,False,officeworks.com.au,"officeworks.com.au, aussienatural.net.au","aussienatural.net.au, officeworks.com.au, aquacoolerdirect.com.au, watercoolersuperstore.com.au, filtersystemsaustralia.com.au, templeandwebster.com.au, neverfail.com.au","aussienatural.net.au, aquacoolerdirect.com.au, neverfail.com.au, google.com, officeworks.com.au","aussienatural.net.au, neverfail.com.au, officeworks.com.au, aquacoolerdirect.com.au, watercoolersuperstore.com.au",neverfail.com.au
under sink ro system reviews,,,,,,,,,,,,,,,,,,2,,,,False,False,filtersystemsaustralia.com.au,filtersystemsaustralia.com.au,"waterdropfilter.com.au, filtersystemsaustralia.com.au",,,
4 stage water filtration system,,,,,,,,,0.48,,0.48,0,,0,0.0,,0.0,10,5,,shieldwaterfilter.com.au,False,False,"inflowfilter.com, google.com, waterscoaustralia.com.au, shieldwaterfilter.com.au, zazenalkalinewater.com.au","filtersystemsaustralia.com.au, philips.com.au",filtersystemsaustralia.com.au,filtersystemsaustralia.com.au,"filtersystemsaustralia.com.au, waterfilter.com.au",filtersystemsaustralia.com.au
water treatment systems,,,,0.549539157115052,0.450460842884948,0.472426470588235,0.2195121943571,0.780487802158579,,,,,,,,,,17,37,,taylex.com.au,False,False,hydrochem.com.au,aquakleartech.com.au,"purezza.com, filtersystemsaustralia.com.au, centurionaprs.com, prwater.com.au, thinkwater.com.au, fltr.com.au, cuiyuantrade.com","aquakleartech.com.au, prwater.com.au, smartenergy.co, kallipr.com, southlandfiltration.com.au","prwater.com.au, watertreat.com.au, completehomefiltration.com.au, filtecwater.com","completehomefiltration.com.au, prwater.com.au, proximitylocalplumbing.com.au, lpage.com.au, watertreat.com.au"
best reverse osmosis filter,,25,,,,,,,,,,,,,,,,8,6,,cleanandnative.com.au,False,False,,,"fullhousewaterfiltration.com.au, waterdropfilter.com.au, waterfilter.net.au, filpure.com.au","drinkrippl.com, waterdropfilter.com.au, filpure.com.au, filteredwatersolutions.com.au",,"filtersystemsaustralia.com.au, aquala.au, waterdropfilter.com.au"
irrigation supplies brisbane,,13,,,,,,,1.27,,1.27,0,,0,17.25,,17.25,15,20,,theirrigationshop.com.au,False,False,"waterpro.com.au, sunshoweronline.com.au, angusflexiblepipelines.com.au","sunshoweronline.com.au, irrigationexpress.com.au","duralirrigation.com.au, irrigationstore.com.au, ssirrigation.com.au, waterpro.com.au, theirrigationshop.com.au, hillsirrigation.com.au","thelandscapestore.com.au, hillsirrigation.com.au","thelandscapestore.com.au, valvewarehouseaustralia.com.au, theirrigationhub.com.au, irrigationstore.com.au, ssirrigation.com.au, waterpro.com.au, sunshoweronline.com.au, duralirrigation.com.au","ssirrigation.com.au, hillsirrigation.com.au, theirrigationhub.com.au"
ro and uv water purifier,,,,,,,,,,,,,,,,,,4,,,,False,False,"filtersystemsaustralia.com.au, waterdropfilter.com.au, waterscoaustralia.com.au, alkaviva.com.au",,,,,
water filter for sale pakenham,,,,,,,,,,,,,,,,,,12,,,,False,False,waterscoaustralia.com.au,waterfilter.com.au,"waterscoaustralia.com.au, alleasternplumbing.com.au, cuckooaustralia.com.au, filtersystemsaustralia.com.au, conwaysplumbingservices.com","conwaysplumbingservices.com, filtersystemsaustralia.com.au, filteredwatersolutions.com.au, makeeverydropcount.com.au","filtersystemsaustralia.com.au, fullhousefiltration.com.au, waterfilter.net.au, hiflowwaterfilters.com.au, conwaysplumbingservices.com",filteredwatersolutions.com.au
davey water filters,,5,,,,,,,0.94,,0.94,0,,0,1.37,,1.37,13,0,,daveywater.com,False,False,"daveywater.com, google.com",daveywater.com,"daveywater.com, filtersystemsaustralia.com.au","hydrosmart.com.au, daveywater.com, reactiveplumbingandelectrical.com.au","filpure.com.au, daveywater.com, hydrosmart.com.au, cleanandclearwater.com.au, filtap.com.au, filtersystemsaustralia.com.au","daveywater.com, asctanks.com.au, dowdens.com.au, filtap.com.au, filtersystemsaustralia.com.au, cleanandclearwater.com.au"
clean and pure water filter,,,,0.714002408822312,0.285997591177688,0.368098159509202,0.339805821943633,0.66019416834763,,,,0,,0,1.86,,1.86,4,,,,False,False,"cleanandclearwater.com.au, novoh2o.com.au, thinkwater.com.au, filtersystemsaustralia.com.au",filtersystemsaustralia.com.au,,,,
water filter for hard water,,,,0.451300219138057,0.548699780861943,0.378378378378378,0.347826071833649,0.652173884688092,,,,,,,,,,14,,,,False,False,"wellverti.com.au, inflowfilter.com, waterscoaustralia.com.au, aquaserve.com.au, zazenalkalinewater.com.au, google.com, shieldwaterfilter.com.au","lovable.app, waterfilter.direct, wellverti.com.au, inflowfilter.com","waterfilter.com.au, wellverti.com.au, filpure.com.au",filtersystemsaustralia.com.au,"waterscoaustralia.com.au, filtersystemsaustralia.com.au, cloudtap.com.au, wateranalytics.com.au",
fluoride water filters,,,,,,,,,1.56,,1.56,0,,0,7.83,,7.83,16,2,,wellnessapothecary.au,False,False,"waterscoaustralia.com.au, aquala.au, puretec.com.au, inflowfilter.com, alkalineworld.com.au, google.com, shieldwaterfilter.com.au, ecobud.com.au, tappwater.com.au","waterscoaustralia.com.au, google.com",ecobud.com.au,"ecobud.com.au, waterfilter.com.au, waterscoaustralia.com.au",ecobud.com.au,
australian filters,,56,,,,,,,,,,,,,,,,2,33,,filtersystemsaustralia.com.au,False,False,,,,,,
osmosis machine,,,,,,,,,,,,,,,,,,1,,,,False,False,filtersystemsaustralia.com.au,,,,,
whole home filtration,,,,,,,,,,,,,,,,,,30,10,,freshwatersystems.com.au,False,False,"wateranalytics.com.au, google.com, waterfilter.com.au, filtersforyou.com.au, filtersystemsaustralia.com.au, aewaterfilters.com, shieldwaterfilter.com.au, mrsplashplumbing.com.au","wateranalytics.com.au, google.com, filtersystemsaustralia.com.au, waterfilter.com.au, safemains.com.au, puretec.com.au, purpleduck.com.au","cleanandclearwater.com.au, wateranalytics.com.au, networkplumbing.com.au, filtersystemsaustralia.com.au, cameronsplumbing.com.au, safemains.com.au, purestwaterfiltration.com.au, purpleduck.com.au, filpure.com.au, filtap.com.au, landing-pages.com.au, lovable.app, minthomefiltration.com","wateranalytics.com.au, smartenergy.co, cleanandclearwater.com.au, filtersystemsaustralia.com.au, cameronsplumbing.com.au, purestwaterfiltration.com.au, filtap.com.au, safemains.com.au, filpure.com.au, networkplumbing.com.au","smartenergy.co, wateranalytics.com.au, cleanandclearwater.com.au, waterfilter.com.au, filtersystemsaustralia.com.au, filtap.com.au, filpure.com.au, purestwaterfiltration.com.au, reactiveplumbingandelectrical.com.au","wateranalytics.com.au, purestwaterfiltration.com.au, cleanandclearwater.com.au, thewaterfiltrationcompany.com.au, filpure.com.au, springwellwater.com, filtersystemsaustralia.com.au, smartenergy.co, wilcoplumbing.com.au, filtap.com.au, waterfilter.com.au"
pp sediment filter,,,,,,,,,,,,0,,0,0.49,,0.49,2,,,,False,False,"filtersystemsaustralia.com.au, purewatersystems.com.au",filtersystemsaustralia.com.au,,,,
aquaspace water filter,,,,,,,,,2.33,,2.33,0,,0,2.34,,2.34,3,,,,False,False,"alkaviva.com.au, filtersystemsaustralia.com.au","alkaviva.com.au, filtersystemsaustralia.com.au",waterscoaustralia.com.au,,,
ph water filter system,,,,,,,,,,,,,,,,,,1,,,,False,False,filtersystemsaustralia.com.au,,,,,
filtersysteme,,,,,,,,,,,,,,,,,,1,,,,False,False,filtersystemsaustralia.com.au,,,,,
everpure h104,,,,,,,,,,,,,,,,,,2,,,,False,False,"essentialservicesgroup.com.au, filtersystemsaustralia.com.au",,,,,
commercial irrigation system,,23,,,,,,,,,,,,,,,,29,19,,hillsirrigation.com.au,False,False,"irriot.com, google.com, sunshoweronline.com.au, halosystems.com.au, bobyard.com, softwarerepublic.com","upton.com.au, rainbird.com, gehringoutdoorconstruction.com.au, theirrigationhub.com.au, sunshoweronline.com.au, cndayu.com, netagarden.com.au, waterpro.com.au, durbanlandscapes.com.au, qmaxpumping.com.au, angusflexiblepipelines.com.au, raptorsupplies.com.au, metergroup.com, sybiz.com, thelandscapestore.com.au, irriot.com, google.com, bobyard.com, lindsay.com","camberwellirrigation.com.au, irriot.com, gehringoutdoorconstruction.com.au, lhg.net.au, waterpro.com.au, sunshoweronline.com.au, duralirrigation.com.au, filtersystemsaustralia.com.au, elitedecksnpergolas.com.au, durbanlandscapes.com.au, pbbsolutions.net, cardenascorp.au, wallaceexcavation.com.au, rainbird.com",waterpro.com.au,,
whole house water system,,,,,,,,,,,,,,,,,,4,,,,False,False,"filtersystemsaustralia.com.au, wateranalytics.com.au","filtersystemsaustralia.com.au, smartenergy.co, wateranalytics.com.au","filtersystemsaustralia.com.au, wateranalytics.com.au, thinkwater.com.au",,,
hydro cure deluxe sediment filter cartridge 5 micron,,,,,,,,,,,,,,,,,,7,,,,False,False,"filtersystemsaustralia.com.au, ebay.com.au","filtersystemsaustralia.com.au, purewatersystems.com.au","filtersystemsaustralia.com.au, watertestsystems.com.au, purewatersystems.com.au, ebay.com.au","filtersystemsaustralia.com.au, watertestsystems.com.au, aquacoolerdirect.com.au","filtersystemsaustralia.com.au, shieldwaterfilter.com.au, windowcleaningsupplies.com.au, watertestsystems.com.au",
whole house water filter melbourne,,26,,,,,,,2.99,,2.99,0,,0,0.0,,0.0,9,17,,filtersystemsaustralia.com.au,False,False,"purewaterfiltration.com.au, google.com, distillo.com.au",,,,,"wateranalytics.com.au, filtersystemsaustralia.com.au, filtap.com.au"
water heater filter,,,,0.795246796891409,0.204753203108591,0.594202898550725,0.178571422193878,0.821428542091838,,,,,,,,,,2,,,,False,False,"filtersystemsaustralia.com.au, psifilters.com.au",,,,,
uv light for well water,,,,0.813801652892562,0.186198347107438,0.350649350649351,0.5799999884,0.4199999916,,,,,,,,,,4,,,,False,False,"filtersystemsaustralia.com.au, puretec.com.au, psifilters.com.au, wateranalytics.com.au",,,,,
aqua pure filters,,13,,0.452418845159437,0.547581154840563,0.245762711864407,0.539325836636788,0.460674152127257,1.77,,1.77,0,,0,8.47,,8.47,6,18,,aquapurefilters.com,False,False,"purewatersystems.com.au, discountfridgefilters.com.au, filtersystemsaustralia.com.au, irrigationexpress.com.au, psifilters.com.au",alkaviva.com.au,,,,
home drinking water filtration,,28,,0.552142857142857,0.447857142857143,0.330357142857143,0.306666662577778,0.693333324088889,,,,0,,0,1.89,,1.89,3,14,,purewatersystems.com.au,False,False,,"wateranalytics.com.au, filtersystemsaustralia.com.au, puretec.com.au",,,,
best whole house filter,,,,0.487,0.513,0.166666666666667,0.0399999984000001,0.959999961600001,,,,,,,,,,2,5,,healthywaterways.org,False,False,filtersystemsaustralia.com.au,wateranalytics.com.au,,,,
reverse osmosis filter system,,,,0.346822857142857,0.653177142857143,0.337142857142857,0.456896547785375,0.543103443593936,2.64,,2.64,0,,0,1.31,,1.31,2,1,,hydroponicsguru.com.au,False,False,filtersystemsaustralia.com.au,,,,,
home master water filter,,,,0.552142857142857,0.447857142857143,0.107142857142857,0.226666663644444,0.773333323022222,,,,,,,,,,2,,,,False,False,"filtersystemsaustralia.com.au, purewater4life.com.au",,,,,
best whole house reverse osmosis system,,,,0.232290629244002,0.767709370755998,0.297872340425532,0.393939382001837,0.606060587695134,,,,,,,,,,5,,,,False,False,filtersystemsaustralia.com.au,"filtersystemsaustralia.com.au, cuiyuantrade.com, psifilters.com.au, wateranalytics.com.au, comparewaterfilters.com.au",,,,
home water filtration system cost,,16,,0.783392857142857,0.216607142857143,0.392857142857143,,,1.33,,1.33,0,,0,21.84,,21.84,20,6,,fluidplumbingservices.com.au,False,False,,"wateranalytics.com.au, comparewaterfilters.com.au, thinkwater.com.au",,,"wateranalytics.com.au, filpure.com.au, thehomewaterfilterguy.com.au, philips.com.au, filtap.com.au, neighbourhoodwaterfiltration.com.au, purewaterfiltration.com.au, westozwaterfilters.com.au, completehomefiltration.com.au, homewaterfiltration.com.au","filpure.com.au, wateranalytics.com.au, purestwaterfiltration.com.au, cleanandclearwater.com.au, westozwaterfilters.com.au, cloudtap.com.au, filtap.com.au, filtersystemsaustralia.com.au, jilawater.com.au, daveywater.com, fullhousewaterfiltration.com.au, revolutionaryfiltration.com.au"
ro purifier price,,,,,,,,,,,,,,,,,,6,,,,False,False,"lovable.app, wateranalytics.com.au, cleanandclearwater.com.au, philips.com.au, filtersystemsaustralia.com.au, waterdropfilter.com.au",,,,,
proone water filters,,,,,,,,,,,,,,,,,,4,,,,False,False,"purewater4life.com.au, waterfiltercompany.co.nz, filtersystemsaustralia.com.au, ecobud.com.au",waterfiltercompany.co.nz,,,,
tds filter,,,,,,,,,,,,,,,,,,2,,,,False,False,filtersystemsaustralia.com.au,filtersystemsaustralia.com.au,alkaviva.com.au,,,
nsf 53 water filter,,,,0.33532,0.66468,0.26,0.216216210372535,0.783783762600439,1.79,,1.79,0,,0,0.0,,0.0,1,,,,False,False,filtersystemsaustralia.com.au,,,,,
under sink water filter cartridges,,9,,,,,,,1.89,,1.89,0,,0,0.0,,0.0,3,2,,purewatersystems.com.au,False,False,,"filtersystemsaustralia.com.au, psifilters.com.au, purewatersystems.com.au",,,,
water filters gold coast,,41,,,,,,,,,,,,,,,,1,30,,purewatersystems.com.au,False,False,,filtersystemsaustralia.com.au,filtersystemsaustralia.com.au,filtersystemsaustralia.com.au,filtersystemsaustralia.com.au,
inline remineralization filter,,,,,,,,,0.71,,0.71,0,,0,0.0,,0.0,2,,,,False,False,"filtersystemsaustralia.com.au, psifilters.com.au",,,,,
whole home ro system,,,,0.760765432098766,0.239234567901235,0.288888888888889,0.687499978515626,0.312499990234375,,,,,,,,,,3,,,,False,False,"filtersystemsaustralia.com.au, wateranalytics.com.au, psifilters.com.au",filtersystemsaustralia.com.au,,,,
service water filter,,,,,,,,,,,,,,,,,,4,,,,False,False,"rilian.com.au, cleanandclearwater.com.au, filtap.com.au, filtersystemsaustralia.com.au",,,,,
water sanitation system,,,,,,,,,,,,,,,,,,1,,,,False,False,filtersystemsaustralia.com.au,,,,,
cuno carbon filter,,,,,,,,,,,,,,,,,,1,,,,False,False,filtersystemsaustralia.com.au,filtersystemsaustralia.com.au,,,,
triple reverse osmosis water filter,,,,,,,,,,,,,,,,,,1,,,,False,False,filtersystemsaustralia.com.au,filtersystemsaustralia.com.au,,,,
ro water purifier for home,,,,,,,,,,,,,,,,,,3,,,,False,False,"drinkrippl.com, filtersystemsaustralia.com.au, wateranalytics.com.au",,,,,
commercial water treatment systems,,,,,,,,,,,,0,,0,4.59,,4.59,5,19,,makwater.com.au,False,False,dixengineering.com,"filtecwater.com, prwater.com.au, filtersystemsaustralia.com.au, liquimech.com.au",,,,
affordable water filters​,,,,,,,,,,,,,,,,,,13,,,,False,False,"waterscoaustralia.com.au, google.com, inflowfilter.com, shieldwaterfilter.com.au","filteredwatersolutions.com.au, cleanandclearwater.com.au",waterscoaustralia.com.au,"filteredwatersolutions.com.au, carawater.com.au",hyperwellbeing.com.au,"thehomewaterfilterguy.com.au, filtersystemsaustralia.com.au, filteredwatersolutions.com.au, flowpure.com, waterfilter.com.au"
media filters,,19,,0.579429065743945,0.420570934256055,0.5,,,0.67,,0.67,0,,0,0.0,,0.0,1,4,,netafim.com.au,False,False,,,,,filtersystemsaustralia.com.au,filtersystemsaustralia.com.au
20 inch sediment filter cartridge,,,,,,,,,,,,,,,,,,1,,,,False,False,filtersystemsaustralia.com.au,filtersystemsaustralia.com.au,,,,
nsa water filter,,,,0.624797097554421,0.375202902445579,0.278688524590164,0.47727271642562,0.522727260847108,,,,,,,,,,3,,,,False,False,"purewatersystems.com.au, filtersystemsaustralia.com.au, thinkwater.com.au",,,,,
best water treatment system for well water,,,,0.0700000000000001,0.93,0.173913043478261,,,,,,,,,,,,1,,,,False,False,filtersystemsaustralia.com.au,,,,,
whole house water filtration system perth,,,,,,,,,3.17,,3.17,0,,0,0.0,,0.0,19,19,,alkimosplumbingandgas.com.au,False,False,"wateranalytics.com.au, puremainswater.com.au, aquastream.com.au, google.com, nexahomesolutions.com.au","wateranalytics.com.au, cloudtap.com.au, hiltonplumbing.com.au","purewaterfiltration.com.au, wateranalytics.com.au, aquariuswaterfilters.com.au, hiltonplumbing.com.au, comparewaterfilters.com.au, cloudtap.com.au, pacerplumbing.com.au","wateranalytics.com.au, pure2o.com.au, dolphinhomefiltration.com.au, purewaterfiltration.com.au, puremainswater.com.au, bestcoast.com.au, westozwaterfilters.com.au, urbanfuture.com.au",wateranalytics.com.au,wateranalytics.com.au
reverse osmosis home system,,22,,0.55442831558111,0.44557168441889,0.368932038834951,,,1.51,,1.51,0,,0,0.0,,0.0,2,10,,filtersystemsaustralia.com.au,False,False,,,,,,filtersystemsaustralia.com.au
water purifier filter change,,,,,,,,,,,,,,,,,,1,,,,False,False,filtersystemsaustralia.com.au,filtersystemsaustralia.com.au,,,,
what does reverse osmosis remove from water,,,,,,,,,,,,,,,,,,2,,,,True,False,"filtersystemsaustralia.com.au, waterdropfilter.com.au",waterdropfilter.com.au,,,,
water filtration whole house,,,,,,,,,,,,,,,,,,5,20,,simplyfiltration.com.au,False,False,"wateranalytics.com.au, filtersystemsaustralia.com.au, cleanandclearwater.com.au, puretec.com.au",,,,,
fsa water filters,,,,,,,,,1.98,,1.98,0,,0,1.12,,1.12,1,36,,filtersystemsaustralia.com.au,False,False,,,,,,
uv water purification system,,14,,,,,,,1.43,,1.43,0,,0,0.0,,0.0,7,3,,aquasafe.com.au,False,False,"google.com, puretec.com.au","puretec.com.au, ultraaqua.com, demandfiltration.com.au",laftech.com.au,"uvguard.com, puretec.com.au, filtersystemsaustralia.com.au",,filtersystemsaustralia.com.au
3m ultraviolet water disinfection system,,,,,,,,,,,,,,,,,,4,,,,False,False,filtersystemsaustralia.com.au,filtersystemsaustralia.com.au,"thinkwater.com.au, laftech.com.au, filtersystemsaustralia.com.au, daveywater.com",,,
reverse osmosis system cost,,,,0.583688016528926,0.416311983471074,0.414772727272727,0.281553395324724,0.718446594966538,2.38,,2.38,0,,0,0.0,,0.0,1,0,,bestreviews.com,False,False,filtersystemsaustralia.com.au,,,,,
250mm water filter cartridge,,,,,,,,,2.04,,2.04,0,,0,0.0,,0.0,6,,,,False,False,"filtersystemsaustralia.com.au, purewatersystems.com.au, ebay.com.au",filtersystemsaustralia.com.au,"filtersystemsaustralia.com.au, waterfilter.net.au, amazon.com.au, completehomefiltration.com.au",filtersystemsaustralia.com.au,,
ice machine water filter,,14,,0.169275690357628,0.830724309642372,0.170212765957447,0.410256399737015,0.58974357462196,1.83,,1.83,0,,0,0.48,,0.48,4,11,,nisbets.com.au,False,False,purewatersystems.com.au,,"nisbets.com.au, filtersystemsaustralia.com.au, icemakers.com.au",,,
under sink water softener,,,,0.559256198347107,0.440743801652893,0.309090909090909,0.184210521468144,0.815789452216067,,,,,,,,,,7,,,,False,False,"filtersystemsaustralia.com.au, waterdropfilter.com.au, thinkwater.com.au, waterfilter.net.au","filtersystemsaustralia.com.au, cleanandclearwater.com.au, mywaterfilter.com.au, pureflowfiltration.com.au",,,,
water filter for pfas australia,,17,,,,,,,,,,,,,,,,26,7,,reddit.com,False,False,"google.com, tappwater.com.au, waterscoaustralia.com.au, philips.com.au, inflowfilter.com, shieldwaterfilter.com.au, zazenalkalinewater.com.au","filtersystemsaustralia.com.au, waterscoaustralia.com.au, betterwaterbetteryou.com.au, inflowfilter.com","kynandfolk.com, waterscoaustralia.com.au, filtersystemsaustralia.com.au, lovable.app, tappwater.com.au, philips.com.au, minthomefiltration.com, waterdropfilter.com.au","kynandfolk.com, filpure.com.au, filtersystemsaustralia.com.au, philips.com.au, water-filter-sentry.com.au, billi.com.au, waterdropfilter.com.au, cleanandclearwater.com.au, tappwater.com.au, holyh2o.com.au","filpure.com.au, blissfulhome.com.au, tappwater.com.au, filtersystemsaustralia.com.au, waterscoaustralia.com.au, waterfilter.com.au","filtersystemsaustralia.com.au, tappwater.com.au, kynandfolk.com, filteredwatersolutions.com.au, waterscoaustralia.com.au, waterfilter.com.au"
reef pure ro,,26,,,,,,,2.17,,2.17,0,,0,0.0,,0.0,2,11,,reefpurero.com.au,False,False,,"reefpurero.com.au, filtersystemsaustralia.com.au",reefpurero.com.au,reefpurero.com.au,reefpurero.com.au,
how to build a water filter system,,,,,,,,,,,,,,,,,,1,,,,True,False,filtersystemsaustralia.com.au,,,,,
20 inch water filter,,10,,0.501640625,0.498359375,0.145833333333333,0.170731703152885,0.829268272456871,1.18,,1.18,0,,0,0.31,,0.31,1,1,,filtersystemsaustralia.com.au,False,False,,filtersystemsaustralia.com.au,,filtersystemsaustralia.com.au,,
high flow water filter system,,,,,,,,,2.41,,2.41,0,,0,0.0,,0.0,1,,,,False,False,filtersystemsaustralia.com.au,,,,,
reverse osmosis water system for home,,20,,0.195947521865889,0.804052478134111,0.408163265306122,0.37931033174792,0.620689633769323,1.38,,1.38,0,,0,0.0,,0.0,6,8,,filtersystemsaustralia.com.au,False,False,filtersystemsaustralia.com.au,,"wateranalytics.com.au, purewaterfiltration.com.au","drinkrippl.com, filtersystemsaustralia.com.au, waterfilter.net.au, wateranalytics.com.au",,
kemflo water filter,,,,,,,,,1.34,,1.34,0,,0,4.3,,4.3,4,6,,yikom.com.my,False,False,"filtersystemsaustralia.com.au, thinkwater.com.au, psifilters.com.au",filtersystemsaustralia.com.au,thinkwater.com.au,ebay.com.au,ebay.com.au,ebay.com.au
best house water filter system,,19,,,,,,,,,,,,,,,,4,13,,aquasafe.com.au,False,False,,filtersystemsaustralia.com.au,,"wateranalytics.com.au, filtersystemsaustralia.com.au, daveywater.com, waterfilter.net.au",,
water softener system reviews,,,,0.435142857142857,0.564857142857143,0.211428571428571,0.231884056290695,0.768115936462928,1.56,,1.56,0,,0,0.0,,0.0,1,,,,False,False,filtersystemsaustralia.com.au,,,,,
reverse osmosis membrane price,,,,,,,,,3.2,,3.2,0,,0,0.91,,0.91,4,,,,False,False,filtersystemsaustralia.com.au,"membraneshop.com.au, windowcleaningsupplies.com.au","membraneshop.com.au, filtersystemsaustralia.com.au, waterfilter.net.au",,,
waterfilters australia,,,,,,,,,,,,,,,,,,3,,,,False,False,"filtersystemsaustralia.com.au, waterscoaustralia.com.au, wfa.com.au",,,,,
big blue filter 20,,,,,,,,,,,,,,,,,,6,,,,False,False,filtersystemsaustralia.com.au,"ebay.com.au, filtersystemsaustralia.com.au","filtersystemsaustralia.com.au, ozfilterwarehouse.com.au, ebay.com.au",filtersystemsaustralia.com.au,"filtersystemsaustralia.com.au, waterfilter.net.au, landwater.com.au, purewater4life.com.au",
house filtration system,,,,0.695,0.305,0.366666666666667,,,,,,,,,,,,31,,,,False,False,"wateranalytics.com.au, google.com, shieldwaterfilter.com.au, filtermate.com.au, waterfilter.com.au, filtersforyou.com.au, mrsplashplumbing.com.au","wateranalytics.com.au, smarth2o.com.au, waterfilter.com.au","networkplumbing.com.au, filtersystemsaustralia.com.au, wateranalytics.com.au, cleanandclearwater.com.au, filpure.com.au, thinkwater.com.au, comparewaterfilters.com.au, lovable.app","filtersystemsaustralia.com.au, smartenergy.co, wateranalytics.com.au, purestwaterfiltration.com.au, cleanandclearwater.com.au, cameronsplumbing.com.au, filtap.com.au, networkplumbing.com.au","smartenergy.co, waterfilter.com.au, filtap.com.au, reactiveplumbingandelectrical.com.au, filtersystemsaustralia.com.au, cleanandclearwater.com.au, purestwaterfiltration.com.au, filpure.com.au, wateranalytics.com.au, aquastream.com.au","cleanandclearwater.com.au, filpure.com.au, filtersystemsaustralia.com.au, wateranalytics.com.au, purestwaterfiltration.com.au, filtap.com.au, cameronsplumbing.com.au, smartenergy.co, thinkwater.com.au, waterfilter.com.au"
campbell water filter,,,,0.239135802469136,0.760864197530864,0.277777777777778,0.499999980769231,0.499999980769231,,,,,,,,,,1,,,,False,False,filtersystemsaustralia.com.au,filtersystemsaustralia.com.au,,,,
appliance water filters,,,,,,,,,,,,,,,,,,4,,,,False,False,"filtersystemsaustralia.com.au, perthappliancespares.com.au, statewideapp.com.au, thewaterdepot.com.au",,,,,
water filter buy,,67,,,,,,,1.43,,1.43,0,,0,0.97,,0.97,1,27,,psifilters.com.au,False,False,,,filtersystemsaustralia.com.au,,,
whole house reverse osmosis water system,,5,,0.621627218934911,0.378372781065089,0.361538461538462,,,0.32,,0.32,0,,0,10.34,,10.34,2,4,,waterfilter.com.au,False,False,,"filtersystemsaustralia.com.au, pacificwater.com.au",,filtersystemsaustralia.com.au,,
water filter for home without electricity,,,,,,,,,,,,,,,,,,5,,,,False,False,"purafion.com, wateranalytics.com.au, blissfulhome.com.au, earthtank.com.au, filtersystemsaustralia.com.au",,,,,
pure water filtration,,,,,,,,,,,,0,,0,6.35,,6.35,13,36,,cooeewater.com.au,False,False,"purewaterfiltration.com.au, tryselene.com.au",purewaterfiltration.com.au,"smartenergy.co, wateranalytics.com.au, cleanandclearwater.com.au, waterfilter.direct, incrediblypure.com.au, waterfilter.com.au, purewatersystems.com.au","alkaviva.com.au, saferwater.com","purewaterfiltration.com.au, wateranalytics.com.au, cleanandclearwater.com.au","purewatersystems.com.au, puurefilters.com, waterfilter.com.au, cleanandclearwater.com.au, wateranalytics.com.au, filtersystemsaustralia.com.au"
water filter for house,,,,0.646074849632435,0.353925150367565,0.432835820895522,0.289473676592798,0.710526297091413,1.86,,1.86,0,,0,0.0,,0.0,9,15,,purestwaterfiltration.com.au,False,False,,"completehomefiltration.com.au, wateranalytics.com.au, puremainswater.com.au, filtersystemsaustralia.com.au","filtersystemsaustralia.com.au, wateranalytics.com.au, philips.com.au, homewaterfiltration.com.au, waterfilterdistributors.com.au, filteredwatersolutions.com.au, cleanandclearwater.com.au",,,
under sink reverse osmosis,,,,0.68974378042185,0.31025621957815,0.38953488372093,0.371428567891156,0.628571422585034,1.86,,1.86,0,,0,39.19,,39.19,2,3,,filtersystemsaustralia.com.au,False,False,"filtersystemsaustralia.com.au, waterdropfilter.com.au",,,,,
under sink filter system,,16,,,,,,,,,,,,,,,,1,2,,purewatersystems.com.au,False,False,,,,filtersystemsaustralia.com.au,,
clarence filters,,,,,,,,,,,,,,,,,,2,,,,False,False,"clarencewaterfilters.com.au, filtersystemsaustralia.com.au","clarencewaterfilters.com.au, filtersystemsaustralia.com.au","clarencewaterfilters.com.au, filtersystemsaustralia.com.au",clarencewaterfilters.com.au,"clarencewaterfilters.com.au, filtersystemsaustralia.com.au",
10 carbon water filter cartridge,,,,,,,,,,,,,,,,,,2,,,,False,False,"filtersystemsaustralia.com.au, purewatersystems.com.au",filtersystemsaustralia.com.au,,,,
refrigerator water filters,,,,0.368848107187009,0.631151892812991,0.238439306358382,0.480075900417313,0.519924097685153,2.18,,2.18,0,,0,161.52,,161.52,3,6,,secondnature.com,False,False,"filtersystemsaustralia.com.au, discountfridgefilters.com.au, waterfilterdistributors.com.au",,,,,
water tank uv sterilizer,,,,,,,,,,,,,,,,,,5,,,,False,False,"puretec.com.au, filtersystemsaustralia.com.au, shieldwaterfilter.com.au","filtersystemsaustralia.com.au, waterfilter.net.au, ultraaqua.com",ultraaqua.com,filtersystemsaustralia.com.au,,
best domestic water filter,,25,,,,,,,3.39,,3.39,0,,0,0.0,,0.0,10,9,,waterfilterguru.com,False,False,,"homewaterfiltration.com.au, filteredwatersolutions.com.au, filtersystemsaustralia.com.au, holyh2o.com.au, blissfulhome.com.au, alkaviva.com.au, comparewaterfilters.com.au",,"greatwaterfilters.com.au, filtersystemsaustralia.com.au, waterdropfilter.com.au",,
ro unit fittings,,,,,,,,,,,,,,,,,,1,,,,False,False,filtersystemsaustralia.com.au,,,,,
brio water filter,,,,,,,,,,,,,,,,,,4,3,,independent.co.uk,False,False,"watercoolersuperstore.com.au, aquacoolerdirect.com.au, filtersystemsaustralia.com.au, waterdropfilter.com.au",,,,,
pentek water filter housing,,,,0.508223140495868,0.491776859504132,0.295454545454546,0.419354825182102,0.580645142559834,0.36,,0.36,0,,0,0.0,,0.0,1,,,,False,False,filtersystemsaustralia.com.au,filtersystemsaustralia.com.au,,,,
activated carbon filter for water treatment,,,,,,,,,1.29,,1.29,0,,0,0.0,,0.0,4,,,,False,False,"filtersystemsaustralia.com.au, thinkwater.com.au, fltr.com.au, yrdcarbon.com",filtersystemsaustralia.com.au,,,,
drinking water filter system for home,,,,,,,,,3.7,,3.7,0,,0,173.79,,173.79,12,,,,False,False,"ecovera.au, waterfilter.com.au, purewaterfiltration.com.au","wateranalytics.com.au, hiltonplumbing.com.au, hydrotechgroup.com.au",filtersystemsaustralia.com.au,"thewaterfiltrationcompany.com.au, filpure.com.au, wateranalytics.com.au, completehomefiltration.com.au, cleanandclearwater.com.au","completehomefiltration.com.au, filtap.com.au, wateranalytics.com.au, filtersystemsaustralia.com.au",
big blue water filter,,8,,0.528848992200759,0.471151007799241,0.362445414847162,0.479452051510602,0.520547941640083,1.54,,1.54,0,,0,44.8,,44.8,2,1,,aquasafe.com.au,False,False,filtersystemsaustralia.com.au,"filtersystemsaustralia.com.au, psifilters.com.au",,,,
water tank filtration system,,,,,,,,,1.44,,1.44,0,,0,27.72,,27.72,8,2,,electel.net.au,False,False,"filtersystemsaustralia.com.au, puretec.com.au, thinkwater.com.au, wateranalytics.com.au, filtermate.com.au, hydrosmart.com.au",filtersystemsaustralia.com.au,"filtersystemsaustralia.com.au, wateranalytics.com.au, puretec.com.au, asctanks.com.au",,completehomefiltration.com.au,
reverse osmosis filter sydney,,21,,,,,,,,,,,,,,,,19,13,,filtersystemsaustralia.com.au,False,False,"wateranalytics.com.au, waterscoaustralia.com.au, google.com, aquaserve.com.au, filtersforyou.com.au, cleanandclearwater.com.au, aewaterfilters.com, filtersystemsaustralia.com.au","cleanandclearwater.com.au, google.com","filtap.com.au, cleanandclearwater.com.au, purewaterfiltration.com.au, filtersystemsaustralia.com.au, wateranalytics.com.au, lovable.app, minthomefiltration.com",filtersystemsaustralia.com.au,"filtap.com.au, waterfilter.com.au, cleanandclearwater.com.au, filteredwatersolutions.com.au, filpure.com.au, bespokewater.com.au","filtersystemsaustralia.com.au, filtap.com.au, filpure.com.au"
filter cartridges,,,,,,,,,2.06,,2.06,0,,0,3.33,,3.33,2,2,,philips.com.au,False,False,mrpoolman.com.au,mrpoolman.com.au,filtersystemsaustralia.com.au,,,
all filters perth,,,,,,,,,2.38,,2.38,0,,0,0.0,,0.0,3,,,,False,False,filtersystemsaustralia.com.au,"filtersystemsaustralia.com.au, aquacoolerdirect.com.au",filtersystemsaustralia.com.au,"filtersystemsaustralia.com.au, purewaterfiltration.com.au",,
reverse osmosis membrane filter,,13,,,,,,,2.23,,2.23,0,,0,0.0,,0.0,3,3,,filtersystemsaustralia.com.au,False,False,"filtersystemsaustralia.com.au, membraneshop.com.au, waterfilter.net.au","filtersystemsaustralia.com.au, waterfilter.net.au",,,,
wollongong water filters,,,,,,,,,,,,,,,,,,25,,,,False,False,"thewateralchemists.com.au, google.com, shieldwaterfilter.com.au, waterscoaustralia.com.au","thewateralchemists.com.au, inflowfilter.com, cleanandclearwater.com.au, wateranalytics.com.au","eliteplumbinggroup.com, google.com, watershop.com.au, filpure.com.au, cleannectarine.com.au, filtap.com.au, inflowfilter.com, cleanandclearwater.com.au","eliteplumbinggroup.com, filtap.com.au, filpure.com.au, watershop.com.au, cleanandclearwater.com.au","filtap.com.au, cleanandclearwater.com.au, waterfilter.com.au, filpure.com.au, filteredwatersolutions.com.au, watershop.com.au","filtap.com.au, cleanandclearwater.com.au, completehomefiltration.com.au, filtersystemsaustralia.com.au, filteredwatersolutions.com.au, waterfilter.com.au, essentialservicesgroup.com.au, culligan.com.au"
water filter reviews australia,,17,,,,,,,1.09,,1.09,0,,0,0.0,,0.0,5,10,,productreview.com.au,False,False,filtersystemsaustralia.com.au,"filtersystemsaustralia.com.au, waterdropfilter.com.au, waterscoaustralia.com.au, holyh2o.com.au",,,,
water filter for water tank,,18,,,,,,,0.79,,0.79,0,,0,4.06,,4.06,2,7,,puretec.com.au,False,False,,"filtersystemsaustralia.com.au, puretec.com.au",,filtersystemsaustralia.com.au,,
water filters wollongong,,42,,,,,,,2.31,,2.31,0,,0,1.98,,1.98,24,31,,hydrosafe.au,False,False,"purewatersystems.com.au, southernfiltration.com.au, inflowfilter.com, thewateralchemists.com.au, waterscoaustralia.com.au, shieldwaterfilter.com.au, google.com","wateranalytics.com.au, purewatersystems.com.au, filtersystemsaustralia.com.au, mrsplashplumbing.com.au","eliteplumbinggroup.com, cleanandclearwater.com.au, filtap.com.au, google.com, southernfiltration.com.au, filtersystemsaustralia.com.au, psifilters.com.au, filpure.com.au, watershop.com.au","filtap.com.au, eliteplumbinggroup.com","filtap.com.au, waterfilter.com.au, filpure.com.au, thewateralchemists.com.au, wateranalytics.com.au, dolphinhomefiltration.com.au","cleanandclearwater.com.au, filtap.com.au, filtersystemsaustralia.com.au"
samsung concentrated carbon filter,,,,0.525555555555556,0.474444444444444,0.303030303030303,0.478260848771267,0.521739107750474,1.61,,1.61,0,,0,0.0,,0.0,5,,,,False,False,"discountfridgefilters.com.au, statewideapp.com.au, ebay.com.au, perthappliancespares.com.au",filtersystemsaustralia.com.au,,,,
gravity filter,,18,,0.347143136583696,0.652856863416304,0.559440559440559,0.301587296800202,0.698412687326783,0.45,,0.45,0,,0,1.03,,1.03,5,6,,lifestraw.com,False,False,,"filtersystemsaustralia.com.au, ultralightgear.com.au, kynandfolk.com, purezafilters.com",culligan.com.au,,,
spin down filter,,9,,0.67672,0.32328,0.42,0.367816087726252,0.632183900779495,0.11,,0.11,0,,0,0.31,,0.31,1,3,,vevor.com.au,False,False,,filtersystemsaustralia.com.au,,,,
arsenic filter,,,,0.519019024970273,0.480980975029727,0.362068965517241,0.297297289262235,0.702702683710738,,,,,,,,,,1,,,,False,False,filtersystemsaustralia.com.au,,,,,
water filter 20 micron,,,,,,,,,,,,,,,,,,4,2,,puretec.com.au,False,False,advancedfiltrationsystems.com.au,"filtersystemsaustralia.com.au, amazon.com.au, ebay.com.au",,,,
spring water filter,,49,,,,,,,1.81,,1.81,0,,0,0.0,,0.0,7,33,,bigspringswater.com.au,False,False,thinkwater.com.au,"thinkwater.com.au, filtersystemsaustralia.com.au, kynandfolk.com, lovable.app, purpleduck.com.au",,"springwellwater.com, landwater.com.au",,
filter systems,,63,,0.362,0.638,0.64,,,2.11,,2.11,0,,0,0.0,,0.0,25,28,,filtersystemsaustralia.com.au,False,False,"filtersystemsaustralia.com.au, google.com, waterscoaustralia.com.au, inflowfilter.com, aquaserve.com.au","filtersystemsaustralia.com.au, filpure.com.au, water-filter-sentry.com.au, filteredwatersolutions.com.au, google.com","filtersystemsaustralia.com.au, purpleduck.com.au, filpure.com.au, waterfilter.net.au, filteredwatersolutions.com.au, google.com, purewatersystems.com.au","filtersystemsaustralia.com.au, smartenergy.co, filteredwatersolutions.com.au, purewatersystems.com.au","alkaviva.com.au, filtersystemsaustralia.com.au, waterfilter.com.au, purezafilters.com, smartenergy.co, hyperwellbeing.com.au, reactiveplumbingandelectrical.com.au, purewatersystems.com.au, filtecwater.com, waterfilter.net.au","filtersystemsaustralia.com.au, hyperwellbeing.com.au, waterdropfilter.com.au, design10.com.au, filteredwatersolutions.com.au, alkaviva.com.au, smartenergy.co, cleanandclearwater.com.au, fltr.com.au"
pentair everpure,,,,0.345390625,0.654609375,0.1875,0.153846147928994,0.846153813609469,2.32,,2.32,0,,0,0.0,,0.0,2,6,,coffeeparts.com.au,False,False,essentialservicesgroup.com.au,essentialservicesgroup.com.au,filtersystemsaustralia.com.au,,,
under sink water filtration system sydney,,,,,,,,,,,,,,,,,,29,,,,False,False,"filtersforyou.com.au, aquaserve.com.au, cleanandclearwater.com.au, freshfilteredwater.com.au, google.com, waterfilterdistributors.com.au, aewaterfilters.com, waterscoaustralia.com.au, waterfilter.net.au, filpure.com.au, filteredwatersolutions.com.au","cleanandclearwater.com.au, filtersystemsaustralia.com.au, comparewaterfilters.com.au, minthomefiltration.com, filtap.com.au, wateranalytics.com.au, earthtank.com.au, holyh2o.com.au, linkplumbing.com.au, google.com","filtap.com.au, filtersystemsaustralia.com.au, filpure.com.au, cleanandclearwater.com.au, lovable.app, wateranalytics.com.au, buildmat.com.au, doulton.com, filteredwatersolutions.com.au","filpure.com.au, filtap.com.au, purewaterfiltration.com.au, cleanandclearwater.com.au","filtap.com.au, waterfilter.com.au, filpure.com.au, cleanandclearwater.com.au, filteredwatersolutions.com.au","filtap.com.au, cleanandclearwater.com.au"
whole house water filtration,,,,0.519263958953875,0.480736041046125,0.265560165975104,0.276836156628044,0.723163837722238,1.89,,1.89,2,,2,716.13,,716.13,10,22,,freshwatersystems.com.au,False,False,waterfilter.com.au,aquastream.com.au,"filtersystemsaustralia.com.au, wateranalytics.com.au","filtersystemsaustralia.com.au, wateranalytics.com.au, puretec.com.au, daveywater.com, cleanandclearwater.com.au","wateranalytics.com.au, filtersystemsaustralia.com.au, puretec.com.au",filtersystemsaustralia.com.au
chloramine filter,,8,,0.67672,0.32328,0.4,0.366666654444445,0.633333312222223,2.41,,2.41,0,,0,0.0,,0.0,1,0,,reddit.com,False,False,,,filtersystemsaustralia.com.au,,,
outdoor filter,,,,,,,,,,,,,,,,,,1,,,,False,False,filtersystemsaustralia.com.au,,,,,
aquafilter,,15,,0.135451388888889,0.864548611111111,0.541666666666667,,,2.25,,2.25,0,,0,0.0,,0.0,2,25,,aquafilter.com.au,False,False,,"filtersystemsaustralia.com.au, waterdropfilter.com.au",,,,
best filter to remove chlorine,,,,,,,,,,,,,,,,,,4,,,,False,False,"filtersystemsaustralia.com.au, inflowfilter.com, alkaviva.com.au, waterscoaustralia.com.au",,,,,
direct water filters,,,,,,,,,1.64,,1.64,0,,0,0.0,,0.0,6,,,,False,False,"directwholesale.com.au, filtersystemsaustralia.com.au, discountfridgefilters.com.au, aquacoolerdirect.com.au, ozfilterwarehouse.com.au, alkaviva.com.au",,,,,
oval gear flow meter,,4,,,,,,,0.34,,0.34,0,,0,0.9,,0.9,14,1,,flomec.com.au,False,False,"dwyeromega.com, aliexpress.com",macnaught.com,macnaught.com,macnaught.com,"macnaught.com, alibaba.com, zhyqsensor.com.au","macnaught.com, macrosupply.com.au, yunyiinstrument.com"
aquaguard australia,,,,,,,,,,,,,,,,,,12,6,,rockinghampoolandspa.com.au,False,False,filtermate.com.au,"filtersystemsaustralia.com.au, filtermate.com.au","filtersystemsaustralia.com.au, minthomefiltration.com","filtersystemsaustralia.com.au, water-filter-sentry.com.au, waterdropfilter.com.au","valueh2o.com.au, filpure.com.au, filtap.com.au, filtersystemsaustralia.com.au, waterdropfilter.com.au, water-filter-sentry.com.au","filtersystemsaustralia.com.au, bespokewater.com.au"
ro water purifier price,,,,,,,,,,,,0,,0,0.07,,0.07,1,,,,False,False,filtersystemsaustralia.com.au,,,,,
uv light water disinfection,,,,,,,,,,,,,,,,,,5,2,,iop.org,False,False,"ultraaqua.com, filtersystemsaustralia.com.au, southlandfiltration.com.au, centurionaprs.com",uvguard.com,uvguard.com,,,
uv water filter systems,,,,,,,,,1.54,,1.54,0,,0,0.0,,0.0,4,3,,freshwatersystems.com.au,False,False,uvguard.com,"uvguard.com, atplumbingmelbourne.com.au",,ultraaqua.com,,filtersystemsaustralia.com.au
house filter system,,28,,,,,,,,,,,,,,,,2,17,,filtersystemsaustralia.com.au,False,False,"waterfilter.com.au, filtersystemsaustralia.com.au",,,,,
commercial ro water purifier,,,,,,,,,,,,,,,,,,6,,,,False,False,"filtersystemsaustralia.com.au, rodisystems.com, prwater.com.au, southlandfiltration.com.au","waterfilter.net.au, filtersystemsaustralia.com.au, aquapax.com.au",,,,
rv inline water filter,,16,,0.843177842565598,0.156822157434402,0.489795918367347,0.399999984000001,0.599999976000001,0.65,,0.65,0,,0,4.49,,4.49,2,2,,clarencewaterfilters.com.au,False,False,"filtersystemsaustralia.com.au, outbackequipment.com.au",,,,,
inline filters strainers,,,,,,,,,0.76,,0.76,0,,0,0.0,,0.0,4,,,,False,False,"strainer.net.au, hengst.com.au, filtersystemsaustralia.com.au","hengst.com.au, strainer.net.au, sprayerwarehouse.com.au",,,,
sediment filter price,,,,,,,,,,,,,,,,,,1,,,,False,False,filtersystemsaustralia.com.au,,,,,
20 x 4.5 whole house water system with filter option,,,,,,,,,,,,,,,,,,4,,,,False,False,"southernfiltration.com.au, filtersystemsaustralia.com.au, hydraflo.com.au, alkalineworld.com.au",,,,,
wingsol water filter,,,,,,,,,,,,,,,,,,2,,,,False,False,"blissfulhome.com.au, filtersystemsaustralia.com.au",,,,,
water filter companies,,,,0.317222222222222,0.682777777777778,0.6,,,6.11,,6.11,0,,0,0.59,,0.59,3,63,,phwaterfilters.com.au,False,False,"ecpwaterfilter.com, thinkwater.com.au, filtersystemsaustralia.com.au",,,,,
benchtop water filter system,,20,,,,,,,,,,,,,,,,5,4,,earthswater.com.au,False,False,,,"waterscoaustralia.com.au, filtersystemsaustralia.com.au, kynandfolk.com, waterdropfilter.com.au, earthtank.com.au",,,
water filtration and purification,,,,,,,,,,,,,,,,,,1,,,,False,False,filtersystemsaustralia.com.au,,,,,
tankless ro system,,,,,,,,,,,,,,,,,,3,,,,False,False,"filtersystemsaustralia.com.au, waterdropfilter.com.au, waterfilter.net.au",,,,,
water tank purifier,,,,,,,,,0.96,,0.96,0,,0,0.0,,0.0,7,6,,tankshop.com.au,False,False,"hydrosmart.com.au, thinkwater.com.au, carefree.com.au, filtersystemsaustralia.com.au, watertestsystems.com.au",,,,,
ro water system for brewing,,,,,,,,,,,,,,,,,,7,,,,False,False,"novonesis.com, filtersystemsaustralia.com.au","filtersystemsaustralia.com.au, novonesis.com, tonsen.beer, reefpurero.com.au","filtersystemsaustralia.com.au, tonsen.beer, fciwatermakers.com, novonesis.com, reefpurero.com.au",filtersystemsaustralia.com.au,"aquapax.com.au, laftech.com.au",
ultraviolet water treatment system,,,,,,,,,,,,,,,,,,4,0,,makwater.com.au,False,False,"ultraaqua.com, filtersystemsaustralia.com.au, wateranalytics.com.au",uvguard.com,uvguard.com,,,
best limescale treatment for whole house,,,,,,,,,,,,,,,,,,5,,,,False,False,filtersystemsaustralia.com.au,"filtersystemsaustralia.com.au, wateranalytics.com.au, activflo.com.au","wateranalytics.com.au, filtersystemsaustralia.com.au, carefree.com.au","wateranalytics.com.au, alkaviva.com.au",,
hard water to soft water filter,,,,,,,,,,,,,,,,,,3,,,,False,False,"hydrosmart.com.au, filtersystemsaustralia.com.au, wateranalytics.com.au",,,,,
granular activated carbon filtration,,,,,,,,,,,,,,,,,,4,,,,False,False,"filtersystemsaustralia.com.au, zhongjucarbon.com, ningxiacarbon.com, naturecarbon.com",filtersystemsaustralia.com.au,,,,
puretec filter,,14,,,,,,,0.55,,0.55,0,,0,4.55,,4.55,6,3,,puretec.com.au,False,False,southlandfiltration.com.au,"aquacoolerdirect.com.au, amazon.com.au, filtermate.com.au","directwholesale.com.au, filtersystemsaustralia.com.au",,,
omb934 5m,,,,,,,,,,,,,,,,,,1,,,,False,False,filtersystemsaustralia.com.au,,,,,
best fluoride water filter,,,,0.565337278106509,0.434662721893491,0.323076923076923,0.227272722107438,0.77272725516529,1.06,,1.06,0,,0,0.0,,0.0,3,5,,quora.com,False,False,"waterscoaustralia.com.au, alkaviva.com.au, filtersystemsaustralia.com.au",,,,,
whole house fluoride filter,,,,,,,,,1.13,,1.13,0,,0,2.93,,2.93,10,7,,quora.com,False,False,"wateranalytics.com.au, filtersystemsaustralia.com.au, puretec.com.au, fullhousewaterfiltration.com.au, waterscoaustralia.com.au","wateranalytics.com.au, aquala.au, filtersystemsaustralia.com.au, puretec.com.au, homewaterfiltration.com.au, waterscoaustralia.com.au, cloudtap.com.au, micronwaterfilters.com.au",,,,
water filters for refrigerators,,,,0.365337285691396,0.634662714308604,0.227848101265823,0.508196717145928,0.49180327465735,,,,,,,,,,8,5,,waterfilterforfridge.com.au,False,False,"discountfridgefilters.com.au, filtersystemsaustralia.com.au, cassbrothers.com.au, lg.com, waterfilterdistributors.com.au","discountfridgefilters.com.au, temu.com, waterfilterdistributors.com.au, filtersystemsaustralia.com.au, waterscoaustralia.com.au",,,,
water filteration wollongong,,,,,,,,,,,,,,,,,,21,,,,False,False,"aquaserve.com.au, google.com, wateranalytics.com.au, shieldwaterfilter.com.au","wateranalytics.com.au, filpure.com.au, cleanandclearwater.com.au, filteredwatersolutions.com.au, hydrosmart.com.au, comparewaterfilters.com.au, purewaterfiltration.com.au","purpleduck.com.au, google.com, filpure.com.au, filtap.com.au, safemains.com.au, wateranalytics.com.au, comparewaterfilters.com.au, minthomefiltration.com, cleanandclearwater.com.au, greengroupplumbing.com.au","filtap.com.au, wateranalytics.com.au","filtap.com.au, wateranalytics.com.au","wateranalytics.com.au, filtersystemsaustralia.com.au, filtap.com.au, filteredwatersolutions.com.au, cleanandclearwater.com.au"
whole house water softener and filter system,,,,,,,,,,,,,,,,,,7,,,,False,False,"filtersystemsaustralia.com.au, thinkwater.com.au, wateranalytics.com.au","wateranalytics.com.au, filtersystemsaustralia.com.au","completehomefiltration.com.au, wilcoplumbing.com.au, wateranalytics.com.au, filpure.com.au, purestwaterfiltration.com.au","completehomefiltration.com.au, wateranalytics.com.au, filtersystemsaustralia.com.au, purestwaterfiltration.com.au",,
5 stage reverse osmosis system,,13,,0.513288241415193,0.486711758584807,0.612903225806452,,,0.43,,0.43,0,,0,0.71,,0.71,17,1,,theitmart.com.au,False,False,"filtersforyou.com.au, waterscoaustralia.com.au, filtersystemsaustralia.com.au, google.com, aquaserve.com.au, shieldwaterfilter.com.au, aewaterfilters.com","cleanandclearwater.com.au, filteredwatersolutions.com.au, filtersystemsaustralia.com.au, purewatersystems.com.au, philips.com.au, waterfilter.net.au, waterdropfilter.com.au","filtersystemsaustralia.com.au, purewatersystems.com.au, waterdropfilter.com.au, philips.com.au, psifilters.com.au, minthomefiltration.com","filtersystemsaustralia.com.au, waterdropfilter.com.au","filtersystemsaustralia.com.au, cleanandclearwater.com.au, filteredwatersolutions.com.au","filtersystemsaustralia.com.au, waterfilter.com.au, filpure.com.au"
irrigation systems australia,,,,,,,,,0.77,,0.77,0,,0,0.45,,0.45,9,34,,swansystems.com.au,False,False,"filtersystemsaustralia.com.au, hoselink.com.au, thelandscapestore.com.au","filtersystemsaustralia.com.au, waterpro.com.au","filtersystemsaustralia.com.au, thinkwater.com.au, thelandscapestore.com.au, irrigationstore.com.au, theirrigationshop.com.au",thelandscapestore.com.au,"filtersystemsaustralia.com.au, oaseaustralia.com.au, sunshoweronline.com.au, waterpro.com.au",
water softener for hard water,,15,,,,,,,,,,,,,,,,4,2,,clarencewaterfilters.com.au,False,False,,"hydrosmart.com.au, wateranalytics.com.au, filtersystemsaustralia.com.au",,,,
under sink water filters wollongong,,,,,,,,,,,,,,,,,,19,,,,False,False,"shieldwaterfilter.com.au, pearlwaterfilters.com.au, cleanandclearwater.com.au","filtap.com.au, filteredwatersolutions.com.au, cleanandclearwater.com.au, filtersystemsaustralia.com.au, novoh2o.com.au, psifilters.com.au, filpure.com.au, wateranalytics.com.au, greatwaterfilters.com.au, inflowfilter.com","filtap.com.au, filteredwatersolutions.com.au, cleanandclearwater.com.au","filtap.com.au, filteredwatersolutions.com.au, cleanandclearwater.com.au, filpure.com.au, waterfilter.com.au","filteredwatersolutions.com.au, filtap.com.au, cleanandclearwater.com.au, filtersystemsaustralia.com.au","filtap.com.au, cleanandclearwater.com.au, puretec.com.au, filtersystemsaustralia.com.au, essentialservicesgroup.com.au"
whole house water filter perth,,17,,,,,,,1.99,,1.99,0,,0,40.33,,40.33,14,25,,waterfilter.com.au,False,False,"wateranalytics.com.au, puremainswater.com.au, nexahomesolutions.com.au, aquastream.com.au, dolphinhomefiltration.com.au","hydrotechgroup.com.au, wateranalytics.com.au, purewaterfiltration.com.au, urbanfuture.com.au, filtersystemsaustralia.com.au, comparewaterfilters.com.au, hiltonplumbing.com.au",purewaterfiltration.com.au,,"wateranalytics.com.au, filtersystemsaustralia.com.au",
pentair water filter,,18,,0.627142857142857,0.372857142857143,0.5,,,1.28,,1.28,0,,0,2.04,,2.04,5,7,,pentair.com,False,False,,"thinkwater.com.au, filtersystemsaustralia.com.au, irrigationexpress.com.au, alkaviva.com.au",filtersystemsaustralia.com.au,"essentialservicesgroup.com.au, thinkwater.com.au, filtersystemsaustralia.com.au",,
water filter cartridge replacement,,16,,,,,,,1.48,,1.48,0,,0,7.9,,7.9,3,2,,wfa.com.au,False,False,"aussienaturalfiltration.com.au, filtersystemsaustralia.com.au",,,,,
tap water filter system,,35,,0.763618171984857,0.236381828015143,0.395348837209302,0.576923054733729,0.423076906804734,1.79,,1.79,1,,1,316.12,,316.12,3,11,,purewatersystems.com.au,False,False,,"filtersystemsaustralia.com.au, inflowfilter.com, blissfulhome.com.au",,,,
undersink reverse osmosis filter,,,,,,,,,,,,,,,,,,4,,,,False,False,"puretec.com.au, aquala.au, waterscoaustralia.com.au, filtersystemsaustralia.com.au",,,,,
filtration system for home,,,,,,,,,,,,,,,,,,4,13,,freshwatersystems.com.au,False,False,"wateranalytics.com.au, filtersystemsaustralia.com.au, cleanandclearwater.com.au",,,,completehomefiltration.com.au,
healthy water systems,,,,,,,,,,,,,,,,,,5,,,,False,False,"purewatersystems.com.au, filtersystemsaustralia.com.au",filtersystemsaustralia.com.au,"carefree.com.au, filtersystemsaustralia.com.au, natureflow.io, wateranalytics.com.au",,,
black berkey,,,,,,,,,,,,,,,,,,2,,,,False,False,purewater4life.com.au,"purewater4life.com.au, filtersystemsaustralia.com.au",,,,
rainwater purification,,,,,,,,,,,,,,,,,,6,3,,tankdoctor.com.au,False,False,"puretec.com.au, filtersystemsaustralia.com.au, thinkwater.com.au, psifilters.com.au",,"aquapax.com.au, puretec.com.au, thinkwater.com.au, wateranalytics.com.au",,,
drip irrigation system,,,,,,,,,,,,,,,,,,18,,,,False,False,"filtersystemsaustralia.com.au, thelandscapestore.com.au, temu.com, google.com, camberwellirrigation.com.au, bunnings.com.au, sunshoweronline.com.au, hoselink.com.au, netagarden.com.au, gardena.com","amazon.com.au, camberwellirrigation.com.au, netagarden.com.au, temu.com, sunshoweronline.com.au, thelandscapestore.com.au, angusflexiblepipelines.com.au, hoselink.com.au, google.com, bunnings.com.au, waterpro.com.au","bunnings.com.au, temu.com, netagarden.com.au, camberwellirrigation.com.au, duralirrigation.com.au, sgaonline.org.au, elitedecksnpergolas.com.au, waterpro.com.au, sunshoweronline.com.au, smart-water.com.au","bunnings.com.au, sunshoweronline.com.au, irrigationexpress.com.au",,
filter water systems,,,,,,,,,2.08,,2.08,0,,0,2.9,,2.9,7,38,,cooeewater.com.au,False,False,"filtersystemsaustralia.com.au, novoh2o.com.au, cleanandclearwater.com.au, wateranalytics.com.au, filpure.com.au","filtersystemsaustralia.com.au, filpure.com.au","waterfilter.com.au, filtersystemsaustralia.com.au, cleanandclearwater.com.au, wateranalytics.com.au",filtersystemsaustralia.com.au,,
house water filter systems,,,,,,,,,3.47,,3.47,0,,0,0.0,,0.0,6,17,,filtersystemsaustralia.com.au,False,False,,,,,"wateranalytics.com.au, filtersystemsaustralia.com.au, waterscoaustralia.com.au, micronwaterfilters.com.au, fullhousewaterfiltration.com.au",waterfilter.com.au
ro filter price,,,,,,,,,0.85,,0.85,0,,0,0.0,,0.0,1,,,,False,False,filtersystemsaustralia.com.au,,,,,
industrial water filtration system,,,,,,,,,,,,,,,,,,14,25,,makwater.com.au,False,False,hydrochem.com.au,hydrochem.com.au,"filtersystemsaustralia.com.au, oleology.com.au, hydrochem.com.au",russellfinex.com,prwater.com.au,"vafmemstar.com.au, prwater.com.au, oleology.com.au, fltr.com.au"
under sink water filter perth,,45,,,,,,,2.04,,2.04,0,,0,0.0,,0.0,23,17,,filtersystemsaustralia.com.au,False,False,"hiltonplumbing.com.au, google.com, aussienaturalfiltration.com.au, wateranalytics.com.au","hiltonplumbing.com.au, cloudtap.com.au, urbanfuture.com.au, greatwaterfilters.com.au, shieldwaterfilter.com.au, aussienaturalfiltration.com.au, google.com","westflowfiltration.com.au, hiltonplumbing.com.au, filtersystemsaustralia.com.au, blufrog.com.au, cloudtap.com.au, wateranalytics.com.au, psifilters.com.au","waterfilter.com.au, purewaterfiltration.com.au, wateranalytics.com.au, cloudtap.com.au, neighbourhoodwaterfiltration.com.au, hiltonplumbing.com.au, greatwaterfilters.com.au, filtersystemsaustralia.com.au, westflowfiltration.com.au, water2.com, inflowfilter.com","cloudtap.com.au, urbanfuture.com.au, waterfilter.com.au, westflowfiltration.com.au, greatwaterfilters.com.au","waterfilter.com.au, hiltonplumbing.com.au, cloudtap.com.au, hydrotechgroup.com.au, shenton.com.au, greatwaterfilters.com.au, filtersystemsaustralia.com.au, urbanfuture.com.au, wateranalytics.com.au, micronwaterfilters.com.au, waterdropfilter.com.au, waterfilter.net.au, puretec.com.au"
whole house water filtration system cost,,20,,0.525555555555556,0.474444444444444,0.333333333333333,,,,,,,,,,,,4,5,,fluidplumbingservices.com.au,False,False,wateranalytics.com.au,,"wateranalytics.com.au, thinkwater.com.au, filtersystemsaustralia.com.au, daveywater.com",,,
reverse osmosis drinking water filtration system,,,,,,,,,,,,,,,,,,14,,,,False,False,"puretec.com.au, philips.com.au, filtersforyou.com.au, aquala.au, waterscoaustralia.com.au, google.com, shieldwaterfilter.com.au","filtersystemsaustralia.com.au, cleanandclearwater.com.au, philips.com.au, tappwater.com.au, wateranalytics.com.au, waterscoaustralia.com.au",filtersystemsaustralia.com.au,filtersystemsaustralia.com.au,filtersystemsaustralia.com.au,filtersystemsaustralia.com.au
home water filtration system service,,,,,,,,,,,,,,,,,,33,,,,False,False,"filtersforyou.com.au, aquaserve.com.au, mrsplashplumbing.com.au, brisbaneflowplumbing.com.au, aewaterfilters.com, salmonplumbing.com.au, plumbingbros.com.au","filtap.com.au, cleanandclearwater.com.au, networkplumbing.com.au, samedayhomeservices.com.au, lovable.app, collisbrosplumbing.com.au, mrfixplumbing.com.au, jaycoplumbing.com.au, wateranalytics.com.au, spsplumbers.com.au","cleanandclearwater.com.au, samedayhomeservices.com.au, fullhousewaterfiltration.com.au, collisbrosplumbing.com.au, filteredwatersolutions.com.au, filtap.com.au","emergencyhomeservices.com.au, filtap.com.au, cleanandclearwater.com.au, fullhousewaterfiltration.com.au, cameronsplumbing.com.au, wilcoplumbing.com.au, hydraflo.com.au, collisbrosplumbing.com.au, samedayhomeservices.com.au","emergencyhomeservices.com.au, filtap.com.au, cleanandclearwater.com.au, thewaterfiltrationcompany.com.au, fixnflow.com.au, mrfixplumbing.com.au, filpure.com.au, wilcoplumbing.com.au, fullhousewaterfiltration.com.au, filteredwatersolutions.com.au","filtap.com.au, wateranalytics.com.au, cleanandclearwater.com.au, fullhousewaterfiltration.com.au, thewaterfiltrationcompany.com.au, purpleduck.com.au, wilcoplumbing.com.au, jaycoplumbing.com.au, emergencyhomeservices.com.au"
household water filter,,53,,0.552142857142857,0.447857142857143,0.321428571428571,,,1.51,,1.51,0,,0,66.72,,66.72,4,28,,filtersystemsaustralia.com.au,False,False,,"filtersystemsaustralia.com.au, wateranalytics.com.au, puretec.com.au, alkaviva.com.au",,,,
franke triflow filter,,,,,,,,,,,,,,,,,,3,,,,False,False,"aquacoolerdirect.com.au, cassbrothers.com.au, filtersystemsaustralia.com.au",,,,,
chlorine filter,,17,,0.509339067451335,0.490660932548665,0.531914893617021,,,1.21,,1.21,0,,0,9.24,,9.24,3,9,,bunnings.com.au,False,False,,"filtersystemsaustralia.com.au, alkaviva.com.au, inflowfilter.com",,,,
big blue filter housing,,,,0.61710654407788,0.38289345592212,0.372093023255814,0.37037035665295,0.629629606310014,1.07,,1.07,0,,0,1.91,,1.91,1,0,,pumpsandpipes.net.au,False,False,filtersystemsaustralia.com.au,filtersystemsaustralia.com.au,,,,
under sink filtration system,,15,,0.480034602076124,0.519965397923876,0.323529411764706,0.652173884688092,0.347826071833649,1.26,,1.26,0,,0,24.1,,24.1,8,4,,purewatersystems.com.au,False,False,,"puretec.com.au, philips.com.au, google.com",puretec.com.au,,,"filtersystemsaustralia.com.au, buildmat.com.au, cleanandclearwater.com.au, filteredwatersolutions.com.au"
house water filter system,,38,,0.708475665748393,0.291524334251607,0.439393939393939,0.378378368151936,0.621621604821038,,,,,,,,,,10,14,,filtersystemsaustralia.com.au,False,False,wateranalytics.com.au,"filtersystemsaustralia.com.au, pureflowfiltration.com.au","homewaterfiltration.com.au, filtersystemsaustralia.com.au",,"filtersystemsaustralia.com.au, filpure.com.au, wateranalytics.com.au, cleanandclearwater.com.au, waterfilterdistributors.com.au, puretec.com.au",
off grid water filtration,,13,,0.74648,0.25352,0.36,,,,,,,,,,,,2,7,,offgridadventureco.com.au,False,False,filtersystemsaustralia.com.au,,preppro.com.au,,,
whole house carbon water filter,,,,0.595632747933884,0.404367252066116,0.375,0.381818174876033,0.618181806942149,1.65,,1.65,0,,0,0.0,,0.0,1,3,,discountwatersofteners.com,False,False,filtersystemsaustralia.com.au,filtersystemsaustralia.com.au,,,,
water osmosis system,,,,0.475515088449532,0.524484911550468,0.419354838709677,,,,,,,,,,,,2,,,,False,False,"filtersystemsaustralia.com.au, waterdropfilter.com.au",filtersystemsaustralia.com.au,,,,
water filter replacement cartridge,,,,0.342290809327846,0.657709190672154,0.481481481481481,,,1.48,,1.48,0,,0,101.21,,101.21,6,1,,zipwater.com,False,False,"filtersystemsaustralia.com.au, purewatersystems.com.au","filtersystemsaustralia.com.au, aquacoolerdirect.com.au",filtersystemsaustralia.com.au,filtersystemsaustralia.com.au,filtersystemsaustralia.com.au,"filtap.com.au, waterfilterforfridge.com.au, filtersystemsaustralia.com.au, waterfilter.net.au"
reverse osmosis water filter perth wa,,,,,,,,,,,,,,,,,,7,,,,False,False,"filtersystemsaustralia.com.au, carawater.com.au","purewaterfiltration.com.au, filtersystemsaustralia.com.au, wateranalytics.com.au","hydrotechgroup.com.au, cloudtap.com.au, neighbourhoodwaterfiltration.com.au, purewaterfiltration.com.au, filtersystemsaustralia.com.au",,,
rain water tank filter,,12,,,,,,,1.13,,1.13,0,,0,12.4,,12.4,4,2,,tankshop.com.au,False,False,"google.com, puretec.com.au","filtersystemsaustralia.com.au, puretec.com.au",,uvguard.com,,
elkay water fountain filter,,,,0.39850107725454,0.60149892274546,0.280701754385965,0.390243892920881,0.609756082688876,1.62,,1.62,0,,0,0.0,,0.0,6,,,,False,False,"watercoolersuperstore.com.au, filtersystemsaustralia.com.au, raptorsupplies.com.au","culligan.com.au, batteryexpert.com.au, raptorsupplies.com.au, ebay.com.au",,,,
water filtration ro,,22,,,,,,,,,,,,,,,,3,13,,filtersystemsaustralia.com.au,False,False,,,"waterfilter.net.au, waterdropfilter.com.au, filtersystemsaustralia.com.au",,,
undersink water filter perth,,,,,,,,,1.36,,1.36,0,,0,0.0,,0.0,33,23,,aussienaturalfiltration.com.au,False,False,"hiltonplumbing.com.au, google.com, aussienaturalfiltration.com.au, jimsplumbing.com.au, shieldwaterfilter.com.au","hiltonplumbing.com.au, purewatersystems.com.au, filtersystemsaustralia.com.au, blufrog.com.au, greatwaterfilters.com.au, google.com","cloudtap.com.au, hiltonplumbing.com.au, inflowfilter.com, waterdropfilter.com.au, h2ostores.com","waterfilter.com.au, floworxplumbing.com.au, aquariuswaterfilters.com.au, purewaterfiltration.com.au, hiltonplumbing.com.au, hydrotechgroup.com.au, cloudtap.com.au, waterfilter.net.au, inflowfilter.com, waterscoaustralia.com.au, waterdropfilter.com.au, wateranalytics.com.au, neighbourhoodwaterfiltration.com.au, filtersystemsaustralia.com.au, blissfulhome.com.au","cloudtap.com.au, waterfilter.com.au, hiltonplumbing.com.au, urbanfuture.com.au, puretec.com.au, wateranalytics.com.au, filtersystemsaustralia.com.au","waterscoaustralia.com.au, inflowfilter.com, waterfilter.com.au, cloudtap.com.au, urbanfuture.com.au, westflowfiltration.com.au, wateranalytics.com.au"
well water filter system,,33,,0.64909051421698,0.35090948578302,0.30635838150289,0.266666664444444,0.733333327222222,,,,,,,,,,1,16,,tradelink.com.au,False,False,filtersystemsaustralia.com.au,,filtersystemsaustralia.com.au,,,
how to filter out nitrates in water,,,,,,,,,,,,,,,,,,2,,,,True,False,"filtersystemsaustralia.com.au, hydrosmart.com.au",,,,,
flow meters australia,,9,,,,,,,3.09,,3.09,0,,0,2.19,,2.19,21,3,,flomec.com.au,False,False,"ifm.com, google.com, dwyeromega.com",ifm.com,"ifm.com, macnaught.com, flotech.com.au, justvalves.com.au","ifm.com, fillriteshop.com.au, driesen-kern.de, macnaught.com, kisters.com.au, autocontrols.com.au","ifm.com, macnaught.com, auscalgroup.com","ifm.com, macnaught.com"
water filtration system service,,,,,,,,,,,,,,,,,,27,,,,False,False,"aquaserve.com.au, filtersforyou.com.au, hydrochem.com.au, google.com","spsplumbers.com.au, centurionaprs.com, linkplumbing.com.au","jaycoplumbing.com.au, spsplumbers.com.au, filpure.com.au, cleanandclearwater.com.au, samedayhomeservices.com.au, filtersystemsaustralia.com.au, collisbrosplumbing.com.au, centurionaprs.com, filteredwatersolutions.com.au, minthomefiltration.com, purpleduck.com.au","wateranalytics.com.au, samedayhomeservices.com.au, filpure.com.au, collisbrosplumbing.com.au, uvguard.com, cleanandclearwater.com.au, wilcoplumbing.com.au","emergencyhomeservices.com.au, jaycoplumbing.com.au, filtersystemsaustralia.com.au, cleanandclearwater.com.au, filteredwatersolutions.com.au, wilcoplumbing.com.au, filtap.com.au",emergencyhomeservices.com.au
whole house water treatment systems,,,,0.552863395337093,0.447136604662907,0.311926605504587,,,,,,,,,,,,9,11,,freshwatersystems.com.au,False,False,"cleanandclearwater.com.au, wateranalytics.com.au, filtap.com.au, cuiyuantrade.com",homewaterfiltration.com.au,wateranalytics.com.au,filtersystemsaustralia.com.au,waterfilter.com.au,completehomefiltration.com.au
whole house reverse osmosis,,19,,0.645099129801097,0.354900870198903,0.293981481481481,0.350819670980919,0.649180325740392,2.74,,2.74,0,,0,0.35,,0.35,7,7,,waterfilter.com.au,False,False,,"filtersystemsaustralia.com.au, fullhousefiltration.com.au, pureflowfiltration.com.au, cleanandclearwater.com.au, tryselene.com.au",wateranalytics.com.au,,"filtersystemsaustralia.com.au, drinkrippl.com, wateranalytics.com.au",
water filter replacement parts,,,,,,,,,,,,,,,,,,1,,,,False,False,filtersystemsaustralia.com.au,,,,,
iron removal filter for home,,,,,,,,,0.8,,0.8,0,,0,0.0,,0.0,1,,,,False,False,filtersystemsaustralia.com.au,,,,,
4 stage ro system,,,,,,,,,1.02,,1.02,0,,0,0.0,,0.0,1,,,,False,False,filtersystemsaustralia.com.au,,,,,
water filter for sale grantville,,,,,,,,,,,,,,,,,,12,,,,False,False,realwater.au,"daveywater.com, waterscoaustralia.com.au, greatwaterfilters.com.au, filtermate.com.au","slaterpumpsmelbourne.com.au, waterfilterman.co.uk","filteredwatersolutions.com.au, pureflowfiltration.com.au, waterfilter.com.au, conwaysplumbingservices.com","daveywater.com, waterfilter.com.au","conwaysplumbingservices.com, daveywater.com, filtersystemsaustralia.com.au"
fluoride reduction water filter,,,,,,,,,,,,,,,,,,18,4,,cooeewater.com.au,False,False,"shieldwaterfilter.com.au, alkalineworld.com.au, waterscoaustralia.com.au, google.com, zazenalkalinewater.com.au, inflowfilter.com, aquala.au, puretec.com.au, wellverti.com.au","waterscoaustralia.com.au, filtersystemsaustralia.com.au, puurefilters.com",ecobud.com.au,"waterscoaustralia.com.au, waterfilter.com.au, inflowfilter.com, filtersystemsaustralia.com.au, waterdropfilter.com.au","ecobud.com.au, bespokewater.com.au, waterfilter.com.au, waterscoaustralia.com.au",lushifilter.com
under sink water cooler filter,,15,,,,,,,0.37,,0.37,0,,0,0.0,,0.0,22,5,,pacificsprings.com.au,False,False,"filtersforyou.com.au, philips.com.au, inflowfilter.com, filtersystemsaustralia.com.au, zipwater.com, waterscoaustralia.com.au, kuvings.com.au, billi.com.au, shieldwaterfilter.com.au, google.com, waterfilterdistributors.com.au, water-filter-sentry.com.au, aewaterfilters.com, waterdropfilter.com.au","aquacoolerdirect.com.au, modawater.com","filtersystemsaustralia.com.au, filpure.com.au, aquacoolerdirect.com.au, waterfilter.net.au, water-filter-sentry.com.au, filteredwatersolutions.com.au, filtap.com.au","aquacoolerdirect.com.au, filpure.com.au, valueh2o.com.au, filtersystemsaustralia.com.au, zipwater.com, watercoolersuperstore.com.au, water-filter-sentry.com.au","waterfilter.net.au, aquacoolerdirect.com.au, filpure.com.au, filtersystemsaustralia.com.au","aquacoolerdirect.com.au, filtersystemsaustralia.com.au"
above sink water filter,,,,,,,,,1.6,,1.6,0,,0,1.3,,1.3,1,13,,freshwatersystems.com.au,False,False,filtersystemsaustralia.com.au,,,,,
reverse osmosis system for home,,,,0.442576177285319,0.557423822714681,0.302631578947368,0.415094331790673,0.584905649341403,1.51,,1.51,0,,0,0.01,,0.01,7,7,,philips.com.au,False,False,"puretec.com.au, aquala.au",filtersystemsaustralia.com.au,"filtersystemsaustralia.com.au, wateranalytics.com.au, psifilters.com.au, waterdropfilter.com.au",,,
uv water filters,,,,0.0700000000000001,0.93,0.111111111111111,0.416666649305556,0.583333309027779,1.22,,1.22,0,,0,17.76,,17.76,1,2,,aquasafe.com.au,False,False,filtersystemsaustralia.com.au,,,,,
sprinkler water filter,,,,,,,,,,,,,,,,,,4,,,,False,False,"filtersystemsaustralia.com.au, sunshoweronline.com.au, duralirrigation.com.au, waterpro.com.au",,,,,
greensand filter,,,,0.272699704142012,0.727300295857988,0.288461538461538,0.189189184075968,0.810810788897006,,,,,,,,,,2,,,,False,False,"filtersystemsaustralia.com.au, thinkwater.com.au",,,,,
hard water filtration system,,25,,0.63848,0.36152,0.48,,,0.44,,0.44,0,,0,2.31,,2.31,24,13,,filtersystemsaustralia.com.au,False,False,"google.com, filtersforyou.com.au, inflowfilter.com, wateranalytics.com.au, aquaserve.com.au, shieldwaterfilter.com.au, filtersystemsaustralia.com.au, cleanandclearwater.com.au, purewaterfiltration.com.au, puretapaustralia.com.au","wateranalytics.com.au, mrsplashplumbing.com.au","filtersystemsaustralia.com.au, wateranalytics.com.au, cleanandclearwater.com.au, safemains.com.au, filtap.com.au, filpure.com.au, minthomefiltration.com, lovable.app","filtap.com.au, wateranalytics.com.au, cleanandclearwater.com.au, hydrosmart.com.au, safemains.com.au","cleanandclearwater.com.au, waterfilter.com.au, filtap.com.au, filteredwatersolutions.com.au, wateranalytics.com.au, filpure.com.au, filtersystemsaustralia.com.au","filtersystemsaustralia.com.au, filpure.com.au, wateranalytics.com.au, alkaviva.com.au, fullhousewaterfiltration.com.au, springwellwater.com, filtap.com.au, waterfilter.com.au, cleanandclearwater.com.au"
water filter cartridge,,,,0.525555555555556,0.474444444444444,0.434599156118144,0.440298504176877,0.559701488360437,1.19,,1.19,0,,0,72.07,,72.07,1,4,,wfa.com.au,False,False,,,,,,
rain water tank filter system,,15,,,,,,,,,,,,,,,,12,3,,tankshop.com.au,False,False,"puretec.com.au, shieldwaterfilter.com.au, aussienaturalfiltration.com.au, filtersystemsaustralia.com.au",,"filtersystemsaustralia.com.au, uvguard.com, puretec.com.au",thinkwater.com.au,uvguard.com,"cloudtap.com.au, puretec.com.au, filtermate.com.au, wateranalytics.com.au, filtersystemsaustralia.com.au"
best water filter for aquarium,,,,,,,,,,,,0,,0,0.74,,0.74,1,,,,False,False,filtersystemsaustralia.com.au,,,,,
best reverse osmosis water filtration system for home,,,,,,,,,,,,,,,,,,8,,,,False,False,"filtersystemsaustralia.com.au, wateranalytics.com.au, purewaterfiltration.com.au","filtersystemsaustralia.com.au, wateranalytics.com.au, waterfilter.net.au, waterdropfilter.com.au, comparewaterfilters.com.au","wateranalytics.com.au, filtersystemsaustralia.com.au, cloudtap.com.au, hydrotechgroup.com.au, waterdropfilter.com.au",,,
water filter for sale phillip island,,,,,,,,,,,,,,,,,,11,,,,False,False,realwater.au,filtersystemsaustralia.com.au,"valleypumps.com.au, filtersystemsaustralia.com.au","conwaysplumbingservices.com, demandfiltration.com.au, filtersystemsaustralia.com.au, filteredwatersolutions.com.au, daveywater.com, waterfilter.com.au","filtersystemsaustralia.com.au, oxfordandnelson.com.au, filteredwatersolutions.com.au","daveywater.com, filtersystemsaustralia.com.au, aeonwaterfilters.com.au"
whole house uv water system,,,,,,,,,,,,,,,,,,1,,,,False,False,filtersystemsaustralia.com.au,filtersystemsaustralia.com.au,,,,
best water filter system for drinking water,,,,,,,,,,,,,,,,,,3,,,,False,False,"filtersystemsaustralia.com.au, culligan.com.au, wateranalytics.com.au",,,,,
the best water filtration system,,31,,,,,,,,,,,,,,,,3,11,,reddit.com,False,False,,,,,,
air filters online,,,,0.124340071343638,0.875659928656362,0.137931034482759,0.4399999912,0.5599999888,0.28,,0.28,0,,0,0.0,,0.0,8,,,,False,False,"inovaairpurifiers.com.au, aircleanersaus.com.au, rs-online.com","aircleanersaus.com.au, filtersystemsaustralia.com.au, thorair.com.au, westernfilters.net.au, inovaairpurifiers.com.au, freshventilation.com.au, filterdiscounters.com.au",,,,
wollongong water filtration,,,,,,,,,,,,,,,,,,25,,,,False,False,"thewateralchemists.com.au, greatwaterfilters.com.au, filpure.com.au, aquaserve.com.au, southernfiltration.com.au, google.com, cleanandclearwater.com.au, wateranalytics.com.au, shieldwaterfilter.com.au","cleanandclearwater.com.au, wateranalytics.com.au","eliteplumbinggroup.com, filtap.com.au, cleanandclearwater.com.au, purpleduck.com.au, google.com, southernfiltration.com.au, minthomefiltration.com","eliteplumbinggroup.com, wateranalytics.com.au, cleanandclearwater.com.au, filtap.com.au, filpure.com.au","cleanandclearwater.com.au, filtap.com.au, daveywater.com, valueh2o.com.au, filpure.com.au","filtersystemsaustralia.com.au, filtap.com.au, cleanandclearwater.com.au, completehomefiltration.com.au, wateranalytics.com.au, alkaviva.com.au, filteredwatersolutions.com.au, valueh2o.com.au, watershop.com.au"
phoenix water filters,,25,,,,,,,1.06,,1.06,0,,0,0.11,,0.11,1,9,,phoenixwaterfilters.com,False,False,,,,,,
types of whole house water filters,,,,,,,,,,,,,,,,,,1,,,,False,False,filtersystemsaustralia.com.au,filtersystemsaustralia.com.au,filtersystemsaustralia.com.au,,,
ecowater systems filters,,,,0.825555555555556,0.174444444444444,0.5,,,2.18,,2.18,0,,0,0.0,,0.0,2,22,,ecobud.com.au,False,False,filtersystemsaustralia.com.au,,,,,
garden watering systems australia,,,,,,,,,1.16,,1.16,0,,0,0.0,,0.0,6,24,,flexigardenframes.com.au,False,False,"google.com, hoselink.com.au","waterpro.com.au, netagarden.com.au, filtersystemsaustralia.com.au","waterpro.com.au, water4u.au",,,
ro system for home,,24,,,,,,,1.21,,1.21,0,,0,0.0,,0.0,2,12,,filtersystemsaustralia.com.au,False,False,,filtersystemsaustralia.com.au,,drinkrippl.com,,
water filtration services,,60,,,,,,,,,,,,,,,,32,42,,completehomefiltration.com.au,False,False,"clearlyfiltered.com, uswatersystems.com, frizzlife.com, aquaserve.com.au, cleanandclearwater.com.au, hydrochem.com.au, mackenzysplumbing.com, leafhomewatersolutions.com, sweetwaterhomeservices.com, centurionaprs.com, mrsplashplumbing.com.au, ifilters.com","purewaterfiltration.com.au, hydrochem.com.au, wateranalytics.com.au, filtersystemsaustralia.com.au, aquatru.com, frizzlife.com, shieldwaterfilter.com.au, centurionaprs.com","hydrochem.com.au, filtersystemsaustralia.com.au, mypurewater.com, collisbrosplumbing.com.au, centurionaprs.com, purewaterfiltration.com.au, cleanandclearwater.com.au","hydrochem.com.au, fullhousewaterfiltration.com.au, wateranalytics.com.au, centurionaprs.com, waterfiltrationsupply.com, glacierfreshfilter.com, clearlyfiltered.com, uk-water-filters.co.uk, ifilters.com, wateranywhere.com",hydrochem.com.au,"hydrochem.com.au, kindwater.com, bluedropwater.com, filtersystemsaustralia.com.au, homedepot.com, aquakleartech.com.au"
ion exchange water filter,,7,,,,,,,1.3,,1.3,0,,0,0.0,,0.0,4,2,,aquastream.com.au,False,False,,"filtersystemsaustralia.com.au, psifilters.com.au, thinkwater.com.au, carefree.com.au",,,,
ion exchange water softener,,6,,0.531349112426036,0.468650887573964,0.353846153846154,0.214285709183674,0.785714267006803,,,,,,,,,,6,0,,pentair.com,False,False,,,,"cleanteqwater.com, completehomefiltration.com.au, wateranalytics.com.au, thewaterfiltrationcompany.com.au, daveywater.com","completehomefiltration.com.au, filtersystemsaustralia.com.au, wateranalytics.com.au, cleanteqwater.com",
maifan stone water filters,,,,,,,,,,,,,,,,,,1,,,,False,False,filtersystemsaustralia.com.au,filtersystemsaustralia.com.au,filtersystemsaustralia.com.au,,,
amway espring water filter,,41,,,,,,,0.32,,0.32,0,,0,9.94,,9.94,2,0,,ebay.com.au,False,False,,,"ebay.com.au, filtersystemsaustralia.com.au",,,
reverse osmosis filter jug,,,,,,,,,,,,,,,,,,3,5,,earthswater.com.au,False,False,"ecobud.com.au, filtersystemsaustralia.com.au, waterscoaustralia.com.au",,,,,
water filtration brisbane,,,,,,,,,2.36,,2.36,0,,0,9.31,,9.31,12,29,,cooeewater.com.au,False,False,"purewaterfiltration.com.au, filtersystemsaustralia.com.au, google.com, leakfreeplumbingsolutions.com.au, fastfixdrains.com.au, pacificsprings.com.au, wateranalytics.com.au, homewaterfiltration.com.au, filtecwater.com","filtermate.com.au, greatwaterfilters.com.au",,,,completehomefiltration.com.au
in house water filter system,,28,,,,,,,,,,,,,,,,9,10,,filtersystemsaustralia.com.au,False,False,,filtersystemsaustralia.com.au,"bestcoast.com.au, aquastream.com.au",,"completehomefiltration.com.au, wateranalytics.com.au, purestwaterfiltration.com.au, filtersystemsaustralia.com.au, cleanandclearwater.com.au, filpure.com.au, filtap.com.au","completehomefiltration.com.au, wateranalytics.com.au, cleanandclearwater.com.au, filtap.com.au, purestwaterfiltration.com.au"
clear choice filters,,,,0.305180055401662,0.694819944598338,0.157894736842105,0.531249983398438,0.468749985351563,,,,,,,,,,4,,,,False,False,"filtersystemsaustralia.com.au, purewatersystems.com.au","alkaviva.com.au, waterdropfilter.com.au",,,,
domestic water treatment systems,,,,,,,,,,,,,,,,,,8,,,,False,False,"hydrosmart.com.au, suncityhotwater.com.au, sunshinecoastwaterfilters.com.au, filtersystemsaustralia.com.au, wateranalytics.com.au, trendhs.com.au, aquastream.com.au, puremainswater.com.au",,,,,
de ionising water filter for car washing,,,,,,,,,1.67,,1.67,0,,0,0.0,,0.0,2,,,,False,False,"filtersystemsaustralia.com.au, vevor.com.au",,,,,
water purifier perth,,47,,,,,,,,,,,,,,,,23,44,,mywaterfilter.com.au,False,False,"wateranalytics.com.au, hiltonplumbing.com.au, google.com, puremainswater.com.au, waterscoaustralia.com.au, jimsplumbing.com.au, dolphinhomefiltration.com.au","waterscoaustralia.com.au, wateranalytics.com.au, inflowfilter.com, aussienaturalfiltration.com.au","purewaterfiltration.com.au, wateranalytics.com.au, waterdropfilter.com.au","wateranalytics.com.au, aquariuswaterfilters.com.au, hydrotechgroup.com.au, waterfilter.com.au, urbanfuture.com.au, neighbourhoodwaterfiltration.com.au, dolphinhomefiltration.com.au, puremainswater.com.au, purewaterfiltration.com.au, westflowfiltration.com.au","cloudtap.com.au, wateranalytics.com.au, urbanfuture.com.au, greatwaterfilters.com.au, waterfilter.net.au, waterfilter.com.au, hydrotechgroup.com.au","waterfilter.com.au, cloudtap.com.au, urbanfuture.com.au, wateranalytics.com.au, drinkrippl.com, westflowfiltration.com.au, puremainswater.com.au, hydrotechgroup.com.au"
what is the best water filter,,12,,0.574093983624066,0.425906016375934,0.39622641509434,,,,,,,,,,,,5,7,,reddit.com,True,False,,,,,,"waterscoaustralia.com.au, wateranalytics.com.au"
bottled water dispenser,,,,0.514233589859665,0.485766410140335,0.378723404255319,0.397260271251642,0.602739721899043,1.09,,1.09,0,,0,9.33,,9.33,17,23,,frigmac.com.au,False,False,"officeworks.com.au, aussienatural.net.au, google.com, watercoolersuperstore.com.au","officeworks.com.au, aquacoolerdirect.com.au, watercoolersuperstore.com.au, aussienatural.net.au, novoh2o.com.au, google.com","aussienatural.net.au, aquacoolerdirect.com.au, officeworks.com.au, watercoolersuperstore.com.au, neverfail.com.au, culligan.com.au","watercoolersuperstore.com.au, officeworks.com.au, neverfail.com.au, aussienatural.net.au, aquacoolerdirect.com.au, culligan.com.au, filtersystemsaustralia.com.au","aussienatural.net.au, aquacoolerdirect.com.au, officeworks.com.au, watercoolersuperstore.com.au, neverfail.com.au, aquago.com.au","aquacoolerdirect.com.au, aussienatural.net.au"
best ro system,,14,,,,,,,,,,,,,,,,2,8,,reddit.com,False,False,,"waterdropfilter.com.au, filtersystemsaustralia.com.au",,,,
tankless reverse osmosis system,,13,,0.661136228435455,0.338863771564545,0.439024390243902,0.217391294896031,0.78260866162571,,,,0,,0,3.66,,3.66,3,2,,waterdropfilter.com.au,False,False,,"filtersystemsaustralia.com.au, waterdropfilter.com.au, waterfilter.net.au",,,,
hydrotech reverse osmosis,,,,,,,,,1.77,,1.77,0,,0,0.0,,0.0,3,,,,False,False,filtersystemsaustralia.com.au,"filtersystemsaustralia.com.au, carawater.com.au, landwater.com.au",,,,
filters australia,,19,,,,,,,1.76,,1.76,0,,0,3.36,,3.36,1,9,,filtersystemsaustralia.com.au,False,False,,filtersystemsaustralia.com.au,,,,
best whole house water filter,,,,0.54154657221779,0.45845342778221,0.251482799525504,0.14738510277752,0.852614895637694,,,,,,,,,,3,6,,drinking-water.co,False,False,aquastream.com.au,filtersystemsaustralia.com.au,,,,
whole house uv water filter,,12,,0.674183884297521,0.325816115702479,0.340909090909091,0.327586201248514,0.672413781510107,0.87,,0.87,0,,0,0.64,,0.64,3,4,,filtersystemsaustralia.com.au,False,False,filtersystemsaustralia.com.au,"filtersystemsaustralia.com.au, psifilters.com.au",,,,
domestic water filter,,59,,,,,,,1.72,,1.72,0,,0,10.63,,10.63,1,27,,aquasafe.com.au,False,False,,,,filtersystemsaustralia.com.au,,
under sink water filter kits,,6,,,,,,,,,,,,,,,,1,0,,bigw.com.au,False,False,,,,,,
gravity fed water filter,,15,,0.481621900826446,0.518378099173554,0.431818181818182,0.439999982400001,0.559999977600001,0.69,,0.69,0,,0,4.73,,4.73,1,10,,livingwhole.com.au,False,False,,filtersystemsaustralia.com.au,,,,
water filter systems sydney,,,,,,,,,3.04,,3.04,0,,0,0.0,,0.0,17,32,,freshwatersystems.com.au,False,False,"hydraflo.com.au, filtersystemsaustralia.com.au, filtersforyou.com.au, aquaserve.com.au, google.com, cleanandclearwater.com.au","hydraflo.com.au, cleanandclearwater.com.au, collisbrosplumbing.com.au, rixsplumbing.com.au","wateranalytics.com.au, hydraflo.com.au, samedayhomeservices.com.au, filtap.com.au, cleanandclearwater.com.au, collisbrosplumbing.com.au, minthomefiltration.com","filtersystemsaustralia.com.au, purestwaterfiltration.com.au, filtap.com.au, cleanandclearwater.com.au, filpure.com.au, collisbrosplumbing.com.au",filpure.com.au,"clickcease.com, filtersystemsaustralia.com.au, filtap.com.au, purestwaterfiltration.com.au"
best home water filtration system,,20,,0.515733419209935,0.484266580790065,0.353448275862069,0.151111110439506,0.848888885116049,2.35,,2.35,0,,0,3.73,,3.73,9,10,,puretec.com.au,False,False,,wateranalytics.com.au,"wateranalytics.com.au, trendhs.com.au, sunshinecoastwaterfilters.com.au, filtersystemsaustralia.com.au","smartenergy.co, wateranalytics.com.au",filtersystemsaustralia.com.au,"wateranalytics.com.au, filtersystemsaustralia.com.au, sunshinecoastwaterfilters.com.au, waterfilter.net.au"
water filtration companies near me,,,,0.351804733727811,0.648195266272189,0.346153846153846,,,2.06,,2.06,0,,0,0.0,,0.0,6,,,,False,False,thinkwater.com.au,"thinkwater.com.au, wateranalytics.com.au, filtersystemsaustralia.com.au, cuiyuantrade.com","thinkwater.com.au, wateranalytics.com.au, aquapax.com.au, puratap.com.au",,,
best water filter for home,,,,0.149022548719518,0.850977451280482,0.222222222222222,0.129870128183505,0.870129858829482,2.05,,2.05,0,,0,5.95,,5.95,3,14,,quora.com,False,False,"kynandfolk.com, filtersystemsaustralia.com.au",,,,,
affordable reverse osmosis water filter​,,,,,,,,,,,,,,,,,,16,,,,False,False,"waterscoaustralia.com.au, philips.com.au, inflowfilter.com, filtersforyou.com.au, wateranalytics.com.au, kuvings.com.au, google.com, shieldwaterfilter.com.au, kogan.com, tappwater.com.au","philips.com.au, filtersystemsaustralia.com.au, amazon.com.au",waterdropfilter.com.au,"ecpwaterfilter.com, filpure.com.au","filtersystemsaustralia.com.au, filpure.com.au","filpure.com.au, filtersystemsaustralia.com.au"
reverse osmosis water purification unit,,,,,,,,,,,,0,,0,38.08,,38.08,3,,,,False,False,"filtersystemsaustralia.com.au, aquapax.com.au, centurionaprs.com",filtersystemsaustralia.com.au,,,,
manganese greensand filter,,,,,,,,,,,,0,,0,0.92,,0.92,1,,,,False,False,filtersystemsaustralia.com.au,,,,,
"water testing meter, tds ec ph",,,,,,,,,,,,,,,,,,4,,,,False,False,"metrohm.com, thermofisher.com, filtersystemsaustralia.com.au, vivosun.com",,,,,
water filtration gold coast,,25,,,,,,,,,,,,,,,,1,25,,aquasafe.com.au,False,False,,,,filtersystemsaustralia.com.au,,
where to buy ph calibration solution,,,,,,,,,,,,,,,,,,9,0,,hanna.co.za,True,False,"thermofisher.com, hannainst.com.au","thermofisher.com, sigmaaldrich.com, amazon.com.au","bionizer.com.au, thermofisher.com, amazon.com.au, sigmaaldrich.com, filtersystemsaustralia.com.au, hach.com, instrumentchoice.com.au","thermofisher.com, filtersystemsaustralia.com.au, sigmaaldrich.com, amazon.com.au, hach.com","amazon.com.au, thermofisher.com, sigmaaldrich.com","filtersystemsaustralia.com.au, amazon.com.au"
omnipure ro system,,,,,,,,,,,,,,,,,,1,,,,False,False,filtersystemsaustralia.com.au,,,,,
whole house water softener,,15,,0.586876811026705,0.413123188973295,0.272566371681416,0.338199512559125,0.661800485007785,1.18,,1.18,0,,0,55.15,,55.15,4,3,,waterfilter.com.au,False,False,,"wateranalytics.com.au, bestcoast.com.au, filtersystemsaustralia.com.au, hiltonplumbing.com.au",,filtersystemsaustralia.com.au,,
water purifier for hard water,,,,,,,,,,,,,,,,,,1,,,,False,False,filtersystemsaustralia.com.au,,,,,
uv water filtration system,,,,,,,,,,,,,,,,,,7,,,,False,False,"filtersystemsaustralia.com.au, google.com, puretec.com.au, aquisense.com, trojantechnologies.com","ultraaqua.com, filtersystemsaustralia.com.au, puretec.com.au",uvguard.com,filtersystemsaustralia.com.au,uvguard.com,
house filter,,14,,0.778,0.222,0.7,,,1.25,,1.25,0,,0,0.0,,0.0,2,15,,filtersystemsaustralia.com.au,False,False,,"filtersystemsaustralia.com.au, wateranalytics.com.au",filtersystemsaustralia.com.au,,,
whole house reverse osmosis system,,22,,0.6305632,0.3694368,0.317333333333333,0.292968748855591,0.707031247238159,1.36,,1.36,0,,0,4.37,,4.37,2,11,,waterfilter.com.au,False,False,,filtersystemsaustralia.com.au,filtersystemsaustralia.com.au,,completehomefiltration.com.au,
in line water flow meter,,18,,,,,,,0.67,,0.67,0,,0,0.0,,0.0,3,6,,besflowmeters.com.au,False,False,,,,,,"rs-online.com, scintex.com.au, filtersystemsaustralia.com.au"
reverse osmosis water filter fluoride,,,,,,,,,,,,0,,0,0.35,,0.35,4,,,,False,False,"carawater.com.au, filtersystemsaustralia.com.au, waterdropfilter.com.au","waterdropfilter.com.au, waterscoaustralia.com.au, filtersystemsaustralia.com.au","filtersystemsaustralia.com.au, waterscoaustralia.com.au, waterdropfilter.com.au",,,
water softener systems,,,,0.579893544893413,0.420106455106587,0.359050445103858,0.31481481432899,0.685185184127801,1.7,,1.7,0,,0,0.02,,0.02,6,9,,energy.gov,False,False,"filtersystemsaustralia.com.au, completehomefiltration.com.au, wateranalytics.com.au, fullhousefiltration.com.au, hydrosmart.com.au",,,,,
water filter for shower head,,,,0.580095065640561,0.419904934359439,0.234042553191489,0.499999986111112,0.499999986111112,1.3,,1.3,0,,0,2.02,,2.02,17,2,,iceclearwater.com.au,False,False,"wellrinse.com, inflowfilter.com, google.com, wellverti.com.au, ozbath.com.au, waterscoaustralia.com.au, filtersystemsaustralia.com.au, stone-stream.com, aqvoaustralia.com.au, hydroguardstore.com","wellverti.com.au, filtersystemsaustralia.com.au, inflowfilter.com, ozbath.com.au, getnouriven.com, terrawellness.com.au, stone-stream.com, holyh2o.com.au, waterscoaustralia.com.au, aquala.au","wellverti.com.au, ozbath.com.au, stone-stream.com, holyh2o.com.au, mineralstream.co, lovable.app, getnouriven.com","wellverti.com.au, holyh2o.com.au",wellverti.com.au,wellverti.com.au
water filter system for home,,48,,0.522130382260806,0.477869617739194,0.389140271493213,0.340740738216735,0.659259254375857,2.57,,2.57,0,,0,28.59,,28.59,21,15,,puretec.com.au,False,False,"wateranalytics.com.au, inflowfilter.com, waterfilter.com.au","waterfilter.com.au, filpure.com.au, wateranalytics.com.au, homewaterfiltration.com.au, filtersystemsaustralia.com.au, puratap.com.au","purestwaterfiltration.com.au, wateranalytics.com.au, homewaterfiltration.com.au",networkplumbing.com.au,"smartenergy.co, reactiveplumbingandelectrical.com.au, purestwaterfiltration.com.au, filtersystemsaustralia.com.au",wateranalytics.com.au
refillable water filter cartridge,,,,0.525555555555556,0.474444444444444,0.242424242424242,0.359999985600001,0.639999974400001,0.14,,0.14,0,,0,4.94,,4.94,2,,,,False,False,"filtersystemsaustralia.com.au, ecobud.com.au",,,,,
water tank filtration,,,,,,,,,1.47,,1.47,0,,0,14.15,,14.15,5,3,,electel.net.au,False,False,"filtersystemsaustralia.com.au, puretec.com.au, rainwaterfiltration.com.au, wateranalytics.com.au",,,,completehomefiltration.com.au,
fluoride water filter australia,,13,,,,,,,1.54,,1.54,0,,0,0.0,,0.0,22,5,,aquasafe.com.au,False,False,"waterscoaustralia.com.au, carawater.com.au, purewatersystems.com.au, inflowfilter.com, google.com, zazenalkalinewater.com.au, alkalineworld.com.au, ecobud.com.au, holyh2o.com.au, betterwaterbetteryou.com.au","waterscoaustralia.com.au, puretec.com.au","holyh2o.com.au, wateranalytics.com.au, waterscoaustralia.com.au, filtersystemsaustralia.com.au, kynandfolk.com, ecobud.com.au, tappwater.com.au, lovable.app","waterscoaustralia.com.au, ecobud.com.au, purewater4life.com.au, evolvedh2o.com, kynandfolk.com","waterfilter.com.au, waterscoaustralia.com.au",waterscoaustralia.com.au
water filtration types,,,,,,,,,,,,,,,,,,2,0,,fixitpeople.com,False,False,advancedfiltrationsystems.com.au,filtersystemsaustralia.com.au,,,,
5 micron water filter,,12,,0.552142857142857,0.447857142857143,0.5,,,1.4,,1.4,0,,0,21.6,,21.6,1,2,,bunnings.com.au,False,False,,filtersystemsaustralia.com.au,,,,
reverse osmosis water softener,,,,0.576183115338882,0.423816884661118,0.275862068965517,,,,,,,,,,,,5,,,,False,False,"hydrosmart.com.au, filtersystemsaustralia.com.au",filtersystemsaustralia.com.au,"filtersystemsaustralia.com.au, pacificwater.com.au, waterdropfilter.com.au, drinkrippl.com",,,
ro purifier,,25,,,,,,,1.2,,1.2,0,,0,6.98,,6.98,2,16,,purewatersystems.com.au,False,False,,"filtersystemsaustralia.com.au, waterdropfilter.com.au",,,,
hard water filters,,,,,,,,,1.35,,1.35,0,,0,5.6,,5.6,12,16,,shieldwaterfilter.com.au,False,False,"inflowfilter.com, filtersystemsaustralia.com.au, waterscoaustralia.com.au, aquaserve.com.au, google.com, shieldwaterfilter.com.au",filtersystemsaustralia.com.au,"holyh2o.com.au, filtersystemsaustralia.com.au, mywaterfilter.com.au",cleanandclearwater.com.au,purezafilters.com,
best whole house water filtration and softener system,,,,0.366466532605573,0.633533467394427,0.313559322033898,0.234567898338668,0.765432089315653,,,,,,,,,,3,,,,False,False,"filtersystemsaustralia.com.au, wateranalytics.com.au",wateranalytics.com.au,"wateranalytics.com.au, filtersystemsaustralia.com.au, alkaviva.com.au",,,
water filters central coast,,33,,,,,,,4.57,,4.57,0,,0,14.98,,14.98,32,37,,centralcoastwaterfiltration.com.au,False,False,"purewatersystems.com.au, wateranalytics.com.au, culligan.com, waterscoaustralia.com.au, google.com, shieldwaterfilter.com.au, alkalineworld.com.au, zazenalkalinewater.com.au, cleanandclearwater.com.au","filtersystemsaustralia.com.au, purewatersystems.com.au, cleanandclearwater.com.au, wateranalytics.com.au, carawater.com.au, ecobud.com.au, inflowfilter.com","filtersystemsaustralia.com.au, wateranalytics.com.au, greatwaterfilters.com.au, comparewaterfilters.com.au, minthomefiltration.com, filteredwatersolutions.com.au, watershop.com.au, filpure.com.au","cleanandclearwater.com.au, filtersystemsaustralia.com.au, wateranalytics.com.au, filtap.com.au","filtersystemsaustralia.com.au, filteredwatersolutions.com.au","filtersystemsaustralia.com.au, waterfilter.com.au"
best ro water system,,,,0.458109393579073,0.541890606420927,0.189655172413793,0.148936167043911,0.851063811679494,,,,,,,,,,1,12,,philips.com.au,False,False,filtersystemsaustralia.com.au,,,,,
purified water system,,,,,,,,,4.88,,4.88,0,,0,0.82,,0.82,3,13,,cooeewater.com.au,False,False,purewatersystems.com.au,filtersystemsaustralia.com.au,,021labupw.com,,
zeolite water filter,,,,0.728579881656805,0.271420118343195,0.307692307692308,0.259259249657065,0.7407407133059,3.47,,3.47,0,,0,0.0,,0.0,4,2,,iop.org,False,False,yuantongminerals.com,"thinkwater.com.au, yuantongminerals.com, filtersystemsaustralia.com.au, prwater.com.au",,,,
5 stage reverse osmosis filter,,12,,,,,,,2.27,,2.27,0,,0,0.0,,0.0,19,1,,purewatersystems.com.au,False,False,"filtersforyou.com.au, filtersystemsaustralia.com.au, google.com, shieldwaterfilter.com.au, waterscoaustralia.com.au, aewaterfilters.com, mywaterfilter.com.au, waterfilterdistributors.com.au, water-filter-sentry.com.au, filteredwatersolutions.com.au","filtersystemsaustralia.com.au, philips.com.au","filtersystemsaustralia.com.au, waterfilter.net.au, waterdropfilter.com.au, ovio.com, filteredwatersolutions.com.au","filtersystemsaustralia.com.au, bespokewater.com.au, cleanandclearwater.com.au, water-filter-sentry.com.au, waterfilter.net.au, waterdropfilter.com.au","filtersystemsaustralia.com.au, waterfilter.net.au","filtersystemsaustralia.com.au, waterfilter.com.au, carawater.com.au"
1 2 ball valve,,16,,,,,,,0.77,,0.77,0,,0,0.0,,0.0,3,1,,thornado.com.au,False,False,,,,,"rs-online.com, filtersystemsaustralia.com.au, valvewarehouseaustralia.com.au",valvewarehouseaustralia.com.au
reverse osmosis filters australia,,,,,,,,,,,,,,,,,,10,9,,filtersystemsaustralia.com.au,False,False,,,,"completehomefiltration.com.au, filtersystemsaustralia.com.au, water-filter-sentry.com.au, aquala.au, waterscoaustralia.com.au","filtersystemsaustralia.com.au, aquala.au, waterdropfilter.com.au, filpure.com.au, cleanandclearwater.com.au, hyperwellbeing.com.au, philips.com.au",
water filter micron size chart,,,,,,,,,,,,,,,,,,1,,,,False,False,filtersystemsaustralia.com.au,filtersystemsaustralia.com.au,,,,
full house filtration system,,24,,,,,,,,,,,,,,,,21,8,,puretec.com.au,False,False,"google.com, wateranalytics.com.au, waterfilter.com.au, filtersforyou.com.au, aquaserve.com.au, homefiltrationsystems.com, aewaterfilters.com, mrsplashplumbing.com.au","wateranalytics.com.au, filtersystemsaustralia.com.au, waterfilter.com.au, mrsplashplumbing.com.au, puretec.com.au, google.com","networkplumbing.com.au, cleanandclearwater.com.au, filtersystemsaustralia.com.au, purpleduck.com.au, wateranalytics.com.au, purestwaterfiltration.com.au, filpure.com.au, safemains.com.au, filtap.com.au, google.com","waterfilter.com.au, smartenergy.co, cleanandclearwater.com.au, filtap.com.au, filpure.com.au, purestwaterfiltration.com.au, fullhousewaterfiltration.com.au, filtersystemsaustralia.com.au, wateranalytics.com.au, networkplumbing.com.au","waterfilter.com.au, smartenergy.co, cleanandclearwater.com.au, filtap.com.au, purestwaterfiltration.com.au, reactiveplumbingandelectrical.com.au, filtersystemsaustralia.com.au, filpure.com.au","filtersystemsaustralia.com.au, wateranalytics.com.au, cleanandclearwater.com.au, filpure.com.au, fullhousewaterfiltration.com.au, smartenergy.co, purestwaterfiltration.com.au, filtap.com.au, puretec.com.au"
best household water filter system,,22,,,,,,,,,,,,,,,,4,5,,puretec.com.au,False,False,,"filtersystemsaustralia.com.au, wateranalytics.com.au",,"wateranalytics.com.au, filtersystemsaustralia.com.au, thinkwater.com.au, waterdropfilter.com.au",,
water softener system commercial,,,,,,,,,,,,,,,,,,7,,,,False,False,"filtersystemsaustralia.com.au, fltr.com.au","demandfiltration.com.au, wateranalytics.com.au, filtersystemsaustralia.com.au, waterform.com.au","filtersystemsaustralia.com.au, hydrosmart.com.au",hillwater.com,,
buy water dispenser,,,,,,,,,1.16,,1.16,0,,0,17.82,,17.82,9,11,,flipkart.com,False,False,"summersprings.com.au, officeworks.com.au, aquacoolerdirect.com.au, filtersystemsaustralia.com.au, watercoolersuperstore.com.au, bigspringswater.com.au, templeandwebster.com.au",,,,,
hx2019fr-a,,6,,,,,,,,,,,,,,,,1,0,,waterfilterforfridge.com.au,False,False,,,,,,
0.5 micron filter,,,,,,,,,1.49,,1.49,0,,0,0.75,,0.75,1,,,,False,False,filtersystemsaustralia.com.au,,,,,
water filtration for house,,,,,,,,,2.16,,2.16,0,,0,0.0,,0.0,6,16,,aquasafe.com.au,False,False,"cleanandclearwater.com.au, wateranalytics.com.au, filtersystemsaustralia.com.au, pureflowfiltration.com.au",,,,,
water filter for sale bass,,,,,,,,,,,,,,,,,,16,,,,False,False,"ozfilterwarehouse.com.au, waterscoaustralia.com.au, shieldwaterfilter.com.au, psifilters.com.au",ecobud.com.au,"pentair.asia, alkaviva.com.au, filtersystemsaustralia.com.au, conwaysplumbingservices.com, filteredwatersolutions.com.au, daveywater.com","conwaysplumbingservices.com, alkaway.com.au, filtersystemsaustralia.com.au, clarencewaterfilters.com.au, aeonwaterfilters.com.au, daveywater.com, hiflowwaterfilters.com.au, alkaviva.com.au","ecobud.com.au, daveywater.com, kynandfolk.com, filtersystemsaustralia.com.au, conwaysplumbingservices.com, clarencewaterfilters.com.au","filtersystemsaustralia.com.au, alkaviva.com.au"
water filtration system for home,,,,0.57023972050524,0.42976027949476,0.439344262295082,0.362573097294894,0.637426896857153,2.01,,2.01,0,,0,3.74,,3.74,17,17,,freshwatersystems.com.au,False,False,"google.com, waterfilter.com.au","filtersystemsaustralia.com.au, waterfilter.net.au, wateranalytics.com.au","wateranalytics.com.au, fullhousewaterfiltration.com.au, philips.com.au, puretec.com.au, completehomefiltration.com.au, waterfilterguy.com.au, waterfilterdistributors.com.au","cleanandclearwater.com.au, clickcease.com, puretec.com.au, daveywater.com, wateranalytics.com.au, homewaterfiltration.com.au, waterfilterdistributors.com.au, filtersystemsaustralia.com.au, filtap.com.au, revolutionaryfiltration.com.au",,
commercial water filtration system,,21,,0.321077276644642,0.678922723355358,0.296610169491525,,,4.41,,4.41,0,,0,0.0,,0.0,13,6,,filtersystemsaustralia.com.au,False,False,,demandfiltration.com.au,"filtersystemsaustralia.com.au, prwater.com.au",filtersystemsaustralia.com.au,purezza.com,"culligan.com.au, aquapax.com.au, wateranalytics.com.au, filtersystemsaustralia.com.au"
uv filter system,,12,,,,,,,1.31,,1.31,0,,0,0.0,,0.0,1,0,,aquasafe.com.au,False,False,,filtersystemsaustralia.com.au,,filtersystemsaustralia.com.au,,
under sink water filtration system,,16,,0.580884261763115,0.419115738236885,0.325581395348837,0.298850572995112,0.701149421257762,2.18,,2.18,0,,0,17.6,,17.6,5,2,,purewatersystems.com.au,False,False,,"filtersystemsaustralia.com.au, puretec.com.au, waterdropfilter.com.au, waterfilter.net.au, thinkwater.com.au",,,,
3 stage filtration system,,13,,,,,,,0.83,,0.83,0,,0,0.0,,0.0,14,2,,waterfilter.com.au,False,False,"filtersystemsaustralia.com.au, filtersforyou.com.au, shieldwaterfilter.com.au, google.com",filtersystemsaustralia.com.au,"filtersystemsaustralia.com.au, waterscoaustralia.com.au, wateranalytics.com.au, minthomefiltration.com","waterfilter.net.au, filtersystemsaustralia.com.au","filtersystemsaustralia.com.au, waterfilter.com.au, waterfilter.net.au, water-filter-sentry.com.au, alkaviva.com.au",filtersystemsaustralia.com.au
best under sink water filter,,22,,0.441743647245325,0.558256352754675,0.164051355206847,0.129692832543186,0.870307165750329,1.98,,1.98,0,,0,9.93,,9.93,8,2,,purewatersystems.com.au,False,False,"filtersystemsaustralia.com.au, buildmat.com.au, waterscoaustralia.com.au","waterfilter.com.au, filpure.com.au, buildmat.com.au, carawater.com.au",,,,"aquala.au, filtersystemsaustralia.com.au, waterfilter.com.au, bestproductsaustralia.com"
lawn irrigation systems,,,,0.49603550295858,0.50396449704142,0.423076923076923,,,0.72,,0.72,0,,0,7.83,,7.83,11,13,,reticulationperth.com,False,False,"sgaonline.org.au, google.com, sunshoweronline.com.au, waterpro.com.au, camberwellirrigation.com.au, netagarden.com.au, farmbot.com.au, bluejayirrigation.com","camberwellirrigation.com.au, norsescapes.com.au, waterpro.com.au, netagarden.com.au, sunshoweronline.com.au, google.com, sgaonline.org.au, filtersystemsaustralia.com.au","waterpro.com.au, camberwellirrigation.com.au, cardenascorp.au",sunshoweronline.com.au,,
water ro price,,,,,,,,,,,,,,,,,,6,,,,False,False,"waterdropfilter.com.au, filtersystemsaustralia.com.au, psifilters.com.au, philips.com.au","homewaterfiltration.com.au, wateranalytics.com.au, waterdropfilter.com.au",,,,
central coast water filtration,,27,,,,,,,,,,,,,,,,13,28,,centralcoastwaterfiltration.com.au,False,False,"inflowfilter.com, google.com, waterscoaustralia.com.au",linkplumbing.com.au,"filtersystemsaustralia.com.au, carefree.com.au, collisbrosplumbing.com.au",wateranalytics.com.au,filtersystemsaustralia.com.au,filtersystemsaustralia.com.au
industrial reverse osmosis system,,,,0.219434860202261,0.780565139797739,0.317073170731707,0.214285706632653,0.785714257653062,2.57,,2.57,0,,0,0.0,,0.0,7,0,,pmengineer.com,False,False,"filtersystemsaustralia.com.au, southlandfiltration.com.au, centurionaprs.com","makwater.com.au, prwater.com.au, southlandfiltration.com.au, laftech.com.au","prwater.com.au, centurionaprs.com, fciwatermakers.com, filtersystemsaustralia.com.au",,,
hard water filter for home,,,,,,,,,,,,,,,,,,8,,,,False,False,"completehomefiltration.com.au, wateranalytics.com.au, puretec.com.au, filtersystemsaustralia.com.au","wateranalytics.com.au, filpure.com.au, cleanandclearwater.com.au, puretec.com.au, filtap.com.au, filtersystemsaustralia.com.au, thehomewaterfilterguy.com.au",,,,
water filter system central coast,,,,,,,,,,,,,,,,,,21,,,,False,False,"google.com, wateranalytics.com.au","wateranalytics.com.au, greatwaterfilters.com.au, cleanandclearwater.com.au","cleanandclearwater.com.au, purestwaterfiltration.com.au, filtap.com.au, wateranalytics.com.au, safemains.com.au, purewaterfiltration.com.au, filteredwatersolutions.com.au, samedayhomeservices.com.au, comparewaterfilters.com.au, greatwaterfilters.com.au","cleanandclearwater.com.au, purestwaterfiltration.com.au, filteredwatersolutions.com.au, bespokewater.com.au, wateranalytics.com.au, filpure.com.au, filtap.com.au, inflowfilter.com","purestwaterfiltration.com.au, filtersystemsaustralia.com.au, wateranalytics.com.au, waterfilter.com.au, cleanandclearwater.com.au, filtap.com.au","purestwaterfiltration.com.au, filteredwatersolutions.com.au, cleanandclearwater.com.au, thewaterfiltrationcompany.com.au, filtap.com.au, filtersystemsaustralia.com.au, waterfilter.com.au, wateranalytics.com.au"
water filtration systems under sink,,,,,,,,,,,,,,,,,,5,2,,purewatersystems.com.au,False,False,"filtersystemsaustralia.com.au, puretec.com.au, waterfilter.net.au, cleanandclearwater.com.au",,,completehomefiltration.com.au,,
water filtration & softeners,,,,,,,,,,,,,,,,,,1,,,,False,False,filtersystemsaustralia.com.au,,,,,
fluoride water filter system,,13,,,,,,,,,,,,,,,,22,4,,aquasafe.com.au,False,False,"inflowfilter.com, alkalineworld.com.au, google.com, waterscoaustralia.com.au, puretec.com.au, shieldwaterfilter.com.au, zazenalkalinewater.com.au","wateranalytics.com.au, puretec.com.au","waterscoaustralia.com.au, filtersystemsaustralia.com.au, lovable.app, tappwater.com.au, wateranalytics.com.au, collisbrosplumbing.com.au, safemains.com.au, minthomefiltration.com, waterdropfilter.com.au, cleanandclearwater.com.au, alkaviva.com.au",waterfilter.com.au,"wateranalytics.com.au, waterscoaustralia.com.au, saferwater.com, filtersystemsaustralia.com.au, purezafilters.com",completehomefiltration.com.au
watering systems australia,,,,,,,,,,,,,,,,,,4,25,,flexigardenframes.com.au,False,False,"smarthomeworks.com.au, vivosun.com","filtersystemsaustralia.com.au, waterpro.com.au",filtersystemsaustralia.com.au,,,
home water filtration system australia,,46,,,,,,,,,,,,,,,,10,24,,filtersystemsaustralia.com.au,False,False,,"homewaterfiltration.com.au, wateranalytics.com.au",,,,
aquatru water filter,,6,,0.630765584602126,0.369234415397874,0.296610169491525,0.373493971403687,0.62650601654812,,,,,,,,,,4,4,,aquatru.com,False,False,,"waterscoaustralia.com.au, waterdropfilter.com.au, waterfilter.net.au, filtersystemsaustralia.com.au","waterdropfilter.com.au, waterscoaustralia.com.au",,"waterscoaustralia.com.au, waterdropfilter.com.au",
water bubbler,,12,,0.5057008,0.4942992,0.644,0.393258422547658,0.606741566216387,,,,,,,,,,14,4,,purewatersystems.com.au,False,False,"water-filter-sentry.com.au, bubblers.com.au","enviroaqua.com.au, aquacoolerdirect.com.au, gxoutdoors.com","aquacoolerdirect.com.au, enviroaqua.com.au, bubblers.com.au, filtersystemsaustralia.com.au","neverfail.com.au, enviroaqua.com.au, aquacoolerdirect.com.au, alkaviva.com.au, astrastreetfurniture.com.au, bubblers.com.au, officeworks.com.au, filpure.com.au","enviroaqua.com.au, bubblers.com.au, aquacoolerdirect.com.au, waddisprings.com.au, culligan.com.au","aquacoolerdirect.com.au, officeworks.com.au, aquapax.com.au"
uv water filter system,,,,,,,,,,,,,,,,,,3,1,,makwater.com.au,False,False,puretec.com.au,filtersystemsaustralia.com.au,filtersystemsaustralia.com.au,uvguard.com,,uvguard.com
best water system for house,,,,,,,,,,,,,,,,,,2,,,,False,False,"wateranalytics.com.au, filtersystemsaustralia.com.au",,,,,
full house filter,,17,,,,,,,,,,,,,,,,1,5,,puretec.com.au,False,False,,filtersystemsaustralia.com.au,,filtersystemsaustralia.com.au,,
under sink water filter cartridge,,15,,,,,,,1.41,,1.41,0,,0,0.0,,0.0,2,5,,aquasafe.com.au,False,False,,"filtersystemsaustralia.com.au, waterfilterdistributors.com.au",,,,
chloramine filter whole house,,,,,,,,,,,,,,,,,,3,,,,False,False,filtersystemsaustralia.com.au,"filtersystemsaustralia.com.au, psifilters.com.au, wateranalytics.com.au",,,,
5 stage reverse osmosis water filter,,,,,,,,,2.3,,2.3,0,,0,8.67,,8.67,14,1,,healthyhabitats.com.au,False,False,"filtersforyou.com.au, waterscoaustralia.com.au, shieldwaterfilter.com.au, water-filter-sentry.com.au, google.com, filtersystemsaustralia.com.au, aewaterfilters.com",filtersystemsaustralia.com.au,"filtersystemsaustralia.com.au, waterfilter.net.au, waterdropfilter.com.au, filteredwatersolutions.com.au","filteredwatersolutions.com.au, filtersystemsaustralia.com.au, waterfilter.net.au, water-filter-sentry.com.au, waterdropfilter.com.au","filtersystemsaustralia.com.au, filteredwatersolutions.com.au, waterdropfilter.com.au, waterfilter.net.au, waterfilter.com.au, cleanandclearwater.com.au","filtersystemsaustralia.com.au, filpure.com.au"
best water purifier system for home,,,,,,,,,,,,,,,,,,5,11,,quora.com,False,False,"wateranalytics.com.au, filtersystemsaustralia.com.au, alkaviva.com.au, purewaterfiltration.com.au",,completehomefiltration.com.au,,,
water filtration system service near me,,,,,,,,,,,,,,,,,,5,,,,False,False,thinkwater.com.au,wateranalytics.com.au,"thinkwater.com.au, filtersystemsaustralia.com.au, aquapax.com.au, centurionaprs.com",,,
​home water filter service​,,,,,,,,,,,,,,,,,,30,,,,False,False,"aquaserve.com.au, filtersforyou.com.au, lifesourcewater.com, eliterooter.com, wateranalytics.com.au, google.com, spsplumbers.com.au, mrsplashplumbing.com.au, brisbaneflowplumbing.com.au","mrsplashplumbing.com.au, wateranalytics.com.au",lovable.app,"vellaplumbinggroup.com.au, filpure.com.au, filteredwatersolutions.com.au","emergencyhomeservices.com.au, filtersystemsaustralia.com.au, fullhousewaterfiltration.com.au, wateranalytics.com.au, waterfilter.com.au, wilcoplumbing.com.au, filteredwatersolutions.com.au","emergencyhomeservices.com.au, fullhousewaterfiltration.com.au"
complete filtration systems,,18,,,,,,,,,,,,,,,,4,14,,completehomefiltration.com.au,False,False,filtersystemsaustralia.com.au,,"filtersystemsaustralia.com.au, wateranalytics.com.au",,filtersystemsaustralia.com.au,
water coolers for office,,,,,,,,,5.26,,5.26,0,,0,9.41,,9.41,34,12,,cooeewater.com.au,False,False,"google.com, officeworks.com.au, aussienaturalfiltration.com.au, watercoolersuperstore.com.au, aussienatural.net.au, culligan.com.au, aquacoolerdirect.com.au, waterfilterman.com.au, smarth2o.com.au, modawater.com","culligan.com.au, novoh2o.com.au, purezza.com, woolworths.com.au, aquacoolerdirect.com.au, officeworks.com.au, aussienatural.net.au, frigmac.com.au, waterfilterman.com.au, neverfail.com.au, filtersystemsaustralia.com.au","valueh2o.com.au, aquacoolerdirect.com.au, novoh2o.com.au, tranquilwater.com.au, aussienatural.net.au, watercoolersuperstore.com.au, officeworks.com.au, purezza.com.au, rainagain.com.au, purezza.com, aquapax.com.au, brita.com.au, neverfail.com.au, enviroaqua.com.au, culligan.com.au, customwater.com.au, edensprings.co.uk, bevi.co, aqualibra.com, thirstywork.com, google.com, waterfilterman.com.au","culligan.com.au, rainagain.com.au, aquacoolerdirect.com.au, valueh2o.com.au, neverfail.com.au, aussienatural.net.au, aquapax.com.au, watercoolersuperstore.com.au, tranquilwater.com.au","culligan.com.au, enviroaqua.com.au, valueh2o.com.au, rainagain.com.au, aussienatural.net.au, officeworks.com.au, purezza.com, neverfail.com.au","rainagain.com.au, aussienatural.net.au, culligan.com.au, aquacoolerdirect.com.au, neverfail.com.au, purezza.com, watercoolersuperstore.com.au, novoh2o.com.au, valueh2o.com.au, aquapax.com.au, watercoolershop.com.au, enviroaqua.com.au"
iron water filter,,,,0.797602721627692,0.202397278372308,0.385057471264368,0.439252332343436,0.56074765831077,1.99,,1.99,0,,0,2.25,,2.25,1,0,,athenawater.com.au,False,False,filtersystemsaustralia.com.au,,,,,
sunshine coast water filters,,25,,,,,,,1.31,,1.31,0,,0,0.0,,0.0,6,19,,sunshinecoastwaterfilters.com.au,False,False,,,"sunshinecoastwaterfilters.com.au, suncityhotwater.com.au, purewatersystems.com.au, filtersystemsaustralia.com.au","water-filter-sentry.com.au, filtersystemsaustralia.com.au, sunshinecoastwaterfilters.com.au",,
whole house ro system,,19,,0.598,0.402,0.335135135135135,0.382113818031595,0.617886173838324,0.53,,0.53,0,,0,1.9,,1.9,5,13,,waterfilter.com.au,False,False,,"filtersystemsaustralia.com.au, psifilters.com.au, wateranalytics.com.au","cleanandclearwater.com.au, filtersystemsaustralia.com.au, fullhousefiltration.com.au",wateranalytics.com.au,filtersystemsaustralia.com.au,
watermart,,5,,,,,,,,,,,,,,,,2,6,,aquacorp.com.au,False,False,,,"filtersystemsaustralia.com.au, windowcleaningsupplies.com.au",,,
uv pool sanitizer,,2,,0.755714285714286,0.244285714285714,0.238095238095238,0.37499998828125,0.624999980468751,1.32,,1.32,0,,0,2.13,,2.13,7,0,,reece.com.au,False,False,"brauerswim.com, google.com",brauerswim.com,"brauerswim.com, uvguard.com",brauerswim.com,bionizer.com.au,"uvguard.com, bionizer.com.au"
ice machine filter,,10,,0.334628533859303,0.665371466140697,0.307692307692308,0.333333320987655,0.66666664197531,,,,,,,,,,6,6,,icemachinesonline.com.au,False,False,essentialservicesgroup.com.au,"commercialequipmentonline.com.au, filtersystemsaustralia.com.au, nisbets.com.au, essentialservicesgroup.com.au, ozcoolers.com.au, bromicrefrigeration.com.au",,,,
kinetico water systems,,,,0.545748721694668,0.454251278305332,0.318918918918919,0.317460314940791,0.682539677122701,1.92,,1.92,0,,0,0.0,,0.0,5,,,,False,False,"completehomefiltration.com.au, filtersystemsaustralia.com.au, fixnflow.com.au, water-filter-sentry.com.au, wateranalytics.com.au",completehomefiltration.com.au,,,,
british berkefeld water filter,,5,,,,,,,2.92,,2.92,0,,0,1.26,,1.26,3,1,,durand.com.au,False,False,,"purewater4life.com.au, waterfiltercompany.co.nz, filtersystemsaustralia.com.au",,purewater4life.com.au,,
water purifier for home price,,,,,,,,,,,,,,,,,,4,,,,False,False,"thinkwater.com.au, wateranalytics.com.au","wateranalytics.com.au, thinkwater.com.au, filtersystemsaustralia.com.au, pacificwater.com.au",,,,
3 stage water filter system,,24,,0.264797086368366,0.735202913631634,0.258064516129032,0.0869565179584123,0.913043438563329,,,,,,,,,,9,12,,waterfilter.com.au,False,False,"filtersystemsaustralia.com.au, filtersforyou.com.au, shieldwaterfilter.com.au, waterscoaustralia.com.au",filtersystemsaustralia.com.au,filtersystemsaustralia.com.au,"filtersystemsaustralia.com.au, filteredwatersolutions.com.au","waterfilter.com.au, filtersystemsaustralia.com.au","filtersystemsaustralia.com.au, waterfilter.com.au"
under sink water filters central coast,,,,,,,,,,,,,,,,,,19,,,,False,False,"water2.com, aarke.com","filpure.com.au, cleanandclearwater.com.au, filteredwatersolutions.com.au, filtersystemsaustralia.com.au, comparewaterfilters.com.au, greatwaterfilters.com.au, purewatersystems.com.au, wateranalytics.com.au","filpure.com.au, filtap.com.au, cleanandclearwater.com.au","filteredwatersolutions.com.au, cleanandclearwater.com.au, filtap.com.au, filpure.com.au, waterfilter.com.au","filteredwatersolutions.com.au, filtap.com.au, cleanandclearwater.com.au, filtersystemsaustralia.com.au","cleanandclearwater.com.au, filtap.com.au, filteredwatersolutions.com.au, demandfiltration.com.au"
irrigation supplies australia,,,,,,,,,0.93,,0.93,0,,0,0.0,,0.0,8,70,,bluebucket.com.au,False,False,filtersystemsaustralia.com.au,sunshoweronline.com.au,irrigationstore.com.au,thelandscapestore.com.au,"duralirrigation.com.au, irrigationstore.com.au, thelandscapestore.com.au, irrigationexpress.com.au, waterpro.com.au",thelandscapestore.com.au
ion exchange filter,,,,0.375817174515235,0.624182825484764,0.421052631578947,,,0.33,,0.33,0,,0,0.12,,0.12,1,4,,almawatech.com,False,False,filtersystemsaustralia.com.au,,,,,
waterdrop ro system,,3,,,,,,,,,,,,,,,,5,7,,waterdropfilter.com.au,False,False,,"waterdropfilter.com.au, waterfilter.net.au, filtersystemsaustralia.com.au, pureforsure.com.au","waterdropfilter.com.au, waterdrop.com.au",waterdropfilter.com.au,,
whole home water filtration system,,24,,0.620105728565936,0.379894271434064,0.264705882352941,0.266666663111111,0.733333323555556,,,,0,,0,2.3,,2.3,5,16,,filtersystemsaustralia.com.au,False,False,,"wateranalytics.com.au, cleanandclearwater.com.au, filtersystemsaustralia.com.au",wateranalytics.com.au,wateranalytics.com.au,filtersystemsaustralia.com.au,
countertop reverse osmosis system,,14,,0.3661181640625,0.6338818359375,0.21875,0.3199999936,0.6799999864,,,,,,,,,,2,1,,waterdropfilter.com.au,False,False,,"filtersystemsaustralia.com.au, waterdropfilter.com.au",waterdropfilter.com.au,,,
water filter for home,,52,,0.519341574845472,0.480658425154528,0.475409836065574,0.468749985351563,0.531249983398438,,,,,,,,,,17,30,,youtube.com,False,False,google.com,aquastream.com.au,"filtersystemsaustralia.com.au, wateranalytics.com.au, comparewaterfilters.com.au, thinkwater.com.au, alkaviva.com.au","aquastream.com.au, homewaterfiltration.com.au, cleanandclearwater.com.au, philips.com.au, wateranalytics.com.au","wateranalytics.com.au, cleanandclearwater.com.au","thinkwater.com.au, wateranalytics.com.au, flowpure.com, filtersystemsaustralia.com.au"
inline filtration caravan australia,,,,,,,,,,,,,,,,,,5,,,,False,False,shieldwaterfilter.com.au,filtersystemsaustralia.com.au,"filpure.com.au, filtersystemsaustralia.com.au, s.t","filtersystemsaustralia.com.au, bestwaterfilters.com.au",filtersystemsaustralia.com.au,
pfas filters for home,,,,,,,,,,,,,,,,,,37,,,,False,False,"aquala.au, waterscoaustralia.com.au, inflowfilter.com, philips.com.au, google.com, tappwater.com.au, water-filter-sentry.com.au, filtersystemsaustralia.com.au, aquaserve.com.au, shieldwaterfilter.com.au, alkaway.com.au, wateranalytics.com.au","tappwater.com.au, cheerowaterfilter.com, betterwaterbetteryou.com.au, filtersystemsaustralia.com.au, wateranalytics.com.au, filtermate.com.au","safemains.com.au, filtersystemsaustralia.com.au, tappwater.com.au, waterscoaustralia.com.au, kynandfolk.com, filpure.com.au, alkaviva.com.au, wateranalytics.com.au, earthtank.com.au, google.com, philips.com.au, carefree.com.au, water-filter-sentry.com.au, minthomefiltration.com, betterwaterbetteryou.com.au, blissfulhome.com.au","filpure.com.au, wateranalytics.com.au, holyh2o.com.au, cleanandclearwater.com.au, kynandfolk.com, filtersystemsaustralia.com.au, reactiveplumbingandelectrical.com.au, tappwater.com.au, filteredwatersolutions.com.au, philips.com.au, safemains.com.au, bespokewater.com.au, drinkrippl.com, alkaviva.com.au","filtersystemsaustralia.com.au, wateranalytics.com.au, filteredwatersolutions.com.au, waterscoaustralia.com.au, filpure.com.au, tappwater.com.au, waterfilter.com.au, blissfulhome.com.au, kynandfolk.com, philips.com.au, hydrosmart.com.au, inflowfilter.com, water-filter-sentry.com.au","wateranalytics.com.au, filtersystemsaustralia.com.au, philips.com.au, filteredwatersolutions.com.au, tappwater.com.au, waterfilter.com.au, flowpure.com"
3 stage water filter,,17,,0.631888888888889,0.368111111111111,0.366666666666667,0.236842099030471,0.76315787465374,2.32,,2.32,0,,0,17.92,,17.92,13,6,,filteredwatersolutions.com.au,False,False,"inflowfilter.com, waterscoaustralia.com.au, filtersforyou.com.au, homefiltrationsystems.com, sffilter.com.cn, filtersystemsaustralia.com.au, shieldwaterfilter.com.au, google.com","filtersystemsaustralia.com.au, waterscoaustralia.com.au, zazenalkalinewater.com.au, google.com","filtersystemsaustralia.com.au, lovable.app",filtersystemsaustralia.com.au,"waterfilter.net.au, waterfilter.com.au, filtersystemsaustralia.com.au","filtersystemsaustralia.com.au, waterfilter.com.au"
home water cooler,,,,0.776142177275431,0.223857822724569,0.402439024390244,0.571428559766764,0.428571419825073,1.51,,1.51,0,,0,128.07,,128.07,16,18,,cooeewater.com.au,False,False,"aussienaturalfiltration.com.au, shieldwaterfilter.com.au, officeworks.com.au, aquacoolerdirect.com.au, aussienatural.net.au, drinkrippl.com, google.com","officeworks.com.au, aquacoolerdirect.com.au, pacificsprings.com.au, novoh2o.com.au, aussienatural.net.au, aussienaturalfiltration.com.au","aquacoolerdirect.com.au, officeworks.com.au, summersprings.com.au, watercoolersuperstore.com.au, aussienatural.net.au, neverfail.com.au","aussienatural.net.au, neverfail.com.au, aquacoolerdirect.com.au, officeworks.com.au","aussienatural.net.au, officeworks.com.au, neverfail.com.au, aquacoolerdirect.com.au, watercoolersuperstore.com.au","aussienatural.net.au, completehomefiltration.com.au, officeworks.com.au, neverfail.com.au, watercoolersuperstore.com.au, waterfilter.com.au, aquacoolerdirect.com.au, culligan.com.au, filtersystemsaustralia.com.au"
home water treatment systems,,,,0.42625,0.57375,0.333333333333333,0.2499999921875,0.749999976562501,2.37,,2.37,0,,0,30.44,,30.44,4,24,,makwater.com.au,False,False,"thinkwater.com.au, wateranalytics.com.au, filtersystemsaustralia.com.au, hydrosmart.com.au",,,,,
water pump filter,,21,,0.678093278463649,0.321906721536351,0.703703703703704,,,0.82,,0.82,0,,0,3.46,,3.46,1,12,,pumpsaustralia.com.au,False,False,,filtersystemsaustralia.com.au,,,,
whole house filtration,,,,0.659349112426036,0.340650887573964,0.423076923076923,,,1.67,,1.67,0,,0,6.56,,6.56,15,7,,freshwatersystems.com.au,False,False,wateranalytics.com.au,aquastream.com.au,"filtersystemsaustralia.com.au, wateranalytics.com.au, cloudtap.com.au","filtersystemsaustralia.com.au, puremainswater.com.au, waterfilter.com.au, wateranalytics.com.au","filtermate.com.au, filtersystemsaustralia.com.au, wateranalytics.com.au, puretec.com.au","filpure.com.au, wateranalytics.com.au, filtersystemsaustralia.com.au, bespokewater.com.au, waterfilter.com.au, urbanfuture.com.au, homewaterfiltration.com.au, cleanandclearwater.com.au, micronwaterfilters.com.au"
water filter system house,,,,,,,,,,,,,,,,,,4,13,,aquasafe.com.au,False,False,,,,,,"completehomefiltration.com.au, cleanandclearwater.com.au, filtersystemsaustralia.com.au, wateranalytics.com.au"
reverse osmosis water filter countertop,,,,0.615138888888889,0.384861111111111,0.333333333333333,,,1.62,,1.62,0,,0,0.26,,0.26,3,2,,mywaterfilter.com.au,False,False,"waterscoaustralia.com.au, waterdropfilter.com.au, filtersystemsaustralia.com.au",,,,,
best whole house water filtration system for well water,,,,,,,,,,,,,,,,,,3,,,,False,False,"filtersystemsaustralia.com.au, thinkwater.com.au","wateranalytics.com.au, filtersystemsaustralia.com.au",,,,
4 stage water filter system,,23,,,,,,,,,,,,,,,,13,11,,filteredwatersolutions.com.au,False,False,"inflowfilter.com, google.com, shieldwaterfilter.com.au, waterscoaustralia.com.au","puretec.com.au, filtersystemsaustralia.com.au","filtersystemsaustralia.com.au, waterfilter.net.au, wateranalytics.com.au, lovable.app",filtersystemsaustralia.com.au,"filteredwatersolutions.com.au, filtersystemsaustralia.com.au, filpure.com.au",filtersystemsaustralia.com.au
o rings online,,,,,,,,,1.45,,1.45,0,,0,0.0,,0.0,21,5,,fst.com,False,False,"fluidseals.com.au, renseal-srp.com.au, o-ring-stocks.eu, rs-online.com, hsa.com.au, sigmaaldrich.com, digikey.com.au, sprayerwarehouse.com.au, google.com, aimsindustrial.com.au, boltandnut.com.au, lappaustralia.com.au, polymax.co.uk, 123bearing.co.uk",o-ring-stocks.eu,"o-ring-stocks.eu, wurth.com.au, refast.com.au, rs-online.com, aimsindustrial.com.au","o-ring-stocks.eu, valvewarehouseaustralia.com.au, aimsindustrial.com.au, hawleys.com.au","o-ring-stocks.eu, wurth.com.au","wurth.com.au, o-ring-stocks.eu, valvewarehouseaustralia.com.au"
whole house water filter and softener,,,,0.662906057098765,0.337093942901235,0.340277777777778,0.410526311468144,0.58947367800554,,,,,,,,,,3,2,,clearwaterarizona.com,False,False,"wateranalytics.com.au, filtersystemsaustralia.com.au","filtersystemsaustralia.com.au, wateranalytics.com.au, hydrosmart.com.au",wateranalytics.com.au,,,
eco water filter,,40,,0.506942296252231,0.493057703747769,0.365853658536585,0.346153832840237,0.653846128698226,1.47,,1.47,0,,0,0.0,,0.0,7,34,,wfa.com.au,False,False,ecobud.com.au,ecobud.com.au,"ecobud.com.au, filtersystemsaustralia.com.au, shopnaturally.com.au, kynandfolk.com",ecobud.com.au,ecobud.com.au,"thinkwater.com.au, waterscoaustralia.com.au, tappwater.com.au"
shower head water filters,,,,,,,,,,,,,,,,,,16,4,,cleanbeautymarket.com.au,False,False,"ozbath.com.au, inflowfilter.com, wellrinse.com, wellverti.com.au, waterscoaustralia.com.au, google.com, aqvoaustralia.com.au, filteredbeauty.com.au, suhae.com.au, kuvings.com.au, holyh2o.com.au","filtersystemsaustralia.com.au, wellverti.com.au, aquala.au, inflowfilter.com","wellverti.com.au, sonaki.com.au, mineralstream.co, aquamuseco.com, filteredbeauty.com.au",wellverti.com.au,wellverti.com.au,wellverti.com.au
best water filter system for home,,22,,,,,,,1.55,,1.55,0,,0,0.0,,0.0,1,8,,waterfilterguru.com,False,False,,filtersystemsaustralia.com.au,,,,
reverse osmosis filtration,,,,0.49603550295858,0.50396449704142,0.461538461538462,,,1.19,,1.19,0,,0,2.01,,2.01,10,3,,philips.com.au,False,False,"filtersystemsaustralia.com.au, waterdropfilter.com.au, puretec.com.au","filtersystemsaustralia.com.au, centurionaprs.com, waterdropfilter.com.au, wateranalytics.com.au, psifilters.com.au",,filtersystemsaustralia.com.au,,
water filtration systems near me,,40,,0.711426611796982,0.288573388203018,0.481481481481481,,,3.67,,3.67,0,,0,1.39,,1.39,20,19,,greatwaterfilters.com.au,False,False,,,"fallonsolutions.com.au, thinkwater.com.au, filtersystemsaustralia.com.au",,,
pre carbon filter,,,,,,,,,,,,,,,,,,1,,,,False,False,filtersystemsaustralia.com.au,,,,,
water filter fittings,,12,,,,,,,1.16,,1.16,0,,0,2.35,,2.35,1,0,,filtersystemsaustralia.com.au,False,False,,,,,,
buy o rings,,,,,,,,,0.9,,0.9,0,,0,1.37,,1.37,12,0,,fst.com,False,False,"o-ring-stocks.eu, ber-pa.it, prepol.com, sedyonline.com, google.com",o-ring-stocks.eu,o-ring-stocks.eu,o-ring-stocks.eu,"o-ring-stocks.eu, rs-online.com, wurth.com.au, febest.com.au","o-ring-stocks.eu, filtersystemsaustralia.com.au"
best whole house water filtration system,,23,,0.514893403790088,0.485106596209912,0.303571428571429,0.150183149633029,0.849816846703968,2.13,,2.13,0,,0,2.87,,2.87,6,9,,puretec.com.au,False,False,aquastream.com.au,puretec.com.au,"wateranalytics.com.au, alkaviva.com.au","wateranalytics.com.au, abaplumbing.com.au",,filtersystemsaustralia.com.au
di water filter,,,,,,,,,,,,0,,0,2.91,,2.91,4,17,,bluetongueindustries.com.au,False,False,"thermofisher.com, filtersystemsaustralia.com.au, waterfilter.net.au",thermofisher.com,"thermofisher.com, waterfilter.net.au, ibigboi.com",,,
garden irrigation,,32,,0.444480968858131,0.555519031141869,0.323529411764706,0.260869562381853,0.739130426748582,1.0,,1.0,0,,0,62.78,,62.78,14,11,,hoselink.com.au,False,False,"netagarden.com.au, bunnings.com.au, sunshoweronline.com.au, temu.com, hoselink.com.au, theirrigationshop.com.au, duralirrigation.com.au, waterpro.com.au","irrigationgroup.com.au, waterpro.com.au, theirrigationhub.com.au, duralirrigation.com.au, ssirrigation.com.au, filtersystemsaustralia.com.au","sunshoweronline.com.au, theirrigationhub.com.au","temu.com, sunshoweronline.com.au, ssirrigation.com.au, irrigationgroup.com.au, hoselink.com.au, theirrigationhub.com.au, prolawnconsultant.com.au, stephenleelandscapes.com.au",,
rain water purification,,,,,,,,,,,,,,,,,,2,2,,tankdoctor.com.au,False,False,filtersystemsaustralia.com.au,,wateranalytics.com.au,,,
commercial water softener,,8,,0.45097,0.54903,0.3,0.314285709795918,0.685714275918368,,,,,,,,,,8,3,,pacificwater.com.au,False,False,google.com,,"completehomefiltration.com.au, oleology.com.au, makwater.com.au","completehomefiltration.com.au, wateranalytics.com.au, filtersystemsaustralia.com.au, waterfilter.net.au, hydrosmart.com.au",,
house water filtration system,,38,,0.786844290657439,0.213155709342561,0.494117647058824,0.302325574364522,0.697674402379665,1.75,,1.75,0,,0,28.7,,28.7,5,17,,completehomefiltration.com.au,False,False,waterfilter.com.au,,wateranalytics.com.au,,wateranalytics.com.au,filtersystemsaustralia.com.au
whole home water filtration system cost,,18,,,,,,,,,,,,,,,,13,7,,facebook.com,False,False,,"wateranalytics.com.au, comparewaterfilters.com.au, filtersystemsaustralia.com.au, thinkwater.com.au, fullhousefiltration.com.au",,"wateranalytics.com.au, filtersystemsaustralia.com.au",,
buy ph buffer solution,,,,,,,,,,,,,,,,,,14,,,,False,False,"filtersystemsaustralia.com.au, thermofisher.com, sigmaaldrich.com, amazon.com.au","filtersystemsaustralia.com.au, thermofisher.com","thermofisher.com, hach.com, sigmaaldrich.com, filtersystemsaustralia.com.au, gfschemicals.com, laballey.com, alkalisci.com, zoro.com, tequipment.net","labfriend.com.au, instrumentchoice.com.au, hach.com, hannainst.com.au, filtersystemsaustralia.com.au","instrumentchoice.com.au, thermofisher.com, filtersystemsaustralia.com.au, tps.com.au, amazon.com.au","sigmaaldrich.com, instrumentchoice.com.au, amazon.com.au, thermofisher.com"
water filtration service,,,,,,,,,,,,,,,,,,3,41,,auchinachie.com,False,False,"waterfilter.com.au, filtersystemsaustralia.com.au",completehomefiltration.com.au,,,,
best water filtration system,,6,,0.546993235957259,0.453006764042741,0.344554455445544,0.114803625030805,0.885196371948047,1.11,,1.11,0,,0,23.44,,23.44,3,2,,reddit.com,False,False,,"wateranalytics.com.au, filtersystemsaustralia.com.au",,,,
home filter system,,45,,,,,,,,,,,,,,,,6,24,,completehomefiltration.com.au,False,False,"google.com, puremainswater.com.au","hydrotechgroup.com.au, homewaterfiltration.com.au",filtersystemsaustralia.com.au,wateranalytics.com.au,,
shower head water filter australia,,,,,,,,,,,,,,,,,,34,8,,elevata.com.au,False,False,"wellverti.com.au, google.com, ozbath.com.au, filtersystemsaustralia.com.au, waterscoaustralia.com.au, inflowfilter.com, suhae.com.au, wellrinse.com, aqvoaustralia.com.au, shieldwaterfilter.com.au, getnouriven.com, holyh2o.com.au, mywaterfilter.com.au, hydroguardstore.com, cuckooaustralia.com.au, activflo.com.au, betterwaterbetteryou.com.au, wellsons.com.au, helloklean.com, painreliefaustralia.com.au","wellverti.com.au, filtersystemsaustralia.com.au, ozbath.com.au, stone-stream.com, inflowfilter.com, waterscoaustralia.com.au, holyh2o.com.au, aquala.au, getnouriven.com, wellrinse.com","wellverti.com.au, mineralstream.co, sonaki.com.au, inflowfilter.com, rorra.com, holyh2o.com.au, evolvedh2o.com, stone-stream.com, filtersystemsaustralia.com.au, getnouriven.com, templeandwebster.com.au","wellverti.com.au, inflowfilter.com, holyh2o.com.au",wellverti.com.au,"wellverti.com.au, mineralstream.co"
reverse osmosis water filter system,,24,,0.542566574839302,0.457433425160698,0.386363636363636,0.469135796677336,0.530864190976985,2.04,,2.04,0,,0,43.35,,43.35,8,9,,filtersystemsaustralia.com.au,False,False,"google.com, aussienaturalfiltration.com.au, inflowfilter.com, waterscoaustralia.com.au, shieldwaterfilter.com.au",,"filtersystemsaustralia.com.au, waterdropfilter.com.au, psifilters.com.au",filtersystemsaustralia.com.au,,
under counter water filter,,16,,0.511279513888889,0.488720486111111,0.3375,0.345911947509988,0.654088046200704,2.04,,2.04,0,,0,51.38,,51.38,1,1,,purewatersystems.com.au,False,False,,filtersystemsaustralia.com.au,,,,
best under sink water filtration system,,19,,0.305180055401662,0.694819944598338,0.192982456140351,0.15217390973535,0.84782606852552,3.01,,3.01,0,,0,4.48,,4.48,1,1,,purewatersystems.com.au,False,False,,filtersystemsaustralia.com.au,,,,
ph buffer solution for calibration,,10,,,,,,,,,,,,,,,,9,0,,kegland.com.au,False,False,"filtersystemsaustralia.com.au, thermofisher.com, sigmaaldrich.com, fishersci.nl","thermofisher.com, sigmaaldrich.com, filtersystemsaustralia.com.au","thermofisher.com, sigmaaldrich.com, hach.com","sigmaaldrich.com, instrumentchoice.com.au, hach.com, thermofisher.com, hannainst.com.au","hach.com, sigmaaldrich.com, instrumentchoice.com.au, thermofisher.com, hannainst.com.au","instrumentchoice.com.au, sigmaaldrich.com, filtersystemsaustralia.com.au, amazon.com.au, thermofisher.com, hannainst.com.au"
commercial water purifier,,,,,,,,,8.94,,8.94,0,,0,0.0,,0.0,3,,,,False,False,"filtersystemsaustralia.com.au, aquapax.com.au, culligan.com.au",,,,,
water filters for sink,,,,0.559256198347107,0.440743801652893,0.381818181818182,0.58823527681661,0.411764693771627,1.74,,1.74,0,,0,4.51,,4.51,4,5,,purewatersystems.com.au,False,False,"filtersystemsaustralia.com.au, puretec.com.au","completehomefiltration.com.au, filteredwatersolutions.com.au, filtersystemsaustralia.com.au",,,,
water filtration systems sydney,,,,,,,,,,,,,,,,,,26,38,,cassbrothers.com.au,False,False,"hydraflo.com.au, filtersforyou.com.au, cleanandclearwater.com.au, smarth2o.com.au, aquaserve.com.au, google.com","hydraflo.com.au, lovable.app, minthomefiltration.com, cleanandclearwater.com.au","filpure.com.au, purewaterfiltration.com.au, collisbrosplumbing.com.au, hydraflo.com.au, lovable.app, wateranalytics.com.au, filtap.com.au, cleanandclearwater.com.au, filtersystemsaustralia.com.au, minthomefiltration.com, purpleduck.com.au","filpure.com.au, collisbrosplumbing.com.au, samedayhomeservices.com.au, wateranalytics.com.au, purewaterfiltration.com.au, bespokewater.com.au, purpleduck.com.au","emergencyhomeservices.com.au, collisbrosplumbing.com.au, filpure.com.au, yakkazplumbing.com.au","filtersystemsaustralia.com.au, collisbrosplumbing.com.au"
cto carbon,,,,,,,,,,,,,,,,,,2,,,,False,False,"filtersystemsaustralia.com.au, aliexpress.com",,,,,
in home water treatment systems,,,,,,,,,,,,,,,,,,2,,,,False,False,"wateranalytics.com.au, filtersystemsaustralia.com.au",,,,,
best home water filter system,,,,0.76252,0.23748,0.36,0.0937499970703126,0.906249971679688,,,,,,,,,,3,14,,waterdropfilter.com.au,False,False,wateranalytics.com.au,,"filtersystemsaustralia.com.au, wateranalytics.com.au",,,
home water filtration,,43,,0.529180843195266,0.470819156804734,0.432692307692308,,,,,,,,,,,,18,20,,filtersystemsaustralia.com.au,False,False,"waterfilter.com.au, wateranalytics.com.au","waterfilter.com.au, wateranalytics.com.au, filpure.com.au, purewaterfiltration.com.au, homewaterfiltration.com.au","homewaterfiltration.com.au, wateranalytics.com.au, cameronsplumbing.com.au, filtersystemsaustralia.com.au","smartenergy.co, homewaterfiltration.com.au, aquastream.com.au, wateranalytics.com.au, filtersystemsaustralia.com.au, puremainswater.com.au","smartenergy.co, reactiveplumbingandelectrical.com.au, homewaterfiltration.com.au","wateranalytics.com.au, filtersystemsaustralia.com.au, thinkwater.com.au"
three stage water filter,,,,,,,,,1.14,,1.14,0,,0,6.59,,6.59,11,3,,shieldwaterfilter.com.au,False,False,"filtersforyou.com.au, inflowfilter.com, water-filter-sentry.com.au, shieldwaterfilter.com.au, google.com, waterscoaustralia.com.au, alkalineworld.com.au, filtersystemsaustralia.com.au, aewaterfilters.com","filtersystemsaustralia.com.au, shieldwaterfilter.com.au, mrsplashplumbing.com.au, puretec.com.au",filtersystemsaustralia.com.au,filtersystemsaustralia.com.au,filtersystemsaustralia.com.au,filtersystemsaustralia.com.au
4 stage water filtration,,,,,,,,,,,,,,,,,,16,,,,False,False,"inflowfilter.com, shieldwaterfilter.com.au, aquaserve.com.au, waterscoaustralia.com.au, osmofresh.de, google.com","shieldwaterfilter.com.au, filtersystemsaustralia.com.au, waterscoaustralia.com.au","filtersystemsaustralia.com.au, lovable.app","filtersystemsaustralia.com.au, purific.com","waterfilter.com.au, filtersystemsaustralia.com.au","filtersystemsaustralia.com.au, waterfilter.com.au"
reverse osmosis system australia,,,,,,,,,3.57,,3.57,0,,0,12.37,,12.37,31,12,,philips.com.au,False,False,"aquala.au, filtersystemsaustralia.com.au, puretec.com.au, filtersforyou.com.au, philips.com.au, google.com, filtermate.com.au, tappwater.com.au, waterscoaustralia.com.au, shieldwaterfilter.com.au, aquaserve.com.au, inflowfilter.com, kuvings.com.au, waterfilter.net.au, bespokewater.com.au, aewaterfilters.com, carawater.com.au","filtersystemsaustralia.com.au, waterdropfilter.com.au, kuvings.com.au, aquatru.com, shieldwaterfilter.com.au, wateranalytics.com.au","filtersystemsaustralia.com.au, philips.com.au, ovio.com, waterfilter.net.au, waterdropfilter.com.au, filteredwatersolutions.com.au, waterscoaustralia.com.au, membraneshop.com.au, inflowfilter.com, mayerwater.com, kuvings.com.au, lovable.app, minthomefiltration.com, purpleduck.com.au","filtersystemsaustralia.com.au, filpure.com.au, cleanandclearwater.com.au, watershop.com.au, waterdropfilter.com.au","filtersystemsaustralia.com.au, cleanandclearwater.com.au, waterdropfilter.com.au, bespokewater.com.au, filteredwatersolutions.com.au","filtersystemsaustralia.com.au, makwater.com.au, membraneshop.com.au"
home water dispenser,,26,,0.690856830233145,0.309143169766855,0.385321100917431,,,1.3,,1.3,0,,0,36.3,,36.3,9,6,,neverfail.com.au,False,False,waddisprings.com.au,novoh2o.com.au,"aquacoolerdirect.com.au, summersprings.com.au, officeworks.com.au, filtersystemsaustralia.com.au, bigspringswater.com.au, neverfail.com.au, novoh2o.com.au, waddisprings.com.au, bigwet.com.au","bigwet.com.au, neverfail.com.au, aquacoolerdirect.com.au",waddisprings.com.au,
home water filters wollongong,,,,,,,,,,,,,,,,,,26,,,,False,False,"shieldwaterfilter.com.au, wateranalytics.com.au, filtersforyou.com.au, google.com, freshfilteredwater.com.au, cleanandclearwater.com.au, alkalineworld.com.au, waterscoaustralia.com.au, cloudtap.com.au","cleanandclearwater.com.au, wateranalytics.com.au, minthomefiltration.com, comparewaterfilters.com.au, greatwaterfilters.com.au, waterscoaustralia.com.au, filtersystemsaustralia.com.au, filtap.com.au","cleanandclearwater.com.au, filtap.com.au, wateranalytics.com.au, purpleduck.com.au, purewaterfiltration.com.au, filtersystemsaustralia.com.au, safemains.com.au, filpure.com.au, comparewaterfilters.com.au, greatwaterfilters.com.au, daveywater.com, novoh2o.com.au","cleanandclearwater.com.au, filpure.com.au, filtap.com.au, wateranalytics.com.au, greatwaterfilters.com.au","cleanandclearwater.com.au, filtap.com.au, waterfilter.com.au, filtersystemsaustralia.com.au, wateranalytics.com.au, filteredwatersolutions.com.au","wateranalytics.com.au, filtap.com.au, thewaterfiltrationcompany.com.au, cleanandclearwater.com.au, waterfilter.com.au, filtersystemsaustralia.com.au"
water filter central coast,,,,,,,,,,,,,,,,,,20,35,,waterscore.com.au,False,False,"google.com, wateranalytics.com.au, waterscoaustralia.com.au","wateranalytics.com.au, filtersystemsaustralia.com.au","filpure.com.au, safemains.com.au, cleanandclearwater.com.au, filtap.com.au, filtersystemsaustralia.com.au, purewaterfiltration.com.au, greatwaterfilters.com.au, wateranalytics.com.au, minthomefiltration.com, comparewaterfilters.com.au, purpleduck.com.au, filteredwatersolutions.com.au","cleanandclearwater.com.au, filpure.com.au, filteredwatersolutions.com.au, filtersystemsaustralia.com.au",cleanandclearwater.com.au,"cleanandclearwater.com.au, filtersystemsaustralia.com.au, thewaterfiltrationcompany.com.au, filtap.com.au, filteredwatersolutions.com.au"
water filtration central coast,,,,,,,,,,,,,,,,,,26,,,,False,False,"shieldwaterfilter.com.au, aquaserve.com.au, wateranalytics.com.au, google.com, cleanandclearwater.com.au, purestwaterfiltration.com.au, purewaterfiltration.com.au, filpure.com.au, aarke.com, doulton.com","wateranalytics.com.au, comparewaterfilters.com.au, minthomefiltration.com, cleanandclearwater.com.au, purestwaterfiltration.com.au, filpure.com.au, safemains.com.au, alkaviva.com.au","safemains.com.au, wateranalytics.com.au, filpure.com.au, google.com, purestwaterfiltration.com.au, purpleduck.com.au, cleanandclearwater.com.au, comparewaterfilters.com.au, valueh2o.com.au, filtersystemsaustralia.com.au, purewaterfiltration.com.au","wateranalytics.com.au, cleanandclearwater.com.au, filtersystemsaustralia.com.au, filteredwatersolutions.com.au, bespokewater.com.au, purestwaterfiltration.com.au, filpure.com.au","cleanandclearwater.com.au, purestwaterfiltration.com.au, filteredwatersolutions.com.au, filpure.com.au, wateranalytics.com.au","filtersystemsaustralia.com.au, purestwaterfiltration.com.au, purezafilters.com, wateranalytics.com.au, cleanandclearwater.com.au"
drinking water filtration system,,33,,0.65717146776406,0.34282853223594,0.377777777777778,0.285714282312925,0.714285705782313,3.26,,3.26,0,,0,0.31,,0.31,4,6,,filtersystemsaustralia.com.au,False,False,inflowfilter.com,,"blissfulhome.com.au, filtersystemsaustralia.com.au, waterfilter.net.au",filtersystemsaustralia.com.au,,
ro water filter system,,,,,,,,,0.54,,0.54,0,,0,0.0,,0.0,4,8,,philips.com.au,False,False,filtersystemsaustralia.com.au,"filtersystemsaustralia.com.au, psifilters.com.au, waterdropfilter.com.au","filtersystemsaustralia.com.au, waterdropfilter.com.au, drinkrippl.com",filtersystemsaustralia.com.au,,
uv water treatment system,,12,,0.619584487534626,0.380415512465374,0.421052631578947,0.454545444214876,0.545454533057852,1.52,,1.52,0,,0,1.45,,1.45,9,2,,aquasafe.com.au,False,False,"aquariusdrilling.com.au, puretec.com.au","filtersystemsaustralia.com.au, puretec.com.au, vankor.com.au, thinkwater.com.au, ultraaqua.com, southlandfiltration.com.au",,"uvguard.com, ultraaqua.com, filtecwater.com",uvguard.com,uvguard.com
fridge water filters,,,,0.219434860202261,0.780565139797739,0.292682926829268,0.34482757431629,0.655172391200952,1.06,,1.06,0,,0,111.56,,111.56,4,5,,fridgefilters.com.au,False,False,"waterfilterforfridge.com.au, discountfridgefilters.com.au, filtersystemsaustralia.com.au, waterfilter.net.au",,,,,
home water filters,,,,0.444480968858131,0.555519031141869,0.419117647058824,0.329113919884634,0.670886067457138,1.81,,1.81,0,,0,104.83,,104.83,7,22,,facilitieswise.com.au,False,False,"filtersystemsaustralia.com.au, alkaviva.com.au, ecobud.com.au, wateranalytics.com.au","wateranalytics.com.au, waterscoaustralia.com.au",,"filtersystemsaustralia.com.au, cleanandclearwater.com.au, wateranalytics.com.au, waterscoaustralia.com.au",,
whole house filter,,,,0.545351958247445,0.454648041752555,0.407284768211921,0.301675975968291,0.698324018445117,1.85,,1.85,0,,0,69.3,,69.3,3,17,,shieldwaterfilter.com.au,False,False,filtersystemsaustralia.com.au,filtersystemsaustralia.com.au,"filtersystemsaustralia.com.au, aquastream.com.au, wateranalytics.com.au",filtersystemsaustralia.com.au,,
reverse osmosis water filter sydney,,6,,,,,,,,,,0,,0,12.67,,12.67,19,7,,filtersystemsaustralia.com.au,False,False,"aquaserve.com.au, google.com, cleanandclearwater.com.au, waterscoaustralia.com.au, filtap.com.au, philips.com.au, carawater.com.au","filtersystemsaustralia.com.au, waterdropfilter.com.au, cleanandclearwater.com.au, philips.com.au, filtap.com.au, wateranalytics.com.au, purestwaterfiltration.com.au","filpure.com.au, cleanandclearwater.com.au, purestwaterfiltration.com.au, minthomefiltration.com, comparewaterfilters.com.au","filtap.com.au, filtersystemsaustralia.com.au, cleanandclearwater.com.au, purewaterfiltration.com.au","purestwaterfiltration.com.au, cleanandclearwater.com.au","filtersystemsaustralia.com.au, filtap.com.au"
under sink ro,,,,,,,,,1.01,,1.01,0,,0,4.61,,4.61,2,6,,philips.com.au,False,False,"waterfilter.net.au, filtersystemsaustralia.com.au",,,,,
water filtration system wollongong,,,,,,,,,,,,,,,,,,27,,,,False,False,"google.com, thewateralchemists.com.au, filtersforyou.com.au, filpure.com.au, aquaserve.com.au, wateranalytics.com.au, cleanandclearwater.com.au, southernfiltration.com.au","wateranalytics.com.au, greatwaterfilters.com.au, cleanandclearwater.com.au, comparewaterfilters.com.au, minthomefiltration.com, filtap.com.au, mrsplashplumbing.com.au, google.com","eliteplumbinggroup.com, filtap.com.au, cleanandclearwater.com.au, wateranalytics.com.au, filpure.com.au, safemains.com.au, google.com, networkplumbing.com.au, purpleduck.com.au, minthomefiltration.com, comparewaterfilters.com.au, greatwaterfilters.com.au, hydrosmart.com.au","filtap.com.au, wateranalytics.com.au, cleanandclearwater.com.au, eliteplumbinggroup.com","cleanandclearwater.com.au, filtap.com.au, filteredwatersolutions.com.au, wateranalytics.com.au, waterfilter.com.au, filpure.com.au, bespokewater.com.au","completehomefiltration.com.au, cleanandclearwater.com.au, filtap.com.au, filteredwatersolutions.com.au, wateranalytics.com.au, waterfilter.com.au, filtersystemsaustralia.com.au, valueh2o.com.au, thewateralchemists.com.au, filtecwater.com"
whole house filtration system,,21,,0.578859504132231,0.421140495867769,0.354545454545455,0.366197177940885,0.633802807974608,1.93,,1.93,0,,0,10.53,,10.53,5,8,,completehomefiltration.com.au,False,False,,"wateranalytics.com.au, filtersystemsaustralia.com.au","wateranalytics.com.au, waterfilter.com.au, filtersystemsaustralia.com.au, puremainswater.com.au",,"wateranalytics.com.au, filtersystemsaustralia.com.au",
best whole home water filter,,23,,0.410247055443838,0.589752944556162,0.203389830508475,0.276595738795835,0.723404239927569,,,,,,,,,,3,11,,puretec.com.au,False,False,,"filtersystemsaustralia.com.au, wateranalytics.com.au",,,,
external water filter,,50,,,,,,,0.8,,0.8,0,,0,2.8,,2.8,3,19,,buildmat.com.au,False,False,,"filtersystemsaustralia.com.au, cleanandclearwater.com.au, filteredwatersolutions.com.au",,,,
4 stage under sink water filter,,15,,,,,,,,,,,,,,,,13,0,,filteredwatersolutions.com.au,False,False,"shieldwaterfilter.com.au, inflowfilter.com, waterscoaustralia.com.au, google.com, filtersystemsaustralia.com.au","filtersystemsaustralia.com.au, shieldwaterfilter.com.au","filtersystemsaustralia.com.au, filteredwatersolutions.com.au, filpure.com.au, filtap.com.au","filteredwatersolutions.com.au, waterfilter.net.au, filtersystemsaustralia.com.au, filpure.com.au","filteredwatersolutions.com.au, waterfilter.com.au, filtersystemsaustralia.com.au",
refrigerator filters,,21,,0.481522033607682,0.518477966392318,0.268518518518519,0.488607594318218,0.511392404415959,1.19,,1.19,0,,0,143.59,,143.59,6,7,,stefani.com.au,False,False,,"discountfridgefilters.com.au, crystalpure.com.au",,,"waterfilterdistributors.com.au, discountfridgefilters.com.au, statewideapp.com.au, filtersystemsaustralia.com.au, lg.com","filtersystemsaustralia.com.au, discountfridgefilters.com.au, waterfilterdistributors.com.au"
whole house water filter replacement,,4,,0.778,0.222,0.433333333333333,,,1.07,,1.07,0,,0,0.0,,0.0,3,0,,woolworths.com.au,False,False,,,"filtersystemsaustralia.com.au, water-filter-sentry.com.au, donevansplumbers.com.au",,filtersystemsaustralia.com.au,
water filter solutions,,12,,,,,,,2.36,,2.36,0,,0,51.28,,51.28,21,15,,filteredwatersolutions.com.au,False,False,"google.com, inflowfilter.com, aquaserve.com.au, filtersystemsaustralia.com.au, cleanandclearwater.com.au, filteredwatersolutions.com.au, waterscoaustralia.com.au","filteredwatersolutions.com.au, filtersystemsaustralia.com.au, wateranalytics.com.au, waterscoaustralia.com.au","filteredwatersolutions.com.au, filpure.com.au, filtersystemsaustralia.com.au, minthomefiltration.com, lovable.app, cleanandclearwater.com.au","smartenergy.co, filteredwatersolutions.com.au, filtersystemsaustralia.com.au, desino.com.au","filteredwatersolutions.com.au, filtersystemsaustralia.com.au, membraneshop.com.au, smartenergy.co, purezafilters.com","filtersystemsaustralia.com.au, filteredwatersolutions.com.au, prwater.com.au, oxfordandnelson.com.au"
best home filtration system,,19,,,,,,,,,,,,,,,,16,4,,puretec.com.au,False,False,,,,,,"wateranalytics.com.au, waterfilter.com.au, urbanfuture.com.au, purewaterfiltration.com.au, cloudtap.com.au, completehomefiltration.com.au"
ro reverse osmosis,,,,,,,,,2.59,,2.59,0,,0,1.31,,1.31,9,1,,makwater.com.au,False,False,google.com,"waterdropfilter.com.au, filtersystemsaustralia.com.au, centurionaprs.com",filtersystemsaustralia.com.au,"alkaviva.com.au, filteredwatersolutions.com.au, filtersystemsaustralia.com.au, aquala.au, pureflowfiltration.com.au",filtersystemsaustralia.com.au,"filtersystemsaustralia.com.au, waterdropfilter.com.au, filteredwatersolutions.com.au, philips.com.au"
house water filter,,32,,,,,,,,,,,,,,,,8,21,,filtersystemsaustralia.com.au,False,False,aquastream.com.au,waterfilter.com.au,"wateranalytics.com.au, filtersystemsaustralia.com.au, purewaterfiltration.com.au","aquastream.com.au, filtersystemsaustralia.com.au, wateranalytics.com.au, fullhousefiltration.com.au",,"wateranalytics.com.au, filtersystemsaustralia.com.au"
best water filtration system for home,,,,,,,,,2.72,,2.72,0,,0,0.0,,0.0,10,14,,flipkart.com,False,False,"earthswater.com.au, philips.com.au","wateranalytics.com.au, cloudtap.com.au, puretec.com.au, purewaterfiltration.com.au","cleanandclearwater.com.au, wateranalytics.com.au, filtersystemsaustralia.com.au, aquala.au",,,
waterfilters,,,,,,,,,,,,,,,,,,4,,,,False,False,"filtersystemsaustralia.com.au, waterscoaustralia.com.au",filtersystemsaustralia.com.au,"waterfilter.net.au, filtersystemsaustralia.com.au, culligan.com.au",,,
water purifier system for home,,42,,,,,,,,,,,,,,,,4,11,,aquasafe.com.au,False,False,,"wateranalytics.com.au, filtersystemsaustralia.com.au, purewaterfiltration.com.au",,,,
ph calibration buffers,,9,,,,,,,2.58,,2.58,0,,0,0.0,,0.0,11,0,,kegland.com.au,False,False,"sigmaaldrich.com, thermofisher.com","thermofisher.com, sigmaaldrich.com, pacificsensortech.com.au, labfriend.com.au, amazon.com.au","filtersystemsaustralia.com.au, thermofisher.com, amazon.com.au, hach.com, instrumentchoice.com.au, hannainst.com.au, labfriend.com.au, sigmaaldrich.com","thermofisher.com, amazon.com.au, hach.com, instrumentchoice.com.au, sigmaaldrich.com","hach.com, instrumentchoice.com.au, thermofisher.com, hannainst.com.au, tps.com.au, sigmaaldrich.com, labfriend.com.au",sigmaaldrich.com
water filtration melbourne,,,,,,,,,4.03,,4.03,0,,0,0.0,,0.0,38,31,,freshwatersystems.com.au,False,False,"google.com, pureflowfiltration.com.au, realwater.au, cleanandclearwater.com.au, plumbersnorthmelbourne.com.au, wateranalytics.com.au, waterscoaustralia.com.au, zazenalkalinewater.com.au, alkalineworld.com.au","cleanandclearwater.com.au, wateranalytics.com.au, pureflowfiltration.com.au, purewaterfiltration.com.au, demandfiltration.com.au, demandfiltration.com, greatwaterfilters.com.au, filtap.com.au","wateranalytics.com.au, filteredwatersolutions.com.au, ahhac.com.au, cleanandclearwater.com.au, greatwaterfilters.com.au, inflowfilter.com, carefree.com.au, expertplumbing.com.au, filtap.com.au, valueh2o.com.au, purewaterfiltration.com.au, collisbrosplumbing.com.au, pureflowfiltration.com.au, vankor.com.au, minthomefiltration.com, tryselene.com.au, comparewaterfilters.com.au","cleanandclearwater.com.au, purewaterfiltration.com.au, filtap.com.au, expertplumbing.com.au, filtersystemsaustralia.com.au, pureflowfiltration.com.au, demandfiltration.com.au, atplumbingmelbourne.com.au","cleanandclearwater.com.au, filpure.com.au, filtap.com.au, wateranalytics.com.au, pureflowfiltration.com.au, waterfilter.com.au, asctanks.com.au, filteredwatersolutions.com.au, filtecwater.com, comparewaterfilters.com.au","cleanandclearwater.com.au, filtap.com.au, thewaterfiltrationcompany.com.au, filtersystemsaustralia.com.au, smarth2o.com.au, purezafilters.com, pureflowfiltration.com.au, springwellwater.com, filteredwatersolutions.com.au, wateranalytics.com.au, filtecwater.com, watershop.com.au"
carbon house water filter,,,,,,,,,,,,,,,,,,3,,,,False,False,"filtersystemsaustralia.com.au, thinkwater.com.au, psifilters.com.au",,,,,
whole house water purification systems reverse osmosis,,13,,,,,,,,,,,,,,,,5,2,,completehomefiltration.com.au,False,False,,,"filtersystemsaustralia.com.au, waterfilter.net.au, wateranalytics.com.au, waterdropfilter.com.au",,,
commercial ro system,,,,,,,,,,,,,,,,,,2,4,,waterfilter.com.au,False,False,filtersystemsaustralia.com.au,"filtersystemsaustralia.com.au, southlandfiltration.com.au",,filtersystemsaustralia.com.au,,
3 stage water filtration system,,18,,,,,,,,,,,,,,,,13,7,,cassbrothers.com.au,False,False,"aquaserve.com.au, shieldwaterfilter.com.au, google.com, aewaterfilters.com, waterdropfilter.eu, waterscoaustralia.com.au, alkalineworld.com.au","shieldwaterfilter.com.au, puretec.com.au","filtersystemsaustralia.com.au, wateranalytics.com.au, lovable.app","pure2o.com.au, filtersystemsaustralia.com.au",filtersystemsaustralia.com.au,"cleanandclearwater.com.au, filtersystemsaustralia.com.au"
whole of house water filter,,,,,,,,,1.73,,1.73,0,,0,0.0,,0.0,3,10,,freshwatersystems.com.au,False,False,"waterfilter.com.au, filtersystemsaustralia.com.au",,,,,
industrial water flow meter,,,,,,,,,,,,,,,,,,6,10,,tracwater.com.au,False,False,"metergroup.com, nexxis.com.au, ifm.com","angusflexiblepipelines.com.au, filtersystemsaustralia.com.au, flotech.com.au, ifm.com",,,,
under sink water filter,,16,,,,,,,,,,,,,,,,17,1,,purewatersystems.com.au,False,False,"puretec.com.au, philips.com.au, inflowfilter.com, google.com",puretec.com.au,"water2.com, filtersystemsaustralia.com.au, mywaterfilter.com.au, waterdropfilter.com.au, puretec.com.au, hiltonplumbing.com.au, micronwaterfilters.com.au, waterfilter.net.au","filtersystemsaustralia.com.au, cloudtap.com.au, waterfilter.com.au, puretec.com.au, bunnings.com.au, daveywater.com, water2.com, filteredwatersolutions.com.au, cleanandclearwater.com.au",filtersystemsaustralia.com.au,"filtersystemsaustralia.com.au, puretec.com.au, waterfilter.net.au"
water filter system melbourne,,33,,,,,,,,,,,,,,,,27,25,,aquasafe.com.au,False,False,"pureflowfiltration.com.au, google.com, wateranalytics.com.au, carawater.com.au, cleanandclearwater.com.au, waterscoaustralia.com.au, waterfilterguy.com.au, shieldwaterfilter.com.au, ecovera.au, realwater.au, plumbingbros.com.au, alkalineworld.com.au","cleanandclearwater.com.au, pureflowfiltration.com.au, comparewaterfilters.com.au, wateranalytics.com.au, filtap.com.au, greatwaterfilters.com.au","cleanandclearwater.com.au, pureflowfiltration.com.au, google.com, expertplumbing.com.au, purewaterfiltration.com.au, filtap.com.au, wateranalytics.com.au, minthomefiltration.com","waterfilter.com.au, purewaterfiltration.com.au, cleanandclearwater.com.au, expertplumbing.com.au, filtap.com.au, pureflowfiltration.com.au, wateranalytics.com.au, demandfiltration.com.au","waterfilter.com.au, filtap.com.au, cleanandclearwater.com.au, greatwaterfilters.com.au","cleanandclearwater.com.au, pureflowfiltration.com.au, filtap.com.au, filteredwatersolutions.com.au"
home water filtration system near me,,,,,,,,,,,,,,,,,,6,,,,False,False,"filtermate.com.au, filtersystemsaustralia.com.au, alkaviva.com.au","thinkwater.com.au, wateranalytics.com.au, purewaterfiltration.com.au, filtersystemsaustralia.com.au","thinkwater.com.au, wateranalytics.com.au",,,
whole house water purification systems,,,,0.345390625,0.654609375,0.229166666666667,0.243243239956172,0.756756746530314,,,,,,,,,,5,24,,freshwatersystems.com.au,False,False,"google.com, puremainswater.com.au","filtersystemsaustralia.com.au, wateranalytics.com.au",filtersystemsaustralia.com.au,filtersystemsaustralia.com.au,,
pfas water filters,,,,,,,,,,,,,,,,,,22,4,,homewater.com,False,False,"shieldwaterfilter.com.au, aquala.au, google.com, philips.com.au, tappwater.com.au, inflowfilter.com, water-filter-sentry.com.au, waterscoaustralia.com.au, filtersystemsaustralia.com.au, doulton.com","filtersystemsaustralia.com.au, aquacoolerdirect.com.au, tappwater.com.au, philips.com.au, waterscoaustralia.com.au, shieldwaterfilter.com.au","waterscoaustralia.com.au, kynandfolk.com, filtersystemsaustralia.com.au, waterdropfilter.com.au, cleanandclearwater.com.au, rorra.com, bespokewater.com.au, safemains.com.au, minthomefiltration.com, tappwater.com.au, philips.com.au, lovable.app","filtersystemsaustralia.com.au, kynandfolk.com, tappwater.com.au","waterscoaustralia.com.au, waterfilter.com.au, filtersystemsaustralia.com.au, blissfulhome.com.au, kynandfolk.com","filtersystemsaustralia.com.au, tappwater.com.au"
fluoride water filters australia,,,,,,,,,1.54,,1.54,0,,0,0.0,,0.0,29,12,,zipwater.com,False,False,"shieldwaterfilter.com.au, inflowfilter.com, waterscoaustralia.com.au, ecobud.com.au, kynandfolk.com, alkalineworld.com.au, aimexaustralia.com.au, purewatersystems.com.au, google.com, betterwaterbetteryou.com.au, zazenalkalinewater.com.au, wateranalytics.com.au, holyh2o.com.au","holyh2o.com.au, waterscoaustralia.com.au, alkalineworld.com.au, filtersystemsaustralia.com.au, ecobud.com.au, wateranalytics.com.au, water2.com, betterwaterbetteryou.com.au, inflowfilter.com, puretec.com.au, carawater.com.au","waterscoaustralia.com.au, filpure.com.au, ecobud.com.au, water2.com, holyh2o.com.au, kynandfolk.com, tappwater.com.au, filtersystemsaustralia.com.au, lovable.app, inflowfilter.com, betterwaterbetteryou.com.au","ecobud.com.au, waterscoaustralia.com.au, inflowfilter.com","alkaviva.com.au, waterscoaustralia.com.au, waterfilter.com.au, ecobud.com.au",water-filter-sentry.com.au
uv filtration,,,,,,,,,,,,,,,,,,5,0,,thefishworks.com.au,False,False,"filtersystemsaustralia.com.au, psifilters.com.au, puretec.com.au, wateranalytics.com.au",uvguard.com,,,,
household water filter system,,,,,,,,,,,,,,,,,,3,11,,healthyhabitats.com.au,False,False,filtersystemsaustralia.com.au,waterfilter.com.au,,,,
home water filtration systems for hard water,,,,,,,,,,,,,,,,,,3,,,,False,False,"wateranalytics.com.au, purewaterfiltration.com.au, filtersystemsaustralia.com.au",,,,,
hard water filter system,,27,,,,,,,,,,,,,,,,21,13,,filtersystemsaustralia.com.au,False,False,"wateranalytics.com.au, google.com, filtersforyou.com.au, inflowfilter.com, shieldwaterfilter.com.au, cleanandclearwater.com.au, filtersystemsaustralia.com.au","safemains.com.au, filtersystemsaustralia.com.au, activflo.com.au, pacificwater.com.au, shieldwaterfilter.com.au, wateranalytics.com.au, waterscoaustralia.com.au","safemains.com.au, filpure.com.au, bespokewater.com.au, cleanandclearwater.com.au, filtersystemsaustralia.com.au, wateranalytics.com.au, lovable.app, minthomefiltration.com","filtap.com.au, cleanandclearwater.com.au, filtersystemsaustralia.com.au","cleanandclearwater.com.au, filtap.com.au, waterfilter.com.au, filtersystemsaustralia.com.au, wateranalytics.com.au","filtersystemsaustralia.com.au, bespokewater.com.au, filtap.com.au, cleanandclearwater.com.au, wateranalytics.com.au"
melbourne water filter,,,,,,,,,3.75,,3.75,0,,0,1.93,,1.93,46,30,,raceglaze.com.au,False,False,"waterscoaustralia.com.au, inflowfilter.com, google.com, expertplumbing.com.au, purewaterfiltration.com.au, pureflowfiltration.com.au, cleanandclearwater.com.au, alkalineworld.com.au, zazenalkalinewater.com.au, shieldwaterfilter.com.au, water2.com, filteredwatersolutions.com.au","cleanandclearwater.com.au, waterscoaustralia.com.au, wellverti.com.au, zazenalkalinewater.com.au, filtermate.com.au, wateranalytics.com.au, alkaway.com.au, demandfiltration.com, goblutech.com, clearlyfiltered.com","expertplumbing.com.au, purewaterfiltration.com.au, filteredwatersolutions.com.au, cleanandclearwater.com.au, filtap.com.au, carefree.com.au, alkaway.com.au, fullhousefiltration.com.au, tryselene.com.au, filtersystemsaustralia.com.au, minthomefiltration.com","purewaterfiltration.com.au, cleanandclearwater.com.au, filteredwatersolutions.com.au, waterfilter.com.au, filtap.com.au, demandfiltration.com.au, rilian.com.au, desino.com.au, tappwater.com.au, waterscoaustralia.com.au, alkaway.com.au","cleanandclearwater.com.au, filtap.com.au, filteredwatersolutions.com.au, waterfilter.com.au, aquala.au, conwaysplumbingservices.com, greatwaterfilters.com.au, billi.com.au, alkaway.com.au, filtersystemsaustralia.com.au, blissfulhome.com.au, inflowfilter.com, kynandfolk.com, carawater.com.au, barewater.com.au, alkalineworld.com.au","hyperwellbeing.com.au, alkaway.com.au, cleanandclearwater.com.au, filtersystemsaustralia.com.au, purewater4life.com.au, ecobud.com.au, filteredwatersolutions.com.au, demandfiltration.com.au"
whole house water filter installation,,16,,0.673174603174603,0.326825396825397,0.666666666666667,,,1.69,,1.69,0,,0,0.0,,0.0,16,3,,filtersystemsaustralia.com.au,False,False,,,,"completehomefiltration.com.au, acplumbing.com.au, staticplumbing.com.au","completehomefiltration.com.au, wateranalytics.com.au, cleanandclearwater.com.au, filteredwatersolutions.com.au, aqualeau.com.au, gaperry.com.au, purewaterfiltration.com.au, neighbourhoodwaterfiltration.com.au","abaplumbing.com.au, levelau.com.au, wateranalytics.com.au, filtersystemsaustralia.com.au, greatwaterfilters.com.au, filteredwatersolutions.com.au, micronwaterfilters.com.au, westozwaterfilters.com.au"
water filter cartridge replacement​,,,,,,,,,,,,,,,,,,8,,,,False,False,"shieldwaterfilter.com.au, water-filter-sentry.com.au, waterscoaustralia.com.au, inflowfilter.com, google.com, filtersystemsaustralia.com.au, alkalineworld.com.au","filtersystemsaustralia.com.au, shieldwaterfilter.com.au",filtersystemsaustralia.com.au,filtersystemsaustralia.com.au,filtersystemsaustralia.com.au,filtersystemsaustralia.com.au
replacement filter for water,,,,,,,,,,,,,,,,,,1,,,,False,False,filtersystemsaustralia.com.au,,,,,
ro water filter for home,,,,,,,,,,,,,,,,,,4,26,,philips.com.au,False,False,aquala.au,filtersystemsaustralia.com.au,"filtersystemsaustralia.com.au, waterdropfilter.com.au, carawater.com.au",,,
pfas water filter australia​,,,,,,,,,,,,,,,,,,19,,,,False,False,"inflowfilter.com, waterscoaustralia.com.au",waterscoaustralia.com.au,"watershop.com.au, filtersystemsaustralia.com.au, tappwater.com.au, kynandfolk.com",goforzero.com.au,"waterfilter.com.au, alkaviva.com.au, blissfulhome.com.au, filteredwatersolutions.com.au",waterfilter.com.au
water filtration adelaide,,,,,,,,,1.3,,1.3,0,,0,0.0,,0.0,10,23,,incrediblypure.com.au,False,False,"ctfiltration.com.au, purewaterfiltration.com.au, abaplumbing.com.au, oleology.com.au, google.com, wateranalytics.com.au, puratap.com.au, aquatekplumbers.com.au, filtersystemsaustralia.com.au",wateranalytics.com.au,wateranalytics.com.au,,,
best reverse osmosis system,,,,0.538814123275403,0.461185876724597,0.215488215488215,0.180257510342795,0.819742487511282,1.66,,1.66,0,,0,0.0,,0.0,2,9,,flipkart.com,False,False,"waterdropfilter.com.au, filtersystemsaustralia.com.au",,,,,
house water filtration,,49,,,,,,,,,,,,,,,,7,28,,completehomefiltration.com.au,False,False,,,,,"completehomefiltration.com.au, wateranalytics.com.au","filtersystemsaustralia.com.au, wateranalytics.com.au, waterfilter.com.au, waterfilterdistributors.com.au, demandfiltration.com.au, homewaterfiltration.com.au"
water filter systems for home,,,,,,,,,2.46,,2.46,0,,0,11.27,,11.27,6,15,,healthyhabitats.com.au,False,False,"cleanandclearwater.com.au, filtersystemsaustralia.com.au, wateranalytics.com.au, micronwaterfilters.com.au, cloudtap.com.au",,,,completehomefiltration.com.au,
home water filters central coast,,,,,,,,,,,,,,,,,,26,,,,False,False,"google.com, wateranalytics.com.au, waterscoaustralia.com.au, jrgasandwater.com.au, aewaterfilters.com","wateranalytics.com.au, filtersystemsaustralia.com.au, greatwaterfilters.com.au, purewatersystems.com.au, cleanandclearwater.com.au, waterscoaustralia.com.au, mrsplashplumbing.com.au, google.com","filtap.com.au, cleanandclearwater.com.au, wateranalytics.com.au, filpure.com.au, filtersystemsaustralia.com.au, purestwaterfiltration.com.au, networkplumbing.com.au, novoh2o.com.au, waterscoaustralia.com.au, collisbrosplumbing.com.au, greatwaterfilters.com.au, minthomefiltration.com, filteredwatersolutions.com.au","wateranalytics.com.au, purestwaterfiltration.com.au, cleanandclearwater.com.au, filpure.com.au, google.com, filtap.com.au, filteredwatersolutions.com.au","filtap.com.au, wateranalytics.com.au, filtersystemsaustralia.com.au, cleanandclearwater.com.au, purestwaterfiltration.com.au, filteredwatersolutions.com.au, waterfilter.com.au, filpure.com.au","cleanandclearwater.com.au, purestwaterfiltration.com.au, filtap.com.au, filteredwatersolutions.com.au, drinkrippl.com, pureflowfiltration.com.au, wateranalytics.com.au, filtersystemsaustralia.com.au, waterfilter.com.au"
